UniqueCID,OriginalCID,CellType,SpotID,row,col
UCID000,496-E4-8_g_S22,Visceral muscle,X150,281.04,51.25
UCID001,960-E4-8_g_S22,Visceral muscle,X148,201.04000000000002,51.25
UCID002,1774-E4-8_g_S22,Visceral muscle,X191,81.04000000000002,131.25
UCID003,1209-E4-8_g_S22,Visceral muscle,X151,321.04,51.25
UCID004,1127-E4-8_g_S22,Visceral muscle,X169,81.04000000000002,91.25
UCID005,275-E4-8_g_S22,Visceral muscle,X89,-158.95999999999998,-28.75
UCID006,651-E4-8_g_S22,Visceral muscle,X16,401.04,-188.75
UCID007,478-E4-8_g_S22,Visceral muscle,X199,401.04,131.25
UCID008,898-E4-8_g_S22,Visceral muscle,X149,241.04000000000002,51.25
UCID009,2125-E4-8_g_S22,Visceral muscle,X168,41.04000000000002,91.25
UCID010,852-E4-8_g_S22,Visceral muscle,X2,-238.95999999999998,-188.75
UCID011,869-E4-8_g_S22,Visceral muscle,X169,81.04000000000002,91.25
UCID012,1051-E4-8_g_S22,Visceral muscle,X210,81.04000000000002,171.25
UCID013,786-E4-8_g_S22,Visceral muscle,X110,-318.96,11.25
UCID014,1170-E4-8_g_S22,Visceral muscle,X46,-238.95999999999998,-108.75
UCID015,581-E4-8_g_S22,Visceral muscle,X90,-118.95999999999998,-28.75
UCID016,350-E4-8_g_S22,Visceral muscle,X37,361.04,-148.75
UCID017,892-E4-8_g_S22,Visceral muscle,X137,-238.95999999999998,51.25
UCID018,216-E4-8_g_S22,Visceral muscle,X58,401.04,-108.75
UCID019,794-E4-8_g_S22,Visceral muscle,X45,-278.96,-108.75
UCID020,843-E4-8_g_S22,Visceral muscle,X40,481.04,-148.75
UCID021,1017-E4-8_g_S22,Visceral muscle,X127,361.04,11.25
UCID022,1918-E4-8_g_S22,Visceral muscle,X83,-398.96,-28.75
UCID023,1161-E4-8_g_S22,Visceral muscle,X169,81.04000000000002,91.25
UCID024,1-E4-8_g_S22,Visceral muscle,X209,41.04000000000002,171.25
UCID025,1086-E4-8_g_S22,Visceral muscle,X170,121.04000000000002,91.25
UCID026,1901-E4-8_g_S22,Visceral muscle,X97,161.04000000000002,-28.75
UCID027,669-E4-8_g_S22,Visceral muscle,X175,321.04,91.25
UCID028,1105-E4-8_g_S22,Visceral muscle,X189,1.0400000000000205,131.25
UCID029,630-E4-8_g_S22,Visceral muscle,X166,-38.95999999999998,91.25
UCID030,983-E4-8_g_S22,Visceral muscle,X172,201.04000000000002,91.25
UCID031,452-E4-8_g_S22,Visceral muscle,X194,201.04000000000002,131.25
UCID032,723-E4-8_g_S22,Visceral muscle,X188,-38.95999999999998,131.25
UCID033,1601-E4-8_g_S22,Visceral muscle,X186,-118.95999999999998,131.25
UCID034,205-E4-8_g_S22,Visceral muscle,X158,-358.96,91.25
UCID035,1094-E4-8_g_S22,Visceral muscle,X47,-198.95999999999998,-108.75
UCID036,1850-E4-8_g_S22,Visceral muscle,X58,401.04,-108.75
UCID037,937-E4-8_g_S22,Visceral muscle,X191,81.04000000000002,131.25
UCID038,163-E4-8_g_S22,Visceral muscle,X56,321.04,-108.75
UCID039,1828-E4-8_g_S22,Visceral muscle,X69,-158.95999999999998,-68.75
UCID040,597-E4-8_g_S22,Visceral muscle,X68,-198.95999999999998,-68.75
UCID041,827-E4-8_g_S22,Visceral muscle,X110,-318.96,11.25
UCID042,1145-E4-8_g_S22,Trachea,X7,1.0400000000000205,-188.75
UCID043,13-E4-8_g_S22,Trachea,X105,481.04,-28.75
UCID044,675-E4-8_g_S22,Trachea,X173,241.04000000000002,91.25
UCID045,104-E4-8_g_S22,Trachea,X76,321.04,-68.75
UCID046,1353-E4-8_g_S22,Trachea,X9,81.04000000000002,-188.75
UCID047,372-E4-8_g_S22,Trachea,X176,361.04,91.25
UCID048,538-E4-8_g_S22,Trachea,X172,201.04000000000002,91.25
UCID049,708-E4-8_g_S22,Trachea,X203,-198.95999999999998,171.25
UCID050,107-E4-8_g_S22,Trachea,X152,361.04,51.25
UCID051,230-E4-8_g_S22,Trachea,X129,441.04,11.25
UCID052,2153-E4-8_g_S22,Trachea,X111,-278.96,11.25
UCID053,969-E4-8_g_S22,Trachea,X90,-118.95999999999998,-28.75
UCID054,2205-E4-8_g_S22,Trachea,X136,-278.96,51.25
UCID055,2182-E4-8_g_S22,Trachea,X178,441.04,91.25
UCID056,396-E4-8_g_S22,Trachea,X128,401.04,11.25
UCID057,180-E4-8_g_S22,Trachea,X17,441.04,-188.75
UCID058,10-E4-8_g_S22,Trachea,X61,-478.96,-68.75
UCID059,348-E4-8_g_S22,Trachea,X57,361.04,-108.75
UCID060,709-E4-8_g_S22,Trachea,X173,241.04000000000002,91.25
UCID061,883-E4-8_g_S22,Trachea,X2,-238.95999999999998,-188.75
UCID062,32-E4-8_g_S22,Trachea,X80,481.04,-68.75
UCID063,81-E4-8_g_S22,Trachea,X177,401.04,91.25
UCID064,833-E4-8_g_S22,Trachea,X5,-78.95999999999998,-188.75
UCID065,2388-E4-8_g_S22,Trachea,X84,-358.96,-28.75
UCID066,1955-E4-8_g_S22,Trachea,X90,-118.95999999999998,-28.75
UCID067,39-E4-8_g_S22,Trachea,X170,121.04000000000002,91.25
UCID068,213-E4-8_g_S22,Trachea,X199,401.04,131.25
UCID069,1995-E4-8_g_S22,Trachea,X112,-238.95999999999998,11.25
UCID070,1025-E4-8_g_S22,Trachea,X211,121.04000000000002,171.25
UCID071,545-E4-8_g_S22,Trachea,X38,401.04,-148.75
UCID072,359-E4-8_g_S22,Trachea,X212,161.04000000000002,171.25
UCID073,1215-E4-8_g_S22,Trachea,X132,-438.96,51.25
UCID074,955-E4-8_g_S22,Trachea,X171,161.04000000000002,91.25
UCID075,83-E4-8_g_S22,Trachea,X59,441.04,-108.75
UCID076,193-E4-8_g_S22,Trachea,X127,361.04,11.25
UCID077,173-E4-8_g_S22,Trachea,X39,441.04,-148.75
UCID078,787-E4-8_g_S22,Trachea,X36,321.04,-148.75
UCID079,2176-E4-8_g_S22,Trachea,X171,161.04000000000002,91.25
UCID080,985-E4-8_g_S22,Trachea,X114,-158.95999999999998,11.25
UCID081,309-E4-8_g_S22,Trachea,X105,481.04,-28.75
UCID082,1722-E4-8_g_S22,Epidermis,X83,-398.96,-28.75
UCID083,2401-E4-8_g_S22,Epidermis,X179,-398.96,131.25
UCID084,89-E4-8_g_S22,Epidermis,X177,401.04,91.25
UCID085,1275-E4-8_g_S22,Epidermis,X71,-78.95999999999998,-68.75
UCID086,594-E4-8_g_S22,Epidermis,X214,241.04000000000002,171.25
UCID087,2175-E4-8_g_S22,Epidermis,X135,-318.96,51.25
UCID088,2311-E4-8_g_S22,Epidermis,X64,-358.96,-68.75
UCID089,1085-E4-8_g_S22,Epidermis,X107,-438.96,11.25
UCID090,1118-E4-8_g_S22,Epidermis,X195,241.04000000000002,131.25
UCID091,1928-E4-8_g_S22,Epidermis,X8,41.04000000000002,-188.75
UCID092,345-E4-8_g_S22,Epidermis,X216,321.04,171.25
UCID093,987-E4-8_g_S22,Epidermis,X211,121.04000000000002,171.25
UCID094,1510-E4-8_g_S22,Epidermis,X3,-198.95999999999998,-188.75
UCID095,2437-E4-8_g_S22,Epidermis,X170,121.04000000000002,91.25
UCID096,2070-E4-8_g_S22,Epidermis,X211,121.04000000000002,171.25
UCID097,2273-E4-8_g_S22,Epidermis,X110,-318.96,11.25
UCID098,1953-E4-8_g_S22,Epidermis,X4,-158.95999999999998,-188.75
UCID099,2152-E4-8_g_S22,Epidermis,X111,-278.96,11.25
UCID100,996-E4-8_g_S22,Epidermis,X195,241.04000000000002,131.25
UCID101,174-E4-8_g_S22,Epidermis,X38,401.04,-148.75
UCID102,1207-E4-8_g_S22,Epidermis,X39,441.04,-148.75
UCID103,1920-E4-8_g_S22,Epidermis,X202,-238.95999999999998,171.25
UCID104,1360-E4-8_g_S22,Epidermis,X59,441.04,-108.75
UCID105,203-E4-8_g_S22,Epidermis,X37,361.04,-148.75
UCID106,2278-E4-8_g_S22,Epidermis,X180,-358.96,131.25
UCID107,313-E4-8_g_S22,Epidermis,X197,321.04,131.25
UCID108,1379-E4-8_g_S22,Epidermis,X153,401.04,51.25
UCID109,2379-E4-8_g_S22,Epidermis,X187,-78.95999999999998,131.25
UCID110,1057-E4-8_g_S22,Epidermis,X210,81.04000000000002,171.25
UCID111,989-E4-8_g_S22,Epidermis,X130,481.04,11.25
UCID112,1304-E4-8_g_S22,Epidermis,X201,-278.96,171.25
UCID113,2132-E4-8_g_S22,Epidermis,X13,241.04000000000002,-188.75
UCID114,79-E4-8_g_S22,Epidermis,X79,441.04,-68.75
UCID115,1253-E4-8_g_S22,Epidermis,X200,-318.96,171.25
UCID116,110-E4-8_g_S22,Epidermis,X1,-278.96,-188.75
UCID117,785-E4-8_g_S22,Epidermis,X69,-158.95999999999998,-68.75
UCID118,2071-E4-8_g_S22,Epidermis,X81,-478.96,-28.75
UCID119,2396-E4-8_g_S22,Epidermis,X194,201.04000000000002,131.25
UCID120,1825-E4-8_g_S22,Epidermis,X57,361.04,-108.75
UCID121,1729-E4-8_g_S22,Epidermis,X25,-118.95999999999998,-148.75
UCID122,1708-E4-8_g_S22,Epidermis,X204,-158.95999999999998,171.25
UCID123,2463-E4-8_g_S22,Epidermis,X108,-398.96,11.25
UCID124,1890-E4-8_g_S22,Epidermis,X202,-238.95999999999998,171.25
UCID125,332-E4-8_g_S22,Epidermis,X194,201.04000000000002,131.25
UCID126,331-E4-8_g_S22,Epidermis,X120,81.04000000000002,11.25
UCID127,1344-E4-8_g_S22,Epidermis,X154,441.04,51.25
UCID128,544-E4-8_g_S22,Epidermis,X149,241.04000000000002,51.25
UCID129,37-E4-8_g_S22,Epidermis,X104,441.04,-28.75
UCID130,2257-E4-8_g_S22,Epidermis,X210,81.04000000000002,171.25
UCID131,420-E4-8_g_S22,Epidermis,X196,281.04,131.25
UCID132,1497-E4-8_g_S22,Epidermis,X216,321.04,171.25
UCID133,2499-E4-8_g_S22,Epidermis,X107,-438.96,11.25
UCID134,566-E4-8_g_S22,Epidermis,X165,-78.95999999999998,91.25
UCID135,1088-E4-8_g_S22,Epidermis,X198,361.04,131.25
UCID136,1366-E4-8_g_S22,Epidermis,X207,-38.95999999999998,171.25
UCID137,911-E4-8_g_S22,Epidermis,X78,401.04,-68.75
UCID138,2390-E4-8_g_S22,Epidermis,X84,-358.96,-28.75
UCID139,1706-E4-8_g_S22,Epidermis,X136,-278.96,51.25
UCID140,938-E4-8_g_S22,Epidermis,X136,-278.96,51.25
UCID141,1242-E4-8_g_S22,Epidermis,X214,241.04000000000002,171.25
UCID142,662-E4-8_g_S22,Epidermis,X205,-118.95999999999998,171.25
UCID143,1914-E4-8_g_S22,Epidermis,X24,-158.95999999999998,-148.75
UCID144,2404-E4-8_g_S22,Epidermis,X84,-358.96,-28.75
UCID145,1801-E4-8_g_S22,Epidermis,X12,201.04000000000002,-188.75
UCID146,2124-E4-8_g_S22,Epidermis,X67,-238.95999999999998,-68.75
UCID147,12-E4-8_g_S22,Epidermis,X130,481.04,11.25
UCID148,1010-E4-8_g_S22,Epidermis,X158,-358.96,91.25
UCID149,2284-E4-8_g_S22,Epidermis,X171,161.04000000000002,91.25
UCID150,2349-E4-8_g_S22,Epidermis,X109,-358.96,11.25
UCID151,2166-E4-8_g_S22,Epidermis,X86,-278.96,-28.75
UCID152,1363-E4-8_g_S22,Epidermis,X1,-278.96,-188.75
UCID153,2333-E4-8_g_S22,Epidermis,X100,281.04,-28.75
UCID154,237-E4-8_g_S22,Epidermis,X198,361.04,131.25
UCID155,1378-E4-8_g_S22,Epidermis,X215,281.04,171.25
UCID156,2473-E4-8_g_S22,Epidermis,X84,-358.96,-28.75
UCID157,1647-E4-8_g_S22,Epidermis,X26,-78.95999999999998,-148.75
UCID158,449-E4-8_g_S22,Epidermis,X15,361.04,-188.75
UCID159,1147-E4-8_g_S22,Epidermis,X215,281.04,171.25
UCID160,133-E4-8_g_S22,Epidermis,X103,401.04,-28.75
UCID161,1278-E4-8_g_S22,Epidermis,X149,241.04000000000002,51.25
UCID162,974-E4-8_g_S22,Epidermis,X177,401.04,91.25
UCID163,1677-E4-8_g_S22,Epidermis,X168,41.04000000000002,91.25
UCID164,1523-E4-8_g_S22,Epidermis,X186,-118.95999999999998,131.25
UCID165,2407-E4-8_g_S22,Epidermis,X109,-358.96,11.25
UCID166,1345-E4-8_g_S22,Epidermis,X213,201.04000000000002,171.25
UCID167,1106-E4-8_g_S22,Epidermis,X143,1.0400000000000205,51.25
UCID168,1289-E4-8_g_S22,Epidermis,X38,401.04,-148.75
UCID169,945-E4-8_g_S22,Epidermis,X15,361.04,-188.75
UCID170,2504-E4-8_g_S22,Epidermis,X132,-438.96,51.25
UCID171,913-E4-8_g_S22,Epidermis,X58,401.04,-108.75
UCID172,3-E4-8_g_S22,Epidermis,X155,481.04,51.25
UCID173,1474-E4-8_g_S22,Epidermis,X197,321.04,131.25
UCID174,2406-E4-8_g_S22,Epidermis,X84,-358.96,-28.75
UCID175,1851-E4-8_g_S22,Epidermis,X24,-158.95999999999998,-148.75
UCID176,1803-E4-8_g_S22,Epidermis,X25,-118.95999999999998,-148.75
UCID177,855-E4-8_g_S22,Epidermis,X67,-238.95999999999998,-68.75
UCID178,1241-E4-8_g_S22,Epidermis,X32,161.04000000000002,-148.75
UCID179,1757-E4-8_g_S22,Epidermis,X183,-238.95999999999998,131.25
UCID180,78-E4-8_g_S22,Epidermis,X80,481.04,-68.75
UCID181,562-E4-8_g_S22,Epidermis,X193,161.04000000000002,131.25
UCID182,1871-E4-8_g_S22,Epidermis,X213,201.04000000000002,171.25
UCID183,355-E4-8_g_S22,Epidermis,X201,-278.96,171.25
UCID184,1514-E4-8_g_S22,Epidermis,X196,281.04,131.25
UCID185,1718-E4-8_g_S22,Epidermis,X59,441.04,-108.75
UCID186,368-E4-8_g_S22,Epidermis,X154,441.04,51.25
UCID187,183-E4-8_g_S22,Epidermis,X58,401.04,-108.75
UCID188,1516-E4-8_g_S22,Epidermis,X187,-78.95999999999998,131.25
UCID189,618-E4-8_g_S22,Epidermis,X96,121.04000000000002,-28.75
UCID190,86-E4-8_g_S22,Epidermis,X104,441.04,-28.75
UCID191,1943-E4-8_g_S22,Epidermis,X111,-278.96,11.25
UCID192,161-E4-8_g_S22,Epidermis,X198,361.04,131.25
UCID193,169-E4-8_g_S22,Epidermis,X78,401.04,-68.75
UCID194,46-E4-8_g_S22,Epidermis,X44,-318.96,-108.75
UCID195,1236-E4-8_g_S22,Epidermis,X213,201.04000000000002,171.25
UCID196,38-E4-8_g_S22,Epidermis,X148,201.04000000000002,51.25
UCID197,700-E4-8_g_S22,Epidermis,X196,281.04,131.25
UCID198,604-E4-8_g_S22,Epidermis,X47,-198.95999999999998,-108.75
UCID199,2378-E4-8_g_S22,Epidermis,X24,-158.95999999999998,-148.75
UCID200,204-E4-8_g_S22,Epidermis,X78,401.04,-68.75
UCID201,2265-E4-8_g_S22,Epidermis,X110,-318.96,11.25
UCID202,376-E4-8_g_S22,Epidermis,X216,321.04,171.25
UCID203,2440-E4-8_g_S22,Epidermis,X133,-398.96,51.25
UCID204,745-E4-8_g_S22,Epidermis,X85,-318.96,-28.75
UCID205,160-E4-8_g_S22,Epidermis,X29,41.04000000000002,-148.75
UCID206,323-E4-8_g_S22,Epidermis,X36,321.04,-148.75
UCID207,302-E4-8_g_S22,Epidermis,X197,321.04,131.25
UCID208,2186-E4-8_g_S22,Epidermis,X56,321.04,-108.75
UCID209,1401-E4-8_g_S22,Epidermis,X176,361.04,91.25
UCID210,2420-E4-8_g_S22,Epidermis,X127,361.04,11.25
UCID211,1907-E4-8_g_S22,Epidermis,X202,-238.95999999999998,171.25
UCID212,685-E4-8_g_S22,Epidermis,X173,241.04000000000002,91.25
UCID213,2425-E4-8_g_S22,Epidermis,X128,401.04,11.25
UCID214,753-E4-8_g_S22,Epidermis,X172,201.04000000000002,91.25
UCID215,1238-E4-8_g_S22,Epidermis,X159,-318.96,91.25
UCID216,838-E4-8_g_S22,Epidermis,X131,-478.96,51.25
UCID217,1316-E4-8_g_S22,Epidermis,X169,81.04000000000002,91.25
UCID218,1258-E4-8_g_S22,Epidermis,X143,1.0400000000000205,51.25
UCID219,217-E4-8_g_S22,Epidermis,X198,361.04,131.25
UCID220,64-E4-8_g_S22,Epidermis,X129,441.04,11.25
UCID221,804-E4-8_g_S22,Epidermis,X3,-198.95999999999998,-188.75
UCID222,1026-E4-8_g_S22,Epidermis,X183,-238.95999999999998,131.25
UCID223,907-E4-8_g_S22,Epidermis,X206,-78.95999999999998,171.25
UCID224,1123-E4-8_g_S22,Epidermis,X83,-398.96,-28.75
UCID225,388-E4-8_g_S22,Epidermis,X5,-78.95999999999998,-188.75
UCID226,625-E4-8_g_S22,Epidermis,X195,241.04000000000002,131.25
UCID227,2477-E4-8_g_S22,Epidermis,X132,-438.96,51.25
UCID228,614-E4-8_g_S22,Epidermis,X214,241.04000000000002,171.25
UCID229,1362-E4-8_g_S22,Epidermis,X21,-278.96,-148.75
UCID230,467-E4-8_g_S22,Epidermis,X215,281.04,171.25
UCID231,1791-E4-8_g_S22,Epidermis,X25,-118.95999999999998,-148.75
UCID232,1185-E4-8_g_S22,Epidermis,X190,41.04000000000002,131.25
UCID233,57-E4-8_g_S22,Epidermis,X22,-238.95999999999998,-148.75
UCID234,540-E4-8_g_S22,Epidermis,X212,161.04000000000002,171.25
UCID235,56-E4-8_g_S22,Epidermis,X178,441.04,91.25
UCID236,1061-E4-8_g_S22,Epidermis,X201,-278.96,171.25
UCID237,261-E4-8_g_S22,Epidermis,X55,281.04,-108.75
UCID238,95-E4-8_g_S22,Epidermis,X58,401.04,-108.75
UCID239,306-E4-8_g_S22,Epidermis,X11,161.04000000000002,-188.75
UCID240,1222-E4-8_g_S22,Epidermis,X209,41.04000000000002,171.25
UCID241,1354-E4-8_g_S22,Epidermis,X207,-38.95999999999998,171.25
UCID242,2319-E4-8_g_S22,Epidermis,X41,-438.96,-108.75
UCID243,1501-E4-8_g_S22,Epidermis,X206,-78.95999999999998,171.25
UCID244,532-E4-8_g_S22,Epidermis,X76,321.04,-68.75
UCID245,1858-E4-8_g_S22,Epidermis,X91,-78.95999999999998,-28.75
UCID246,1370-E4-8_g_S22,Epidermis,X156,-438.96,91.25
UCID247,1229-E4-8_g_S22,Epidermis,X208,1.0400000000000205,171.25
UCID248,537-E4-8_g_S22,Epidermis,X214,241.04000000000002,171.25
UCID249,1389-E4-8_g_S22,Epidermis,X204,-158.95999999999998,171.25
UCID250,2456-E4-8_g_S22,Epidermis,X149,241.04000000000002,51.25
UCID251,1060-E4-8_g_S22,Epidermis,X24,-158.95999999999998,-148.75
UCID252,1703-E4-8_g_S22,Epidermis,X204,-158.95999999999998,171.25
UCID253,2052-E4-8_g_S22,Epidermis,X112,-238.95999999999998,11.25
UCID254,1888-E4-8_g_S22,Epidermis,X184,-198.95999999999998,131.25
UCID255,147-E4-8_g_S22,Epidermis,X63,-398.96,-68.75
UCID256,770-E4-8_g_S22,Epidermis,X161,-238.95999999999998,91.25
UCID257,231-E4-8_g_S22,Epidermis,X195,241.04000000000002,131.25
UCID258,487-E4-8_g_S22,Epidermis,X201,-278.96,171.25
UCID259,124-E4-8_g_S22,Epidermis,X142,-38.95999999999998,51.25
UCID260,784-E4-8_g_S22,Epidermis,X211,121.04000000000002,171.25
UCID261,2350-E4-8_g_S22,Epidermis,X109,-358.96,11.25
UCID262,165-E4-8_g_S22,Epidermis,X78,401.04,-68.75
UCID263,802-E4-8_g_S22,Epidermis,X213,201.04000000000002,171.25
UCID264,1830-E4-8_g_S22,Epidermis,X1,-278.96,-188.75
UCID265,2092-E4-8_g_S22,Epidermis,X194,201.04000000000002,131.25
UCID266,1120-E4-8_g_S22,Epidermis,X210,81.04000000000002,171.25
UCID267,1663-E4-8_g_S22,Epidermis,X136,-278.96,51.25
UCID268,1936-E4-8_g_S22,Epidermis,X147,161.04000000000002,51.25
UCID269,2338-E4-8_g_S22,Epidermis,X109,-358.96,11.25
UCID270,24-E4-8_g_S22,Epidermis,X79,441.04,-68.75
UCID271,2344-E4-8_g_S22,Epidermis,X109,-358.96,11.25
UCID272,97-E4-8_g_S22,Epidermis,X213,201.04000000000002,171.25
UCID273,517-E4-8_g_S22,Epidermis,X134,-358.96,51.25
UCID274,2516-E4-8_g_S22,Epidermis,X107,-438.96,11.25
UCID275,2466-E4-8_g_S22,Epidermis,X108,-398.96,11.25
UCID276,2421-E4-8_g_S22,Epidermis,X160,-278.96,91.25
UCID277,2479-E4-8_g_S22,Epidermis,X108,-398.96,11.25
UCID278,2213-E4-8_g_S22,Epidermis,X175,321.04,91.25
UCID279,1002-E4-8_g_S22,Epidermis,X210,81.04000000000002,171.25
UCID280,2298-E4-8_g_S22,Epidermis,X44,-318.96,-108.75
UCID281,2283-E4-8_g_S22,Epidermis,X209,41.04000000000002,171.25
UCID282,188-E4-8_g_S22,Epidermis,X39,441.04,-148.75
UCID283,2322-E4-8_g_S22,Epidermis,X125,281.04,11.25
UCID284,2484-E4-8_g_S22,Epidermis,X107,-438.96,11.25
UCID285,402-E4-8_g_S22,Epidermis,X197,321.04,131.25
UCID286,1308-E4-8_g_S22,Epidermis,X60,481.04,-108.75
UCID287,244-E4-8_g_S22,Foregut,X48,-158.95999999999998,-108.75
UCID288,2005-E4-8_g_S22,Foregut,X6,-38.95999999999998,-188.75
UCID289,620-E4-8_g_S22,Foregut,X75,281.04,-68.75
UCID290,572-E4-8_g_S22,Foregut,X128,401.04,11.25
UCID291,1574-E4-8_g_S22,Foregut,X124,241.04000000000002,11.25
UCID292,1554-E4-8_g_S22,Foregut,X45,-278.96,-108.75
UCID293,73-E4-8_g_S22,Foregut,X177,401.04,91.25
UCID294,587-E4-8_g_S22,Foregut,X48,-158.95999999999998,-108.75
UCID295,1836-E4-8_g_S22,Foregut,X48,-158.95999999999998,-108.75
UCID296,632-E4-8_g_S22,Foregut,X100,281.04,-28.75
UCID297,570-E4-8_g_S22,Foregut,X26,-78.95999999999998,-148.75
UCID298,2450-E4-8_g_S22,Foregut,X81,-478.96,-28.75
UCID299,412-E4-8_g_S22,Foregut,X35,281.04,-148.75
UCID300,477-E4-8_g_S22,Foregut,X151,321.04,51.25
UCID301,2395-E4-8_g_S22,Foregut,X215,281.04,171.25
UCID302,1726-E4-8_g_S22,Foregut,X204,-158.95999999999998,171.25
UCID303,341-E4-8_g_S22,Foregut,X122,161.04000000000002,11.25
UCID304,593-E4-8_g_S22,Foregut,X123,201.04000000000002,11.25
UCID305,737-E4-8_g_S22,Foregut,X128,401.04,11.25
UCID306,508-E4-8_g_S22,Foregut,X47,-198.95999999999998,-108.75
UCID307,556-E4-8_g_S22,Foregut,X56,321.04,-108.75
UCID308,220-E4-8_g_S22,Foregut,X211,121.04000000000002,171.25
UCID309,617-E4-8_g_S22,Foregut,X129,441.04,11.25
UCID310,1680-E4-8_g_S22,Foregut,X185,-158.95999999999998,131.25
UCID311,2082-E4-8_g_S22,Stomatogastric nervous system,X198,361.04,131.25
UCID312,2237-E4-8_g_S22,Stomatogastric nervous system,X36,321.04,-148.75
UCID313,2198-E4-8_g_S22,Stomatogastric nervous system,X22,-238.95999999999998,-148.75
UCID314,2483-E4-8_g_S22,Stomatogastric nervous system,X156,-438.96,91.25
UCID315,2028-E4-8_g_S22,Stomatogastric nervous system,X157,-398.96,91.25
UCID316,1375-E4-8_g_S22,Stomatogastric nervous system,X207,-38.95999999999998,171.25
UCID317,648-E4-8_g_S22,Stomatogastric nervous system,X214,241.04000000000002,171.25
UCID318,1468-E4-8_g_S22,Stomatogastric nervous system,X206,-78.95999999999998,171.25
UCID319,1827-E4-8_g_S22,Stomatogastric nervous system,X184,-198.95999999999998,131.25
UCID320,1957-E4-8_g_S22,Stomatogastric nervous system,X47,-198.95999999999998,-108.75
UCID321,2362-E4-8_g_S22,Stomatogastric nervous system,X20,-318.96,-148.75
UCID322,2009-E4-8_g_S22,Stomatogastric nervous system,X3,-198.95999999999998,-188.75
UCID323,2050-E4-8_g_S22,Stomatogastric nervous system,X45,-278.96,-108.75
UCID324,2074-E4-8_g_S22,Stomatogastric nervous system,X37,361.04,-148.75
UCID325,2042-E4-8_g_S22,Stomatogastric nervous system,X23,-198.95999999999998,-148.75
UCID326,1970-E4-8_g_S22,Stomatogastric nervous system,X68,-198.95999999999998,-68.75
UCID327,2230-E4-8_g_S22,Stomatogastric nervous system,X149,241.04000000000002,51.25
UCID328,2190-E4-8_g_S22,Stomatogastric nervous system,X104,441.04,-28.75
UCID329,1082-E4-8_g_S22,Stomatogastric nervous system,X54,241.04000000000002,-108.75
UCID330,1846-E4-8_g_S22,Stomatogastric nervous system,X97,161.04000000000002,-28.75
UCID331,1645-E4-8_g_S22,Stomatogastric nervous system,X5,-78.95999999999998,-188.75
UCID332,2138-E4-8_g_S22,Stomatogastric nervous system,X39,441.04,-148.75
UCID333,2061-E4-8_g_S22,Stomatogastric nervous system,X198,361.04,131.25
UCID334,2098-E4-8_g_S22,Stomatogastric nervous system,X79,441.04,-68.75
UCID335,2086-E4-8_g_S22,Stomatogastric nervous system,X22,-238.95999999999998,-148.75
UCID336,2029-E4-8_g_S22,Stomatogastric nervous system,X23,-198.95999999999998,-148.75
UCID337,2305-E4-8_g_S22,Stomatogastric nervous system,X180,-358.96,131.25
UCID338,2060-E4-8_g_S22,Stomatogastric nervous system,X192,121.04000000000002,131.25
UCID339,2053-E4-8_g_S22,Stomatogastric nervous system,X190,41.04000000000002,131.25
UCID340,798-E4-8_g_S22,Stomatogastric nervous system,X28,1.0400000000000205,-148.75
UCID341,1912-E4-8_g_S22,Stomatogastric nervous system,X68,-198.95999999999998,-68.75
UCID342,36-E4-8_g_S22,Stomatogastric nervous system,X177,401.04,91.25
UCID343,2003-E4-8_g_S22,Stomatogastric nervous system,X23,-198.95999999999998,-148.75
UCID344,591-E4-8_g_S22,Stomatogastric nervous system,X54,241.04000000000002,-108.75
UCID345,1993-E4-8_g_S22,Stomatogastric nervous system,X64,-358.96,-68.75
UCID346,1448-E4-8_g_S22,Stomatogastric nervous system,X206,-78.95999999999998,171.25
UCID347,2111-E4-8_g_S22,Stomatogastric nervous system,X46,-238.95999999999998,-108.75
UCID348,2188-E4-8_g_S22,Stomatogastric nervous system,X154,441.04,51.25
UCID349,2185-E4-8_g_S22,Stomatogastric nervous system,X2,-238.95999999999998,-188.75
UCID350,2100-E4-8_g_S22,Stomatogastric nervous system,X22,-238.95999999999998,-148.75
UCID351,2081-E4-8_g_S22,Stomatogastric nervous system,X203,-198.95999999999998,171.25
UCID352,2522-E4-8_g_S22,Stomatogastric nervous system,X41,-438.96,-108.75
UCID353,2131-E4-8_g_S22,Stomatogastric nervous system,X79,441.04,-68.75
UCID354,840-E4-8_g_S22,Hemolymph cells,X140,-118.95999999999998,51.25
UCID355,2174-E4-8_g_S22,Hemolymph cells,X174,281.04,91.25
UCID356,577-E4-8_g_S22,Hemolymph cells,X168,41.04000000000002,91.25
UCID357,1494-E4-8_g_S22,Hemolymph cells,X112,-238.95999999999998,11.25
UCID358,1974-E4-8_g_S22,Hemolymph cells,X47,-198.95999999999998,-108.75
UCID359,1856-E4-8_g_S22,Hemolymph cells,X127,361.04,11.25
UCID360,2519-E4-8_g_S22,Hemolymph cells,X62,-438.96,-68.75
UCID361,2148-E4-8_g_S22,Hemolymph cells,X9,81.04000000000002,-188.75
UCID362,673-E4-8_g_S22,Hemolymph cells,X35,281.04,-148.75
UCID363,2091-E4-8_g_S22,Hemolymph cells,X205,-118.95999999999998,171.25
UCID364,1522-E4-8_g_S22,Hemolymph cells,X6,-38.95999999999998,-188.75
UCID365,659-E4-8_g_S22,Hemolymph cells,X75,281.04,-68.75
UCID366,90-E4-8_g_S22,Hemolymph cells,X208,1.0400000000000205,171.25
UCID367,2461-E4-8_g_S22,Hemolymph cells,X133,-398.96,51.25
UCID368,16-E4-8_g_S22,Hemolymph cells,X36,321.04,-148.75
UCID369,2222-E4-8_g_S22,Hemolymph cells,X43,-358.96,-108.75
UCID370,2268-E4-8_g_S22,Hemolymph cells,X112,-238.95999999999998,11.25
UCID371,2297-E4-8_g_S22,Hemolymph cells,X125,281.04,11.25
UCID372,610-E4-8_g_S22,Hemolymph cells,X145,81.04000000000002,51.25
UCID373,2051-E4-8_g_S22,Hemolymph cells,X137,-238.95999999999998,51.25
UCID374,2329-E4-8_g_S22,Hemolymph cells,X170,121.04000000000002,91.25
UCID375,2303-E4-8_g_S22,Hemolymph cells,X85,-318.96,-28.75
UCID376,801-E4-8_g_S22,Hemolymph cells,X34,241.04000000000002,-148.75
UCID377,922-E4-8_g_S22,Hemolymph cells,X33,201.04000000000002,-148.75
UCID378,2204-E4-8_g_S22,Hemolymph cells,X124,241.04000000000002,11.25
UCID379,2056-E4-8_g_S22,Hemolymph cells,X137,-238.95999999999998,51.25
UCID380,720-E4-8_g_S22,Hemolymph cells,X77,361.04,-68.75
UCID381,2264-E4-8_g_S22,Hemolymph cells,X62,-438.96,-68.75
UCID382,2076-E4-8_g_S22,Hemolymph cells,X87,-238.95999999999998,-28.75
UCID383,729-E4-8_g_S22,Hemolymph cells,X136,-278.96,51.25
UCID384,2236-E4-8_g_S22,Hemolymph cells,X207,-38.95999999999998,171.25
UCID385,2214-E4-8_g_S22,Hemolymph cells,X21,-278.96,-148.75
UCID386,2312-E4-8_g_S22,Hemolymph cells,X86,-278.96,-28.75
UCID387,2069-E4-8_g_S22,Hemolymph cells,X137,-238.95999999999998,51.25
UCID388,1023-E4-8_g_S22,Midgut,X126,321.04,11.25
UCID389,1580-E4-8_g_S22,Midgut,X42,-398.96,-108.75
UCID390,832-E4-8_g_S22,Midgut,X98,201.04000000000002,-28.75
UCID391,1606-E4-8_g_S22,Midgut,X199,401.04,131.25
UCID392,752-E4-8_g_S22,Midgut,X124,241.04000000000002,11.25
UCID393,1882-E4-8_g_S22,Midgut,X115,-118.95999999999998,11.25
UCID394,1384-E4-8_g_S22,Midgut,X142,-38.95999999999998,51.25
UCID395,880-E4-8_g_S22,Midgut,X148,201.04000000000002,51.25
UCID396,403-E4-8_g_S22,Midgut,X99,241.04000000000002,-28.75
UCID397,647-E4-8_g_S22,Midgut,X79,441.04,-68.75
UCID398,1754-E4-8_g_S22,Midgut,X89,-158.95999999999998,-28.75
UCID399,882-E4-8_g_S22,Midgut,X98,201.04000000000002,-28.75
UCID400,287-E4-8_g_S22,Midgut,X193,161.04000000000002,131.25
UCID401,248-E4-8_g_S22,Midgut,X102,361.04,-28.75
UCID402,197-E4-8_g_S22,Midgut,X48,-158.95999999999998,-108.75
UCID403,835-E4-8_g_S22,Midgut,X148,201.04000000000002,51.25
UCID404,1900-E4-8_g_S22,Midgut,X88,-198.95999999999998,-28.75
UCID405,1671-E4-8_g_S22,Midgut,X58,401.04,-108.75
UCID406,889-E4-8_g_S22,Midgut,X87,-238.95999999999998,-28.75
UCID407,1247-E4-8_g_S22,Midgut,X175,321.04,91.25
UCID408,1078-E4-8_g_S22,Midgut,X121,121.04000000000002,11.25
UCID409,876-E4-8_g_S22,Midgut,X123,201.04000000000002,11.25
UCID410,1108-E4-8_g_S22,Midgut,X145,81.04000000000002,51.25
UCID411,347-E4-8_g_S22,Midgut,X102,361.04,-28.75
UCID412,1885-E4-8_g_S22,Midgut,X56,321.04,-108.75
UCID413,1946-E4-8_g_S22,Midgut,X88,-198.95999999999998,-28.75
UCID414,1675-E4-8_g_S22,Midgut,X115,-118.95999999999998,11.25
UCID415,1288-E4-8_g_S22,Midgut,X167,1.0400000000000205,91.25
UCID416,428-E4-8_g_S22,Midgut,X78,401.04,-68.75
UCID417,751-E4-8_g_S22,Midgut,X124,241.04000000000002,11.25
UCID418,664-E4-8_g_S22,Midgut,X185,-158.95999999999998,131.25
UCID419,1690-E4-8_g_S22,Midgut,X180,-358.96,131.25
UCID420,2031-E4-8_g_S22,Midgut,X24,-158.95999999999998,-148.75
UCID421,1821-E4-8_g_S22,Midgut,X89,-158.95999999999998,-28.75
UCID422,1351-E4-8_g_S22,Midgut,X88,-198.95999999999998,-28.75
UCID423,1768-E4-8_g_S22,Midgut,X114,-158.95999999999998,11.25
UCID424,981-E4-8_g_S22,Midgut,X147,161.04000000000002,51.25
UCID425,759-E4-8_g_S22,Midgut,X148,201.04000000000002,51.25
UCID426,553-E4-8_g_S22,Midgut,X56,321.04,-108.75
UCID427,1841-E4-8_g_S22,Midgut,X77,361.04,-68.75
UCID428,1951-E4-8_g_S22,Midgut,X91,-78.95999999999998,-28.75
UCID429,873-E4-8_g_S22,Midgut,X76,321.04,-68.75
UCID430,609-E4-8_g_S22,Midgut,X123,201.04000000000002,11.25
UCID431,732-E4-8_g_S22,Midgut,X99,241.04000000000002,-28.75
UCID432,984-E4-8_g_S22,Midgut,X192,121.04000000000002,131.25
UCID433,379-E4-8_g_S22,Midgut,X35,281.04,-148.75
UCID434,799-E4-8_g_S22,Midgut,X99,241.04000000000002,-28.75
UCID435,386-E4-8_g_S22,Midgut,X37,361.04,-148.75
UCID436,1239-E4-8_g_S22,Midgut,X168,41.04000000000002,91.25
UCID437,389-E4-8_g_S22,Midgut,X121,121.04000000000002,11.25
UCID438,1949-E4-8_g_S22,Midgut,X113,-198.95999999999998,11.25
UCID439,1643-E4-8_g_S22,Midgut,X140,-118.95999999999998,51.25
UCID440,1737-E4-8_g_S22,Midgut,X102,361.04,-28.75
UCID441,952-E4-8_g_S22,Midgut,X215,281.04,171.25
UCID442,694-E4-8_g_S22,Midgut,X181,-318.96,131.25
UCID443,1066-E4-8_g_S22,Midgut,X12,201.04000000000002,-188.75
UCID444,1810-E4-8_g_S22,Midgut,X15,361.04,-188.75
UCID445,288-E4-8_g_S22,Midgut,X9,81.04000000000002,-188.75
UCID446,919-E4-8_g_S22,Midgut,X185,-158.95999999999998,131.25
UCID447,569-E4-8_g_S22,Midgut,X212,161.04000000000002,171.25
UCID448,1986-E4-8_g_S22,Midgut,X47,-198.95999999999998,-108.75
UCID449,1646-E4-8_g_S22,Midgut,X36,321.04,-148.75
UCID450,854-E4-8_g_S22,Midgut,X169,81.04000000000002,91.25
UCID451,728-E4-8_g_S22,Midgut,X99,241.04000000000002,-28.75
UCID452,927-E4-8_g_S22,Midgut,X122,161.04000000000002,11.25
UCID453,1973-E4-8_g_S22,Midgut,X88,-198.95999999999998,-28.75
UCID454,1596-E4-8_g_S22,Midgut,X43,-358.96,-108.75
UCID455,1684-E4-8_g_S22,Midgut,X128,401.04,11.25
UCID456,1733-E4-8_g_S22,Midgut,X114,-158.95999999999998,11.25
UCID457,1905-E4-8_g_S22,Midgut,X135,-318.96,51.25
UCID458,390-E4-8_g_S22,Midgut,X126,321.04,11.25
UCID459,1715-E4-8_g_S22,Midgut,X29,41.04000000000002,-148.75
UCID460,667-E4-8_g_S22,Midgut,X100,281.04,-28.75
UCID461,236-E4-8_g_S22,Midgut,X66,-278.96,-68.75
UCID462,727-E4-8_g_S22,Midgut,X64,-358.96,-68.75
UCID463,1109-E4-8_g_S22,Midgut,X146,121.04000000000002,51.25
UCID464,366-E4-8_g_S22,Midgut,X166,-38.95999999999998,91.25
UCID465,782-E4-8_g_S22,Midgut,X46,-238.95999999999998,-108.75
UCID466,1607-E4-8_g_S22,Midgut,X91,-78.95999999999998,-28.75
UCID467,364-E4-8_g_S22,Midgut,X102,361.04,-28.75
UCID468,370-E4-8_g_S22,Midgut,X151,321.04,51.25
UCID469,239-E4-8_g_S22,Midgut,X127,361.04,11.25
UCID470,1938-E4-8_g_S22,Midgut,X113,-198.95999999999998,11.25
UCID471,819-E4-8_g_S22,Midgut,X146,121.04000000000002,51.25
UCID472,982-E4-8_g_S22,Midgut,X122,161.04000000000002,11.25
UCID473,1446-E4-8_g_S22,Midgut,X165,-78.95999999999998,91.25
UCID474,1834-E4-8_g_S22,Midgut,X146,121.04000000000002,51.25
UCID475,491-E4-8_g_S22,Midgut,X101,321.04,-28.75
UCID476,1713-E4-8_g_S22,Midgut,X139,-158.95999999999998,51.25
UCID477,1470-E4-8_g_S22,Midgut,X208,1.0400000000000205,171.25
UCID478,1741-E4-8_g_S22,Midgut,X196,281.04,131.25
UCID479,375-E4-8_g_S22,Midgut,X122,161.04000000000002,11.25
UCID480,1503-E4-8_g_S22,Midgut,X141,-78.95999999999998,51.25
UCID481,529-E4-8_g_S22,Midgut,X59,441.04,-108.75
UCID482,536-E4-8_g_S22,Midgut,X190,41.04000000000002,131.25
UCID483,482-E4-8_g_S22,Midgut,X115,-118.95999999999998,11.25
UCID484,471-E4-8_g_S22,Midgut,X126,321.04,11.25
UCID485,1911-E4-8_g_S22,Midgut,X8,41.04000000000002,-188.75
UCID486,861-E4-8_g_S22,Midgut,X115,-118.95999999999998,11.25
UCID487,408-E4-8_g_S22,Midgut,X150,281.04,51.25
UCID488,1531-E4-8_g_S22,Midgut,X141,-78.95999999999998,51.25
UCID489,2021-E4-8_g_S22,Midgut,X152,361.04,51.25
UCID490,453-E4-8_g_S22,Midgut,X101,321.04,-28.75
UCID491,642-E4-8_g_S22,Midgut,X100,281.04,-28.75
UCID492,1640-E4-8_g_S22,Midgut,X115,-118.95999999999998,11.25
UCID493,1597-E4-8_g_S22,Midgut,X158,-358.96,91.25
UCID494,264-E4-8_g_S22,Midgut,X82,-438.96,-28.75
UCID495,1978-E4-8_g_S22,Midgut,X121,121.04000000000002,11.25
UCID496,1617-E4-8_g_S22,Midgut,X133,-398.96,51.25
UCID497,1644-E4-8_g_S22,Midgut,X181,-318.96,131.25
UCID498,847-E4-8_g_S22,Midgut,X130,481.04,11.25
UCID499,1180-E4-8_g_S22,Midgut,X145,81.04000000000002,51.25
UCID500,1576-E4-8_g_S22,Midgut,X141,-78.95999999999998,51.25
UCID501,497-E4-8_g_S22,Midgut,X176,361.04,91.25
UCID502,304-E4-8_g_S22,Midgut,X115,-118.95999999999998,11.25
UCID503,1805-E4-8_g_S22,Midgut,X85,-318.96,-28.75
UCID504,1992-E4-8_g_S22,Midgut,X87,-238.95999999999998,-28.75
UCID505,1883-E4-8_g_S22,Midgut,X172,201.04000000000002,91.25
UCID506,1235-E4-8_g_S22,Midgut,X66,-278.96,-68.75
UCID507,1179-E4-8_g_S22,Midgut,X145,81.04000000000002,51.25
UCID508,1854-E4-8_g_S22,Midgut,X184,-198.95999999999998,131.25
UCID509,1217-E4-8_g_S22,Midgut,X144,41.04000000000002,51.25
UCID510,1283-E4-8_g_S22,Midgut,X167,1.0400000000000205,91.25
UCID511,1867-E4-8_g_S22,Midgut,X185,-158.95999999999998,131.25
UCID512,1096-E4-8_g_S22,Midgut,X174,281.04,91.25
UCID513,1763-E4-8_g_S22,Midgut,X114,-158.95999999999998,11.25
UCID514,524-E4-8_g_S22,Midgut,X208,1.0400000000000205,171.25
UCID515,1840-E4-8_g_S22,Midgut,X111,-278.96,11.25
UCID516,1413-E4-8_g_S22,Midgut,X125,281.04,11.25
UCID517,246-E4-8_g_S22,Midgut,X70,-118.95999999999998,-68.75
UCID518,1149-E4-8_g_S22,Midgut,X145,81.04000000000002,51.25
UCID519,227-E4-8_g_S22,Midgut,X103,401.04,-28.75
UCID520,344-E4-8_g_S22,Midgut,X19,-358.96,-148.75
UCID521,980-E4-8_g_S22,Midgut,X147,161.04000000000002,51.25
UCID522,465-E4-8_g_S22,Midgut,X125,281.04,11.25
UCID523,1932-E4-8_g_S22,Midgut,X113,-198.95999999999998,11.25
UCID524,1571-E4-8_g_S22,Midgut,X165,-78.95999999999998,91.25
UCID525,363-E4-8_g_S22,Midgut,X63,-398.96,-68.75
UCID526,455-E4-8_g_S22,Midgut,X46,-238.95999999999998,-108.75
UCID527,1053-E4-8_g_S22,Amnioserosa,X32,161.04000000000002,-148.75
UCID528,1294-E4-8_g_S22,Amnioserosa,X88,-198.95999999999998,-28.75
UCID529,1435-E4-8_g_S22,Amnioserosa,X28,1.0400000000000205,-148.75
UCID530,1298-E4-8_g_S22,Amnioserosa,X29,41.04000000000002,-148.75
UCID531,744-E4-8_g_S22,Amnioserosa,X101,321.04,-28.75
UCID532,1471-E4-8_g_S22,Amnioserosa,X105,481.04,-28.75
UCID533,533-E4-8_g_S22,Amnioserosa,X105,481.04,-28.75
UCID534,944-E4-8_g_S22,Amnioserosa,X12,201.04000000000002,-188.75
UCID535,1359-E4-8_g_S22,Amnioserosa,X26,-78.95999999999998,-148.75
UCID536,17-E4-8_g_S22,Amnioserosa,X106,-478.96,11.25
UCID537,1641-E4-8_g_S22,Amnioserosa,X5,-78.95999999999998,-188.75
UCID538,1406-E4-8_g_S22,Amnioserosa,X213,201.04000000000002,171.25
UCID539,1128-E4-8_g_S22,Amnioserosa,X10,121.04000000000002,-188.75
UCID540,1385-E4-8_g_S22,Amnioserosa,X28,1.0400000000000205,-148.75
UCID541,1527-E4-8_g_S22,Amnioserosa,X27,-38.95999999999998,-148.75
UCID542,1333-E4-8_g_S22,Amnioserosa,X8,41.04000000000002,-188.75
UCID543,1545-E4-8_g_S22,Amnioserosa,X6,-38.95999999999998,-188.75
UCID544,1500-E4-8_g_S22,Amnioserosa,X205,-118.95999999999998,171.25
UCID545,890-E4-8_g_S22,Amnioserosa,X34,241.04000000000002,-148.75
UCID546,947-E4-8_g_S22,Amnioserosa,X29,41.04000000000002,-148.75
UCID547,1583-E4-8_g_S22,Amnioserosa,X11,161.04000000000002,-188.75
UCID548,1361-E4-8_g_S22,Amnioserosa,X8,41.04000000000002,-188.75
UCID549,1352-E4-8_g_S22,Amnioserosa,X192,121.04000000000002,131.25
UCID550,1533-E4-8_g_S22,Amnioserosa,X158,-358.96,91.25
UCID551,1300-E4-8_g_S22,Amnioserosa,X29,41.04000000000002,-148.75
UCID552,1181-E4-8_g_S22,Amnioserosa,X31,121.04000000000002,-148.75
UCID553,1430-E4-8_g_S22,Amnioserosa,X7,1.0400000000000205,-188.75
UCID554,1717-E4-8_g_S22,Amnioserosa,X82,-438.96,-28.75
UCID555,1493-E4-8_g_S22,Amnioserosa,X70,-118.95999999999998,-68.75
UCID556,486-E4-8_g_S22,Amnioserosa,X35,281.04,-148.75
UCID557,510-E4-8_g_S22,Amnioserosa,X6,-38.95999999999998,-188.75
UCID558,1386-E4-8_g_S22,Amnioserosa,X205,-118.95999999999998,171.25
UCID559,1260-E4-8_g_S22,Amnioserosa,X30,81.04000000000002,-148.75
UCID560,699-E4-8_g_S22,Amnioserosa,X35,281.04,-148.75
UCID561,1662-E4-8_g_S22,Amnioserosa,X190,41.04000000000002,131.25
UCID562,2059-E4-8_g_S22,CNS,X81,-478.96,-28.75
UCID563,2215-E4-8_g_S22,CNS,X188,-38.95999999999998,131.25
UCID564,2199-E4-8_g_S22,CNS,X159,-318.96,91.25
UCID565,2200-E4-8_g_S22,CNS,X159,-318.96,91.25
UCID566,2457-E4-8_g_S22,CNS,X65,-318.96,-68.75
UCID567,2275-E4-8_g_S22,CNS,X123,201.04000000000002,11.25
UCID568,1987-E4-8_g_S22,CNS,X187,-78.95999999999998,131.25
UCID569,2377-E4-8_g_S22,CNS,X66,-278.96,-68.75
UCID570,186-E4-8_g_S22,CNS,X139,-158.95999999999998,51.25
UCID571,1043-E4-8_g_S22,CNS,X59,441.04,-108.75
UCID572,2426-E4-8_g_S22,CNS,X170,121.04000000000002,91.25
UCID573,2481-E4-8_g_S22,CNS,X89,-158.95999999999998,-28.75
UCID574,2280-E4-8_g_S22,CNS,X77,361.04,-68.75
UCID575,2004-E4-8_g_S22,CNS,X147,161.04000000000002,51.25
UCID576,1817-E4-8_g_S22,CNS,X203,-198.95999999999998,171.25
UCID577,2145-E4-8_g_S22,CNS,X175,321.04,91.25
UCID578,2337-E4-8_g_S22,CNS,X126,321.04,11.25
UCID579,2089-E4-8_g_S22,CNS,X44,-318.96,-108.75
UCID580,121-E4-8_g_S22,CNS,X204,-158.95999999999998,171.25
UCID581,2409-E4-8_g_S22,CNS,X101,321.04,-28.75
UCID582,2300-E4-8_g_S22,CNS,X44,-318.96,-108.75
UCID583,2250-E4-8_g_S22,CNS,X125,281.04,11.25
UCID584,2287-E4-8_g_S22,CNS,X99,241.04000000000002,-28.75
UCID585,2488-E4-8_g_S22,CNS,X42,-398.96,-108.75
UCID586,2498-E4-8_g_S22,CNS,X18,-398.96,-148.75
UCID587,2448-E4-8_g_S22,CNS,X43,-358.96,-108.75
UCID588,100-E4-8_g_S22,CNS,X153,401.04,51.25
UCID589,2433-E4-8_g_S22,CNS,X43,-358.96,-108.75
UCID590,211-E4-8_g_S22,CNS,X152,361.04,51.25
UCID591,2150-E4-8_g_S22,CNS,X144,41.04000000000002,51.25
UCID592,245-E4-8_g_S22,CNS,X176,361.04,91.25
UCID593,2162-E4-8_g_S22,CNS,X46,-238.95999999999998,-108.75
UCID594,182-E4-8_g_S22,CNS,X90,-118.95999999999998,-28.75
UCID595,1455-E4-8_g_S22,CNS,X37,361.04,-148.75
UCID596,181-E4-8_g_S22,CNS,X181,-318.96,131.25
UCID597,2358-E4-8_g_S22,CNS,X134,-358.96,51.25
UCID598,2127-E4-8_g_S22,CNS,X83,-398.96,-28.75
UCID599,2286-E4-8_g_S22,CNS,X55,281.04,-108.75
UCID600,2346-E4-8_g_S22,CNS,X133,-398.96,51.25
UCID601,2304-E4-8_g_S22,CNS,X65,-318.96,-68.75
UCID602,2453-E4-8_g_S22,CNS,X66,-278.96,-68.75
UCID603,2231-E4-8_g_S22,CNS,X135,-318.96,51.25
UCID604,2353-E4-8_g_S22,CNS,X182,-278.96,131.25
UCID605,1162-E4-8_g_S22,CNS,X113,-198.95999999999998,11.25
UCID606,2399-E4-8_g_S22,CNS,X43,-358.96,-108.75
UCID607,2083-E4-8_g_S22,CNS,X188,-38.95999999999998,131.25
UCID608,977-E4-8_g_S22,CNS,X137,-238.95999999999998,51.25
UCID609,2341-E4-8_g_S22,CNS,X140,-118.95999999999998,51.25
UCID610,2317-E4-8_g_S22,CNS,X65,-318.96,-68.75
UCID611,914-E4-8_g_S22,CNS,X212,161.04000000000002,171.25
UCID612,2241-E4-8_g_S22,CNS,X21,-278.96,-148.75
UCID613,1587-E4-8_g_S22,CNS,X46,-238.95999999999998,-108.75
UCID614,2438-E4-8_g_S22,CNS,X157,-398.96,91.25
UCID615,2489-E4-8_g_S22,CNS,X41,-438.96,-108.75
UCID616,2024-E4-8_g_S22,CNS,X176,361.04,91.25
UCID617,2276-E4-8_g_S22,CNS,X45,-278.96,-108.75
UCID618,2179-E4-8_g_S22,CNS,X181,-318.96,131.25
UCID619,41-E4-8_g_S22,CNS,X102,361.04,-28.75
UCID620,2392-E4-8_g_S22,CNS,X135,-318.96,51.25
UCID621,221-E4-8_g_S22,CNS,X111,-278.96,11.25
UCID622,2161-E4-8_g_S22,CNS,X154,441.04,51.25
UCID623,2090-E4-8_g_S22,CNS,X160,-278.96,91.25
UCID624,2194-E4-8_g_S22,CNS,X176,361.04,91.25
UCID625,59-E4-8_g_S22,CNS,X167,1.0400000000000205,91.25
UCID626,65-E4-8_g_S22,CNS,X38,401.04,-148.75
UCID627,2217-E4-8_g_S22,CNS,X135,-318.96,51.25
UCID628,2203-E4-8_g_S22,CNS,X25,-118.95999999999998,-148.75
UCID629,1027-E4-8_g_S22,CNS,X69,-158.95999999999998,-68.75
UCID630,2328-E4-8_g_S22,CNS,X65,-318.96,-68.75
UCID631,1295-E4-8_g_S22,CNS,X190,41.04000000000002,131.25
UCID632,250-E4-8_g_S22,CNS,X152,361.04,51.25
UCID633,190-E4-8_g_S22,CNS,X191,81.04000000000002,131.25
UCID634,1467-E4-8_g_S22,CNS,X207,-38.95999999999998,171.25
UCID635,150-E4-8_g_S22,CNS,X146,121.04000000000002,51.25
UCID636,2165-E4-8_g_S22,CNS,X160,-278.96,91.25
UCID637,2443-E4-8_g_S22,CNS,X19,-358.96,-148.75
UCID638,1419-E4-8_g_S22,CNS,X64,-358.96,-68.75
UCID639,2476-E4-8_g_S22,CNS,X83,-398.96,-28.75
UCID640,2195-E4-8_g_S22,CNS,X66,-278.96,-68.75
UCID641,2482-E4-8_g_S22,CNS,X63,-398.96,-68.75
UCID642,2423-E4-8_g_S22,CNS,X19,-358.96,-148.75
UCID643,2375-E4-8_g_S22,CNS,X20,-318.96,-148.75
UCID644,2246-E4-8_g_S22,CNS,X21,-278.96,-148.75
UCID645,2094-E4-8_g_S22,CNS,X103,401.04,-28.75
UCID646,2302-E4-8_g_S22,CNS,X126,321.04,11.25
UCID647,2310-E4-8_g_S22,CNS,X44,-318.96,-108.75
UCID648,2474-E4-8_g_S22,CNS,X141,-78.95999999999998,51.25
UCID649,2492-E4-8_g_S22,CNS,X63,-398.96,-68.75
UCID650,2168-E4-8_g_S22,CNS,X125,281.04,11.25
UCID651,2010-E4-8_g_S22,CNS,X48,-158.95999999999998,-108.75
UCID652,2134-E4-8_g_S22,CNS,X160,-278.96,91.25
UCID653,2072-E4-8_g_S22,CNS,X182,-278.96,131.25
UCID654,139-E4-8_g_S22,CNS,X153,401.04,51.25
UCID655,2505-E4-8_g_S22,CNS,X19,-358.96,-148.75
UCID656,262-E4-8_g_S22,CNS,X82,-438.96,-28.75
UCID657,2184-E4-8_g_S22,CNS,X45,-278.96,-108.75
UCID658,2036-E4-8_g_S22,CNS,X148,201.04000000000002,51.25
UCID659,2371-E4-8_g_S22,CNS,X20,-318.96,-148.75
UCID660,2369-E4-8_g_S22,CNS,X157,-398.96,91.25
UCID661,122-E4-8_g_S22,CNS,X194,201.04000000000002,131.25
UCID662,61-E4-8_g_S22,CNS,X75,281.04,-68.75
UCID663,132-E4-8_g_S22,CNS,X166,-38.95999999999998,91.25
UCID664,2183-E4-8_g_S22,CNS,X152,361.04,51.25
UCID665,2422-E4-8_g_S22,CNS,X112,-238.95999999999998,11.25
UCID666,53-E4-8_g_S22,CNS,X129,441.04,11.25
UCID667,2332-E4-8_g_S22,CNS,X158,-358.96,91.25
UCID668,2467-E4-8_g_S22,CNS,X63,-398.96,-68.75
UCID669,2244-E4-8_g_S22,CNS,X186,-118.95999999999998,131.25
UCID670,2281-E4-8_g_S22,CNS,X159,-318.96,91.25
UCID671,2262-E4-8_g_S22,CNS,X45,-278.96,-108.75
UCID672,2454-E4-8_g_S22,CNS,X43,-358.96,-108.75
UCID673,143-E4-8_g_S22,CNS,X76,321.04,-68.75
UCID674,94-E4-8_g_S22,CNS,X182,-278.96,131.25
UCID675,2475-E4-8_g_S22,CNS,X55,281.04,-108.75
UCID676,2023-E4-8_g_S22,CNS,X182,-278.96,131.25
UCID677,2412-E4-8_g_S22,CNS,X142,-38.95999999999998,51.25
UCID678,2435-E4-8_g_S22,CNS,X205,-118.95999999999998,171.25
UCID679,2469-E4-8_g_S22,CNS,X142,-38.95999999999998,51.25
UCID680,2464-E4-8_g_S22,CNS,X42,-398.96,-108.75
UCID681,2245-E4-8_g_S22,CNS,X154,441.04,51.25
UCID682,2331-E4-8_g_S22,CNS,X65,-318.96,-68.75
UCID683,2391-E4-8_g_S22,CNS,X44,-318.96,-108.75
UCID684,1902-E4-8_g_S22,CNS,X48,-158.95999999999998,-108.75
UCID685,40-E4-8_g_S22,CNS,X129,441.04,11.25
UCID686,2326-E4-8_g_S22,CNS,X134,-358.96,51.25
UCID687,2093-E4-8_g_S22,CNS,X67,-238.95999999999998,-68.75
UCID688,2102-E4-8_g_S22,CNS,X160,-278.96,91.25
UCID689,2001-E4-8_g_S22,CNS,X186,-118.95999999999998,131.25
UCID690,1811-E4-8_g_S22,CNS,X135,-318.96,51.25
UCID691,1555-E4-8_g_S22,Fat body,X75,281.04,-68.75
UCID692,1492-E4-8_g_S22,Fat body,X92,-38.95999999999998,-28.75
UCID693,1761-E4-8_g_S22,Fat body,X49,-118.95999999999998,-108.75
UCID694,1143-E4-8_g_S22,Fat body,X120,81.04000000000002,11.25
UCID695,1535-E4-8_g_S22,Fat body,X71,-78.95999999999998,-68.75
UCID696,1303-E4-8_g_S22,Fat body,X26,-78.95999999999998,-148.75
UCID697,1115-E4-8_g_S22,Fat body,X121,121.04000000000002,11.25
UCID698,1436-E4-8_g_S22,Fat body,X33,201.04000000000002,-148.75
UCID699,43-E4-8_g_S22,Fat body,X6,-38.95999999999998,-188.75
UCID700,1191-E4-8_g_S22,Fat body,X49,-118.95999999999998,-108.75
UCID701,1482-E4-8_g_S22,Fat body,X70,-118.95999999999998,-68.75
UCID702,1460-E4-8_g_S22,Fat body,X77,361.04,-68.75
UCID703,1525-E4-8_g_S22,Fat body,X116,-78.95999999999998,11.25
UCID704,1621-E4-8_g_S22,Fat body,X50,-78.95999999999998,-108.75
UCID705,1530-E4-8_g_S22,Fat body,X85,-318.96,-28.75
UCID706,1581-E4-8_g_S22,Fat body,X64,-358.96,-68.75
UCID707,1526-E4-8_g_S22,Fat body,X72,-38.95999999999998,-68.75
UCID708,1403-E4-8_g_S22,Fat body,X142,-38.95999999999998,51.25
UCID709,1097-E4-8_g_S22,Fat body,X96,121.04000000000002,-28.75
UCID710,1374-E4-8_g_S22,Fat body,X93,1.0400000000000205,-28.75
UCID711,1728-E4-8_g_S22,Fat body,X70,-118.95999999999998,-68.75
UCID712,1692-E4-8_g_S22,Fat body,X112,-238.95999999999998,11.25
UCID713,1405-E4-8_g_S22,Fat body,X51,1.0400000000000205,-108.75
UCID714,1326-E4-8_g_S22,Fat body,X98,201.04000000000002,-28.75
UCID715,1532-E4-8_g_S22,Fat body,X116,-78.95999999999998,11.25
UCID716,1520-E4-8_g_S22,Fat body,X95,81.04000000000002,-28.75
UCID717,1219-E4-8_g_S22,Fat body,X28,1.0400000000000205,-148.75
UCID718,1505-E4-8_g_S22,Fat body,X69,-158.95999999999998,-68.75
UCID719,1056-E4-8_g_S22,Fat body,X121,121.04000000000002,11.25
UCID720,1369-E4-8_g_S22,Fat body,X93,1.0400000000000205,-28.75
UCID721,1466-E4-8_g_S22,Fat body,X92,-38.95999999999998,-28.75
UCID722,1491-E4-8_g_S22,Fat body,X116,-78.95999999999998,11.25
UCID723,1414-E4-8_g_S22,Fat body,X98,201.04000000000002,-28.75
UCID724,1632-E4-8_g_S22,Fat body,X71,-78.95999999999998,-68.75
UCID725,1293-E4-8_g_S22,Fat body,X77,361.04,-68.75
UCID726,1542-E4-8_g_S22,Fat body,X197,321.04,131.25
UCID727,1752-E4-8_g_S22,Fat body,X84,-358.96,-28.75
UCID728,1829-E4-8_g_S22,Fat body,X69,-158.95999999999998,-68.75
UCID729,1306-E4-8_g_S22,Fat body,X143,1.0400000000000205,51.25
UCID730,1454-E4-8_g_S22,Fat body,X110,-318.96,11.25
UCID731,1356-E4-8_g_S22,Fat body,X116,-78.95999999999998,11.25
UCID732,1312-E4-8_g_S22,Fat body,X8,41.04000000000002,-188.75
UCID733,1274-E4-8_g_S22,Fat body,X71,-78.95999999999998,-68.75
UCID734,1547-E4-8_g_S22,Fat body,X91,-78.95999999999998,-28.75
UCID735,1721-E4-8_g_S22,Fat body,X153,401.04,51.25
UCID736,168-E4-8_g_S22,Fat body,X103,401.04,-28.75
UCID737,1395-E4-8_g_S22,Fat body,X73,1.0400000000000205,-68.75
UCID738,1173-E4-8_g_S22,Fat body,X120,81.04000000000002,11.25
UCID739,1734-E4-8_g_S22,Fat body,X17,441.04,-188.75
UCID740,1197-E4-8_g_S22,Fat body,X90,-118.95999999999998,-28.75
UCID741,1476-E4-8_g_S22,Fat body,X194,201.04000000000002,131.25
UCID742,80-E4-8_g_S22,Fat body,X104,441.04,-28.75
UCID743,1593-E4-8_g_S22,Fat body,X71,-78.95999999999998,-68.75
UCID744,1038-E4-8_g_S22,Fat body,X11,161.04000000000002,-188.75
UCID745,1310-E4-8_g_S22,Fat body,X143,1.0400000000000205,51.25
UCID746,1189-E4-8_g_S22,Fat body,X183,-238.95999999999998,131.25
UCID747,1067-E4-8_g_S22,Fat body,X11,161.04000000000002,-188.75
UCID748,179-E4-8_g_S22,Fat body,X130,481.04,11.25
UCID749,66-E4-8_g_S22,Fat body,X30,81.04000000000002,-148.75
UCID750,1280-E4-8_g_S22,Fat body,X94,41.04000000000002,-28.75
UCID751,1188-E4-8_g_S22,Fat body,X95,81.04000000000002,-28.75
UCID752,1504-E4-8_g_S22,Fat body,X116,-78.95999999999998,11.25
UCID753,1423-E4-8_g_S22,Fat body,X117,-38.95999999999998,11.25
UCID754,1203-E4-8_g_S22,Fat body,X119,41.04000000000002,11.25
UCID755,1464-E4-8_g_S22,Fat body,X7,1.0400000000000205,-188.75
UCID756,1707-E4-8_g_S22,Fat body,X49,-118.95999999999998,-108.75
UCID757,1756-E4-8_g_S22,Fat body,X70,-118.95999999999998,-68.75
UCID758,1381-E4-8_g_S22,Fat body,X73,1.0400000000000205,-68.75
UCID759,1560-E4-8_g_S22,Fat body,X132,-438.96,51.25
UCID760,1153-E4-8_g_S22,Fat body,X120,81.04000000000002,11.25
UCID761,1184-E4-8_g_S22,Fat body,X95,81.04000000000002,-28.75
UCID762,1485-E4-8_g_S22,Fat body,X87,-238.95999999999998,-28.75
UCID763,1008-E4-8_g_S22,Fat body,X104,441.04,-28.75
UCID764,1380-E4-8_g_S22,Fat body,X118,1.0400000000000205,11.25
UCID765,145-E4-8_g_S22,Fat body,X87,-238.95999999999998,-28.75
UCID766,1301-E4-8_g_S22,Fat body,X92,-38.95999999999998,-28.75
UCID767,1483-E4-8_g_S22,Fat body,X72,-38.95999999999998,-68.75
UCID768,1141-E4-8_g_S22,Fat body,X52,161.04000000000002,-108.75
UCID769,119-E4-8_g_S22,Fat body,X173,241.04000000000002,91.25
UCID770,1458-E4-8_g_S22,Fat body,X30,81.04000000000002,-148.75
UCID771,1331-E4-8_g_S22,Fat body,X143,1.0400000000000205,51.25
UCID772,1255-E4-8_g_S22,Fat body,X94,41.04000000000002,-28.75
UCID773,1770-E4-8_g_S22,Fat body,X49,-118.95999999999998,-108.75
UCID774,1453-E4-8_g_S22,Fat body,X27,-38.95999999999998,-148.75
UCID775,199-E4-8_g_S22,Fat body,X174,281.04,91.25
UCID776,1371-E4-8_g_S22,Fat body,X142,-38.95999999999998,51.25
UCID777,1284-E4-8_g_S22,Fat body,X74,41.04000000000002,-68.75
UCID778,1368-E4-8_g_S22,Fat body,X118,1.0400000000000205,11.25
UCID779,142-E4-8_g_S22,Fat body,X103,401.04,-28.75
UCID780,1538-E4-8_g_S22,Fat body,X119,41.04000000000002,11.25
UCID781,1220-E4-8_g_S22,Fat body,X31,121.04000000000002,-148.75
UCID782,1598-E4-8_g_S22,Fat body,X50,-78.95999999999998,-108.75
UCID783,1420-E4-8_g_S22,Fat body,X73,1.0400000000000205,-68.75
UCID784,1765-E4-8_g_S22,Fat body,X49,-118.95999999999998,-108.75
UCID785,865-E4-8_g_S22,Fat body,X34,241.04000000000002,-148.75
UCID786,1657-E4-8_g_S22,Fat body,X50,-78.95999999999998,-108.75
UCID787,1357-E4-8_g_S22,Fat body,X27,-38.95999999999998,-148.75
UCID788,928-E4-8_g_S22,Fat body,X119,41.04000000000002,11.25
UCID789,1543-E4-8_g_S22,Fat body,X96,121.04000000000002,-28.75
UCID790,1231-E4-8_g_S22,Fat body,X119,41.04000000000002,11.25
UCID791,1512-E4-8_g_S22,Fat body,X72,-38.95999999999998,-68.75
UCID792,1377-E4-8_g_S22,Fat body,X73,1.0400000000000205,-68.75
UCID793,1429-E4-8_g_S22,Fat body,X68,-198.95999999999998,-68.75
UCID794,1760-E4-8_g_S22,Fat body,X64,-358.96,-68.75
UCID795,931-E4-8_g_S22,Fat body,X53,201.04000000000002,-108.75
UCID796,1196-E4-8_g_S22,Fat body,X120,81.04000000000002,11.25
UCID797,851-E4-8_g_S22,Fat body,X153,401.04,51.25
UCID798,904-E4-8_g_S22,Fat body,X33,201.04000000000002,-148.75
UCID799,1603-E4-8_g_S22,Fat body,X141,-78.95999999999998,51.25
UCID800,1537-E4-8_g_S22,Fat body,X91,-78.95999999999998,-28.75
UCID801,1800-E4-8_g_S22,Fat body,X5,-78.95999999999998,-188.75
UCID802,1564-E4-8_g_S22,Fat body,X67,-238.95999999999998,-68.75
UCID803,795-E4-8_g_S22,Somatic muscle,X0,-318.96,-188.75
UCID804,1425-E4-8_g_S22,Somatic muscle,X57,361.04,-108.75
UCID805,1876-E4-8_g_S22,Somatic muscle,X212,161.04000000000002,171.25
UCID806,1818-E4-8_g_S22,Somatic muscle,X184,-198.95999999999998,131.25
UCID807,1237-E4-8_g_S22,Somatic muscle,X7,1.0400000000000205,-188.75
UCID808,733-E4-8_g_S22,Somatic muscle,X20,-318.96,-148.75
UCID809,912-E4-8_g_S22,Somatic muscle,X55,281.04,-108.75
UCID810,1341-E4-8_g_S22,Somatic muscle,X91,-78.95999999999998,-28.75
UCID811,1892-E4-8_g_S22,Somatic muscle,X208,1.0400000000000205,171.25
UCID812,640-E4-8_g_S22,Somatic muscle,X15,361.04,-188.75
UCID813,966-E4-8_g_S22,Somatic muscle,X211,121.04000000000002,171.25
UCID814,1246-E4-8_g_S22,Somatic muscle,X147,161.04000000000002,51.25
UCID815,992-E4-8_g_S22,Somatic muscle,X192,121.04000000000002,131.25
UCID816,489-E4-8_g_S22,Somatic muscle,X174,281.04,91.25
UCID817,1136-E4-8_g_S22,Somatic muscle,X191,81.04000000000002,131.25
UCID818,713-E4-8_g_S22,Somatic muscle,X38,401.04,-148.75
UCID819,2149-E4-8_g_S22,Somatic muscle,X42,-398.96,-108.75
UCID820,871-E4-8_g_S22,Somatic muscle,X193,161.04000000000002,131.25
UCID821,1824-E4-8_g_S22,Somatic muscle,X99,241.04000000000002,-28.75
UCID822,619-E4-8_g_S22,Somatic muscle,X210,81.04000000000002,171.25
UCID823,2007-E4-8_g_S22,Somatic muscle,X57,361.04,-108.75
UCID824,2002-E4-8_g_S22,Somatic muscle,X7,1.0400000000000205,-188.75
UCID825,1804-E4-8_g_S22,Somatic muscle,X171,161.04000000000002,91.25
UCID826,672-E4-8_g_S22,Somatic muscle,X193,161.04000000000002,131.25
UCID827,1444-E4-8_g_S22,Somatic muscle,X196,281.04,131.25
UCID828,249-E4-8_g_S22,Somatic muscle,X86,-278.96,-28.75
UCID829,1358-E4-8_g_S22,Somatic muscle,X168,41.04000000000002,91.25
UCID830,997-E4-8_g_S22,Somatic muscle,X171,161.04000000000002,91.25
UCID831,846-E4-8_g_S22,Somatic muscle,X71,-78.95999999999998,-68.75
UCID832,1047-E4-8_g_S22,Somatic muscle,X170,121.04000000000002,91.25
UCID833,683-E4-8_g_S22,Somatic muscle,X195,241.04000000000002,131.25
UCID834,731-E4-8_g_S22,Somatic muscle,X195,241.04000000000002,131.25
UCID835,527-E4-8_g_S22,Somatic muscle,X150,281.04,51.25
UCID836,333-E4-8_g_S22,Somatic muscle,X197,321.04,131.25
UCID837,1367-E4-8_g_S22,Somatic muscle,X188,-38.95999999999998,131.25
UCID838,474-E4-8_g_S22,Somatic muscle,X189,1.0400000000000205,131.25
UCID839,1273-E4-8_g_S22,Somatic muscle,X114,-158.95999999999998,11.25
UCID840,1069-E4-8_g_S22,Somatic muscle,X111,-278.96,11.25
UCID841,1276-E4-8_g_S22,Somatic muscle,X82,-438.96,-28.75
UCID842,447-E4-8_g_S22,Somatic muscle,X14,321.04,-188.75
UCID843,1329-E4-8_g_S22,Somatic muscle,X167,1.0400000000000205,91.25
UCID844,721-E4-8_g_S22,Somatic muscle,X166,-38.95999999999998,91.25
UCID845,1095-E4-8_g_S22,Somatic muscle,X189,1.0400000000000205,131.25
UCID846,1193-E4-8_g_S22,Somatic muscle,X209,41.04000000000002,171.25
UCID847,469-E4-8_g_S22,Somatic muscle,X190,41.04000000000002,131.25
UCID848,435-E4-8_g_S22,Somatic muscle,X57,361.04,-108.75
UCID849,1796-E4-8_g_S22,Somatic muscle,X89,-158.95999999999998,-28.75
UCID850,1065-E4-8_g_S22,Somatic muscle,X129,441.04,11.25
UCID851,916-E4-8_g_S22,Somatic muscle,X193,161.04000000000002,131.25
UCID852,825-E4-8_g_S22,Somatic muscle,X78,401.04,-68.75
UCID853,993-E4-8_g_S22,Somatic muscle,X189,1.0400000000000205,131.25
UCID854,665-E4-8_g_S22,Somatic muscle,X100,281.04,-28.75
UCID855,407-E4-8_g_S22,Somatic muscle,X38,401.04,-148.75
UCID856,559-E4-8_g_S22,Somatic muscle,X140,-118.95999999999998,51.25
UCID857,1589-E4-8_g_S22,Somatic muscle,X205,-118.95999999999998,171.25
UCID858,818-E4-8_g_S22,Somatic muscle,X172,201.04000000000002,91.25
UCID859,325-E4-8_g_S22,Somatic muscle,X146,121.04000000000002,51.25
UCID860,382-E4-8_g_S22,Somatic muscle,X150,281.04,51.25
UCID861,624-E4-8_g_S22,Somatic muscle,X75,281.04,-68.75
UCID862,990-E4-8_g_S22,Somatic muscle,X157,-398.96,91.25
UCID863,856-E4-8_g_S22,Somatic muscle,X155,481.04,51.25
UCID864,1152-E4-8_g_S22,Somatic muscle,X85,-318.96,-28.75
UCID865,373-E4-8_g_S22,Somatic muscle,X151,321.04,51.25
UCID866,519-E4-8_g_S22,Somatic muscle,X34,241.04000000000002,-148.75
UCID867,303-E4-8_g_S22,Somatic muscle,X76,321.04,-68.75
UCID868,314-E4-8_g_S22,Somatic muscle,X149,241.04000000000002,51.25
UCID869,1317-E4-8_g_S22,Somatic muscle,X15,361.04,-188.75
UCID870,215-E4-8_g_S22,Somatic muscle,X21,-278.96,-148.75
UCID871,596-E4-8_g_S22,Somatic muscle,X134,-358.96,51.25
UCID872,278-E4-8_g_S22,Somatic muscle,X152,361.04,51.25
UCID873,1154-E4-8_g_S22,Somatic muscle,X10,121.04000000000002,-188.75
UCID874,1194-E4-8_g_S22,Somatic muscle,X16,401.04,-188.75
UCID875,1342-E4-8_g_S22,Somatic muscle,X21,-278.96,-148.75
UCID876,1068-E4-8_g_S22,Somatic muscle,X150,281.04,51.25
UCID877,894-E4-8_g_S22,Somatic muscle,X182,-278.96,131.25
UCID878,740-E4-8_g_S22,Somatic muscle,X202,-238.95999999999998,171.25
UCID879,410-E4-8_g_S22,Somatic muscle,X203,-198.95999999999998,171.25
UCID880,1422-E4-8_g_S22,Somatic muscle,X188,-38.95999999999998,131.25
UCID881,2017-E4-8_g_S22,Somatic muscle,X101,321.04,-28.75
UCID882,361-E4-8_g_S22,Somatic muscle,X122,161.04000000000002,11.25
UCID883,1982-E4-8_g_S22,Somatic muscle,X167,1.0400000000000205,91.25
UCID884,2022-E4-8_g_S22,Somatic muscle,X184,-198.95999999999998,131.25
UCID885,644-E4-8_g_S22,Somatic muscle,X55,281.04,-108.75
UCID886,1426-E4-8_g_S22,Somatic muscle,X144,41.04000000000002,51.25
UCID887,1081-E4-8_g_S22,Somatic muscle,X191,81.04000000000002,131.25
UCID888,941-E4-8_g_S22,Somatic muscle,X172,201.04000000000002,91.25
UCID889,485-E4-8_g_S22,Somatic muscle,X151,321.04,51.25
UCID890,2084-E4-8_g_S22,Somatic muscle,X67,-238.95999999999998,-68.75
UCID891,650-E4-8_g_S22,Somatic muscle,X173,241.04000000000002,91.25
UCID892,763-E4-8_g_S22,Somatic muscle,X159,-318.96,91.25
UCID893,1103-E4-8_g_S22,Somatic muscle,X111,-278.96,11.25
UCID894,1224-E4-8_g_S22,Somatic muscle,X40,481.04,-148.75
UCID895,1860-E4-8_g_S22,Somatic muscle,X6,-38.95999999999998,-188.75
UCID896,959-E4-8_g_S22,Somatic muscle,X193,161.04000000000002,131.25
UCID897,580-E4-8_g_S22,Somatic muscle,X174,281.04,91.25
UCID898,1083-E4-8_g_S22,Somatic muscle,X124,241.04000000000002,11.25
UCID899,1960-E4-8_g_S22,Somatic muscle,X183,-238.95999999999998,131.25
UCID900,872-E4-8_g_S22,Somatic muscle,X188,-38.95999999999998,131.25
UCID901,1155-E4-8_g_S22,Somatic muscle,X191,81.04000000000002,131.25
UCID902,1297-E4-8_g_S22,Somatic muscle,X137,-238.95999999999998,51.25
UCID903,393-E4-8_g_S22,Somatic muscle,X175,321.04,91.25
UCID904,586-E4-8_g_S22,Somatic muscle,X82,-438.96,-28.75
UCID905,338-E4-8_g_S22,Somatic muscle,X150,281.04,51.25
UCID906,1461-E4-8_g_S22,Somatic muscle,X133,-398.96,51.25
UCID907,191-E4-8_g_S22,Somatic muscle,X36,321.04,-148.75
UCID908,157-E4-8_g_S22,Somatic muscle,X153,401.04,51.25
UCID909,1132-E4-8_g_S22,Somatic muscle,X128,401.04,11.25
UCID910,853-E4-8_g_S22,Somatic muscle,X50,-78.95999999999998,-108.75
UCID911,950-E4-8_g_S22,Somatic muscle,X212,161.04000000000002,171.25
UCID912,772-E4-8_g_S22,Somatic muscle,X189,1.0400000000000205,131.25
UCID913,541-E4-8_g_S22,Somatic muscle,X185,-158.95999999999998,131.25
UCID914,1393-E4-8_g_S22,Somatic muscle,X182,-278.96,131.25
UCID915,463-E4-8_g_S22,Somatic muscle,X86,-278.96,-28.75
UCID916,450-E4-8_g_S22,Somatic muscle,X57,361.04,-108.75
UCID917,1926-E4-8_g_S22,Somatic muscle,X68,-198.95999999999998,-68.75
UCID918,1292-E4-8_g_S22,Somatic muscle,X206,-78.95999999999998,171.25
UCID919,954-E4-8_g_S22,Somatic muscle,X4,-158.95999999999998,-188.75
UCID920,446-E4-8_g_S22,Somatic muscle,X126,321.04,11.25
UCID921,1213-E4-8_g_S22,Somatic muscle,X209,41.04000000000002,171.25
UCID922,317-E4-8_g_S22,Somatic muscle,X175,321.04,91.25
UCID923,946-E4-8_g_S22,Somatic muscle,X196,281.04,131.25
UCID924,704-E4-8_g_S22,Somatic muscle,X151,321.04,51.25
UCID925,353-E4-8_g_S22,Visceral branch,X37,361.04,-148.75
UCID926,286-E4-8_g_S22,Visceral branch,X123,201.04000000000002,11.25
UCID927,1407-E4-8_g_S22,Visceral branch,X207,-38.95999999999998,171.25
UCID928,1997-E4-8_g_S22,Visceral branch,X171,161.04000000000002,91.25
UCID929,961-E4-8_g_S22,Visceral branch,X175,321.04,91.25
UCID930,115-E4-8_g_S22,Visceral branch,X104,441.04,-28.75
UCID931,136-E4-8_g_S22,Visceral branch,X59,441.04,-108.75
UCID932,1546-E4-8_g_S22,Visceral branch,X214,241.04000000000002,171.25
UCID933,137-E4-8_g_S22,Visceral branch,X61,-478.96,-68.75
UCID934,1508-E4-8_g_S22,Visceral branch,X187,-78.95999999999998,131.25
UCID935,2478-E4-8_g_S22,Visceral branch,X36,321.04,-148.75
UCID936,2047-E4-8_g_S22,Visceral branch,X62,-438.96,-68.75
UCID937,689-E4-8_g_S22,Visceral branch,X62,-438.96,-68.75
UCID938,301-E4-8_g_S22,Visceral branch,X103,401.04,-28.75
UCID939,1305-E4-8_g_S22,Visceral branch,X87,-238.95999999999998,-28.75
UCID940,2363-E4-8_g_S22,Visceral branch,X25,-118.95999999999998,-148.75
UCID941,1650-E4-8_g_S22,Salivary gland body,X140,-118.95999999999998,51.25
UCID942,1486-E4-8_g_S22,Salivary gland body,X187,-78.95999999999998,131.25
UCID943,1910-E4-8_g_S22,Salivary gland body,X79,441.04,-68.75
UCID944,1599-E4-8_g_S22,Salivary gland body,X138,-198.95999999999998,51.25
UCID945,1736-E4-8_g_S22,Salivary gland body,X163,-158.95999999999998,91.25
UCID946,1984-E4-8_g_S22,Salivary gland body,X192,121.04000000000002,131.25
UCID947,1881-E4-8_g_S22,Salivary gland body,X183,-238.95999999999998,131.25
UCID948,1814-E4-8_g_S22,Salivary gland body,X162,-198.95999999999998,91.25
UCID949,1779-E4-8_g_S22,Salivary gland body,X16,401.04,-188.75
UCID950,1725-E4-8_g_S22,Salivary gland body,X139,-158.95999999999998,51.25
UCID951,1716-E4-8_g_S22,Salivary gland body,X163,-158.95999999999998,91.25
UCID952,1702-E4-8_g_S22,Salivary gland body,X164,-118.95999999999998,91.25
UCID953,1937-E4-8_g_S22,Salivary gland body,X162,-198.95999999999998,91.25
UCID954,1511-E4-8_g_S22,Salivary gland body,X183,-238.95999999999998,131.25
UCID955,1634-E4-8_g_S22,Salivary gland body,X186,-118.95999999999998,131.25
UCID956,1784-E4-8_g_S22,Salivary gland body,X170,121.04000000000002,91.25
UCID957,1861-E4-8_g_S22,Salivary gland body,X164,-118.95999999999998,91.25
UCID958,1931-E4-8_g_S22,Salivary gland body,X139,-158.95999999999998,51.25
UCID959,1793-E4-8_g_S22,Salivary gland body,X162,-198.95999999999998,91.25
UCID960,1839-E4-8_g_S22,Salivary gland body,X64,-358.96,-68.75
UCID961,1954-E4-8_g_S22,Salivary gland body,X161,-238.95999999999998,91.25
UCID962,1562-E4-8_g_S22,Salivary gland body,X138,-198.95999999999998,51.25
UCID963,1916-E4-8_g_S22,Salivary gland body,X150,281.04,51.25
UCID964,1872-E4-8_g_S22,Salivary gland body,X163,-158.95999999999998,91.25
UCID965,1909-E4-8_g_S22,Salivary gland body,X161,-238.95999999999998,91.25
UCID966,1678-E4-8_g_S22,Salivary gland body,X161,-238.95999999999998,91.25
UCID967,1961-E4-8_g_S22,Salivary gland body,X161,-238.95999999999998,91.25
UCID968,1489-E4-8_g_S22,Salivary gland body,X164,-118.95999999999998,91.25
UCID969,1904-E4-8_g_S22,Salivary gland body,X138,-198.95999999999998,51.25
UCID970,1605-E4-8_g_S22,Salivary gland body,X164,-118.95999999999998,91.25
UCID971,1799-E4-8_g_S22,Salivary gland body,X163,-158.95999999999998,91.25
UCID972,1749-E4-8_g_S22,Salivary gland body,X157,-398.96,91.25
UCID973,1794-E4-8_g_S22,Salivary gland body,X139,-158.95999999999998,51.25
UCID974,1809-E4-8_g_S22,Salivary gland body,X23,-198.95999999999998,-148.75
UCID975,1863-E4-8_g_S22,Salivary gland body,X162,-198.95999999999998,91.25
UCID976,1972-E4-8_g_S22,Salivary gland body,X70,-118.95999999999998,-68.75
UCID977,1558-E4-8_g_S22,Salivary gland body,X138,-198.95999999999998,51.25
UCID978,1509-E4-8_g_S22,Salivary gland body,X165,-78.95999999999998,91.25
UCID979,1524-E4-8_g_S22,Salivary gland body,X187,-78.95999999999998,131.25
UCID980,1980-E4-8_g_S22,Salivary gland body,X161,-238.95999999999998,91.25
