Cell IDs	CellType
1-E4-8_g_S22	Visceral muscle
2-E4-8_g_S22	Trachea
3-E4-8_g_S22	Epidermis
4-E4-8_g_S22	Foregut
5-E4-8_g_S22	Stomatogastric nervous system
6-E4-8_g_S22	Stomatogastric nervous system
7-E4-8_g_S22	Epidermis
8-E4-8_g_S22	Hemolymph cells
9-E4-8_g_S22	Trachea
10-E4-8_g_S22	Trachea
11-E4-8_g_S22	Midgut
12-E4-8_g_S22	Epidermis
13-E4-8_g_S22	Trachea
14-E4-8_g_S22	Trachea
15-E4-8_g_S22	Trachea
16-E4-8_g_S22	Hemolymph cells
17-E4-8_g_S22	Amnioserosa
18-E4-8_g_S22	Midgut
19-E4-8_g_S22	Trachea
20-E4-8_g_S22	Trachea
21-E4-8_g_S22	Hemolymph cells
22-E4-8_g_S22	Trachea
23-E4-8_g_S22	Epidermis
24-E4-8_g_S22	Epidermis
25-E4-8_g_S22	Midgut
26-E4-8_g_S22	Trachea
27-E4-8_g_S22	Trachea
29-E4-8_g_S22	Epidermis
30-E4-8_g_S22	Trachea
32-E4-8_g_S22	Trachea
33-E4-8_g_S22	Trachea
34-E4-8_g_S22	Trachea
35-E4-8_g_S22	Hemolymph cells
36-E4-8_g_S22	Stomatogastric nervous system
37-E4-8_g_S22	Epidermis
38-E4-8_g_S22	Epidermis
39-E4-8_g_S22	Trachea
40-E4-8_g_S22	CNS
41-E4-8_g_S22	CNS
42-E4-8_g_S22	Trachea
43-E4-8_g_S22	Fat body
45-E4-8_g_S22	CNS
46-E4-8_g_S22	Epidermis
47-E4-8_g_S22	Trachea
49-E4-8_g_S22	Hemolymph cells
50-E4-8_g_S22	Somatic muscle
51-E4-8_g_S22	Trachea
52-E4-8_g_S22	Trachea
53-E4-8_g_S22	CNS
54-E4-8_g_S22	Trachea
55-E4-8_g_S22	Foregut
56-E4-8_g_S22	Epidermis
57-E4-8_g_S22	Epidermis
58-E4-8_g_S22	CNS
59-E4-8_g_S22	CNS
61-E4-8_g_S22	CNS
62-E4-8_g_S22	Trachea
63-E4-8_g_S22	Epidermis
64-E4-8_g_S22	Epidermis
65-E4-8_g_S22	CNS
66-E4-8_g_S22	Fat body
67-E4-8_g_S22	Trachea
68-E4-8_g_S22	CNS
69-E4-8_g_S22	Epidermis
70-E4-8_g_S22	CNS
71-E4-8_g_S22	CNS
72-E4-8_g_S22	Midgut
73-E4-8_g_S22	Foregut
74-E4-8_g_S22	CNS
75-E4-8_g_S22	CNS
77-E4-8_g_S22	CNS
78-E4-8_g_S22	Epidermis
79-E4-8_g_S22	Epidermis
80-E4-8_g_S22	Fat body
81-E4-8_g_S22	Trachea
82-E4-8_g_S22	CNS
83-E4-8_g_S22	Trachea
85-E4-8_g_S22	CNS
86-E4-8_g_S22	Epidermis
87-E4-8_g_S22	Trachea
88-E4-8_g_S22	CNS
89-E4-8_g_S22	Epidermis
90-E4-8_g_S22	Hemolymph cells
91-E4-8_g_S22	Foregut
92-E4-8_g_S22	CNS
93-E4-8_g_S22	CNS
94-E4-8_g_S22	CNS
95-E4-8_g_S22	Epidermis
96-E4-8_g_S22	Trachea
97-E4-8_g_S22	Epidermis
98-E4-8_g_S22	Foregut
99-E4-8_g_S22	Trachea
100-E4-8_g_S22	CNS
101-E4-8_g_S22	Foregut
102-E4-8_g_S22	Foregut
103-E4-8_g_S22	Epidermis
104-E4-8_g_S22	Trachea
105-E4-8_g_S22	CNS
106-E4-8_g_S22	Fat body
107-E4-8_g_S22	Trachea
108-E4-8_g_S22	Trachea
109-E4-8_g_S22	Epidermis
110-E4-8_g_S22	Epidermis
111-E4-8_g_S22	Trachea
112-E4-8_g_S22	Epidermis
113-E4-8_g_S22	CNS
114-E4-8_g_S22	Trachea
115-E4-8_g_S22	Visceral branch
116-E4-8_g_S22	Amnioserosa
117-E4-8_g_S22	CNS
118-E4-8_g_S22	CNS
119-E4-8_g_S22	Fat body
120-E4-8_g_S22	CNS
121-E4-8_g_S22	CNS
122-E4-8_g_S22	CNS
123-E4-8_g_S22	CNS
124-E4-8_g_S22	Epidermis
125-E4-8_g_S22	Trachea
126-E4-8_g_S22	Trachea
127-E4-8_g_S22	Epidermis
128-E4-8_g_S22	CNS
129-E4-8_g_S22	Foregut
130-E4-8_g_S22	Epidermis
131-E4-8_g_S22	Epidermis
132-E4-8_g_S22	CNS
133-E4-8_g_S22	Epidermis
134-E4-8_g_S22	Visceral branch
135-E4-8_g_S22	Foregut
136-E4-8_g_S22	Visceral branch
137-E4-8_g_S22	Visceral branch
138-E4-8_g_S22	Epidermis
139-E4-8_g_S22	CNS
140-E4-8_g_S22	CNS
141-E4-8_g_S22	CNS
142-E4-8_g_S22	Fat body
143-E4-8_g_S22	CNS
144-E4-8_g_S22	CNS
145-E4-8_g_S22	Fat body
146-E4-8_g_S22	Foregut
147-E4-8_g_S22	Epidermis
148-E4-8_g_S22	CNS
149-E4-8_g_S22	Epidermis
150-E4-8_g_S22	CNS
151-E4-8_g_S22	Fat body
152-E4-8_g_S22	Somatic muscle
153-E4-8_g_S22	Trachea
154-E4-8_g_S22	Epidermis
155-E4-8_g_S22	Epidermis
156-E4-8_g_S22	CNS
157-E4-8_g_S22	Somatic muscle
158-E4-8_g_S22	Somatic muscle
159-E4-8_g_S22	Epidermis
160-E4-8_g_S22	Epidermis
161-E4-8_g_S22	Epidermis
162-E4-8_g_S22	Epidermis
163-E4-8_g_S22	Visceral muscle
164-E4-8_g_S22	Epidermis
165-E4-8_g_S22	Epidermis
166-E4-8_g_S22	Epidermis
167-E4-8_g_S22	Epidermis
168-E4-8_g_S22	Fat body
169-E4-8_g_S22	Epidermis
170-E4-8_g_S22	Epidermis
171-E4-8_g_S22	Somatic muscle
172-E4-8_g_S22	Somatic muscle
173-E4-8_g_S22	Trachea
174-E4-8_g_S22	Epidermis
175-E4-8_g_S22	Epidermis
176-E4-8_g_S22	CNS
177-E4-8_g_S22	CNS
178-E4-8_g_S22	Somatic muscle
179-E4-8_g_S22	Fat body
180-E4-8_g_S22	Trachea
181-E4-8_g_S22	CNS
182-E4-8_g_S22	CNS
183-E4-8_g_S22	Epidermis
184-E4-8_g_S22	Epidermis
185-E4-8_g_S22	Epidermis
186-E4-8_g_S22	CNS
187-E4-8_g_S22	Epidermis
188-E4-8_g_S22	Epidermis
189-E4-8_g_S22	Epidermis
190-E4-8_g_S22	CNS
191-E4-8_g_S22	Somatic muscle
192-E4-8_g_S22	Epidermis
193-E4-8_g_S22	Trachea
194-E4-8_g_S22	Foregut
195-E4-8_g_S22	Midgut
196-E4-8_g_S22	Trachea
197-E4-8_g_S22	Midgut
198-E4-8_g_S22	CNS
199-E4-8_g_S22	Fat body
200-E4-8_g_S22	Trachea
201-E4-8_g_S22	Epidermis
202-E4-8_g_S22	Epidermis
203-E4-8_g_S22	Epidermis
204-E4-8_g_S22	Epidermis
205-E4-8_g_S22	Visceral muscle
206-E4-8_g_S22	Somatic muscle
207-E4-8_g_S22	Trachea
208-E4-8_g_S22	Foregut
209-E4-8_g_S22	Midgut
210-E4-8_g_S22	Epidermis
211-E4-8_g_S22	CNS
212-E4-8_g_S22	Somatic muscle
213-E4-8_g_S22	Trachea
214-E4-8_g_S22	Somatic muscle
215-E4-8_g_S22	Somatic muscle
216-E4-8_g_S22	Visceral muscle
217-E4-8_g_S22	Epidermis
218-E4-8_g_S22	CNS
219-E4-8_g_S22	Midgut
220-E4-8_g_S22	Foregut
221-E4-8_g_S22	CNS
222-E4-8_g_S22	Midgut
223-E4-8_g_S22	Epidermis
224-E4-8_g_S22	Epidermis
225-E4-8_g_S22	Epidermis
226-E4-8_g_S22	Epidermis
227-E4-8_g_S22	Midgut
228-E4-8_g_S22	Trachea
229-E4-8_g_S22	Epidermis
230-E4-8_g_S22	Trachea
231-E4-8_g_S22	Epidermis
232-E4-8_g_S22	Epidermis
233-E4-8_g_S22	Somatic muscle
234-E4-8_g_S22	Visceral muscle
235-E4-8_g_S22	CNS
236-E4-8_g_S22	Midgut
237-E4-8_g_S22	Epidermis
238-E4-8_g_S22	CNS
239-E4-8_g_S22	Midgut
240-E4-8_g_S22	Epidermis
241-E4-8_g_S22	Epidermis
242-E4-8_g_S22	Somatic muscle
243-E4-8_g_S22	Somatic muscle
244-E4-8_g_S22	Foregut
245-E4-8_g_S22	CNS
246-E4-8_g_S22	Midgut
247-E4-8_g_S22	Epidermis
248-E4-8_g_S22	Midgut
249-E4-8_g_S22	Somatic muscle
250-E4-8_g_S22	CNS
251-E4-8_g_S22	Midgut
252-E4-8_g_S22	Midgut
253-E4-8_g_S22	Trachea
254-E4-8_g_S22	Epidermis
255-E4-8_g_S22	Epidermis
256-E4-8_g_S22	Epidermis
257-E4-8_g_S22	Trachea
258-E4-8_g_S22	Trachea
259-E4-8_g_S22	Visceral muscle
260-E4-8_g_S22	Epidermis
261-E4-8_g_S22	Epidermis
262-E4-8_g_S22	CNS
263-E4-8_g_S22	CNS
264-E4-8_g_S22	Midgut
265-E4-8_g_S22	Visceral muscle
266-E4-8_g_S22	Midgut
267-E4-8_g_S22	Midgut
268-E4-8_g_S22	CNS
269-E4-8_g_S22	Epidermis
270-E4-8_g_S22	Visceral muscle
271-E4-8_g_S22	Midgut
273-E4-8_g_S22	Foregut
274-E4-8_g_S22	Somatic muscle
275-E4-8_g_S22	Visceral muscle
276-E4-8_g_S22	Visceral muscle
277-E4-8_g_S22	Epidermis
278-E4-8_g_S22	Somatic muscle
279-E4-8_g_S22	Epidermis
280-E4-8_g_S22	Epidermis
281-E4-8_g_S22	Somatic muscle
282-E4-8_g_S22	Foregut
283-E4-8_g_S22	Epidermis
284-E4-8_g_S22	Foregut
285-E4-8_g_S22	Visceral branch
286-E4-8_g_S22	Visceral branch
287-E4-8_g_S22	Midgut
288-E4-8_g_S22	Midgut
289-E4-8_g_S22	Trachea
290-E4-8_g_S22	Somatic muscle
291-E4-8_g_S22	Midgut
292-E4-8_g_S22	Epidermis
293-E4-8_g_S22	Visceral muscle
294-E4-8_g_S22	Midgut
295-E4-8_g_S22	Trachea
296-E4-8_g_S22	Visceral branch
297-E4-8_g_S22	Somatic muscle
298-E4-8_g_S22	Somatic muscle
299-E4-8_g_S22	Somatic muscle
301-E4-8_g_S22	Visceral branch
302-E4-8_g_S22	Epidermis
303-E4-8_g_S22	Somatic muscle
304-E4-8_g_S22	Midgut
305-E4-8_g_S22	Somatic muscle
306-E4-8_g_S22	Epidermis
307-E4-8_g_S22	Somatic muscle
308-E4-8_g_S22	Midgut
309-E4-8_g_S22	Trachea
310-E4-8_g_S22	Somatic muscle
311-E4-8_g_S22	Visceral muscle
312-E4-8_g_S22	Somatic muscle
313-E4-8_g_S22	Epidermis
314-E4-8_g_S22	Somatic muscle
315-E4-8_g_S22	Midgut
316-E4-8_g_S22	Epidermis
317-E4-8_g_S22	Somatic muscle
318-E4-8_g_S22	Midgut
319-E4-8_g_S22	Hemolymph cells
320-E4-8_g_S22	Somatic muscle
321-E4-8_g_S22	Somatic muscle
322-E4-8_g_S22	Somatic muscle
323-E4-8_g_S22	Epidermis
324-E4-8_g_S22	Somatic muscle
325-E4-8_g_S22	Somatic muscle
326-E4-8_g_S22	Midgut
327-E4-8_g_S22	Somatic muscle
328-E4-8_g_S22	Hemolymph cells
329-E4-8_g_S22	Midgut
330-E4-8_g_S22	Somatic muscle
331-E4-8_g_S22	Epidermis
332-E4-8_g_S22	Epidermis
333-E4-8_g_S22	Somatic muscle
334-E4-8_g_S22	Somatic muscle
335-E4-8_g_S22	Somatic muscle
336-E4-8_g_S22	Trachea
337-E4-8_g_S22	Trachea
338-E4-8_g_S22	Somatic muscle
339-E4-8_g_S22	Somatic muscle
340-E4-8_g_S22	Somatic muscle
341-E4-8_g_S22	Foregut
342-E4-8_g_S22	Midgut
343-E4-8_g_S22	Somatic muscle
344-E4-8_g_S22	Midgut
345-E4-8_g_S22	Epidermis
346-E4-8_g_S22	Somatic muscle
347-E4-8_g_S22	Midgut
348-E4-8_g_S22	Trachea
349-E4-8_g_S22	Midgut
350-E4-8_g_S22	Visceral muscle
351-E4-8_g_S22	Stomatogastric nervous system
352-E4-8_g_S22	Midgut
353-E4-8_g_S22	Visceral branch
354-E4-8_g_S22	Epidermis
355-E4-8_g_S22	Epidermis
356-E4-8_g_S22	Somatic muscle
357-E4-8_g_S22	Somatic muscle
358-E4-8_g_S22	Epidermis
359-E4-8_g_S22	Trachea
360-E4-8_g_S22	Somatic muscle
361-E4-8_g_S22	Somatic muscle
362-E4-8_g_S22	Somatic muscle
363-E4-8_g_S22	Midgut
364-E4-8_g_S22	Midgut
365-E4-8_g_S22	Foregut
366-E4-8_g_S22	Midgut
367-E4-8_g_S22	Trachea
368-E4-8_g_S22	Epidermis
369-E4-8_g_S22	Somatic muscle
370-E4-8_g_S22	Midgut
371-E4-8_g_S22	Epidermis
372-E4-8_g_S22	Trachea
373-E4-8_g_S22	Somatic muscle
374-E4-8_g_S22	Somatic muscle
375-E4-8_g_S22	Midgut
376-E4-8_g_S22	Epidermis
377-E4-8_g_S22	Midgut
378-E4-8_g_S22	Somatic muscle
379-E4-8_g_S22	Midgut
380-E4-8_g_S22	Midgut
381-E4-8_g_S22	Epidermis
382-E4-8_g_S22	Somatic muscle
383-E4-8_g_S22	Somatic muscle
384-E4-8_g_S22	Midgut
385-E4-8_g_S22	Midgut
386-E4-8_g_S22	Midgut
387-E4-8_g_S22	Trachea
388-E4-8_g_S22	Epidermis
389-E4-8_g_S22	Midgut
390-E4-8_g_S22	Midgut
391-E4-8_g_S22	Midgut
392-E4-8_g_S22	Epidermis
393-E4-8_g_S22	Somatic muscle
394-E4-8_g_S22	Midgut
395-E4-8_g_S22	Foregut
396-E4-8_g_S22	Trachea
397-E4-8_g_S22	Epidermis
398-E4-8_g_S22	Midgut
399-E4-8_g_S22	Somatic muscle
400-E4-8_g_S22	Somatic muscle
401-E4-8_g_S22	Amnioserosa
402-E4-8_g_S22	Epidermis
403-E4-8_g_S22	Midgut
404-E4-8_g_S22	Midgut
405-E4-8_g_S22	Midgut
406-E4-8_g_S22	Epidermis
407-E4-8_g_S22	Somatic muscle
408-E4-8_g_S22	Midgut
409-E4-8_g_S22	Epidermis
410-E4-8_g_S22	Somatic muscle
411-E4-8_g_S22	Somatic muscle
412-E4-8_g_S22	Foregut
413-E4-8_g_S22	Somatic muscle
414-E4-8_g_S22	Amnioserosa
415-E4-8_g_S22	Amnioserosa
416-E4-8_g_S22	Somatic muscle
417-E4-8_g_S22	Somatic muscle
418-E4-8_g_S22	Midgut
419-E4-8_g_S22	Midgut
420-E4-8_g_S22	Epidermis
421-E4-8_g_S22	Somatic muscle
422-E4-8_g_S22	Somatic muscle
423-E4-8_g_S22	Hemolymph cells
424-E4-8_g_S22	Trachea
425-E4-8_g_S22	Foregut
426-E4-8_g_S22	Epidermis
427-E4-8_g_S22	Somatic muscle
428-E4-8_g_S22	Midgut
429-E4-8_g_S22	Foregut
430-E4-8_g_S22	Somatic muscle
431-E4-8_g_S22	Midgut
432-E4-8_g_S22	Midgut
433-E4-8_g_S22	Somatic muscle
434-E4-8_g_S22	Midgut
435-E4-8_g_S22	Somatic muscle
436-E4-8_g_S22	Midgut
437-E4-8_g_S22	Trachea
438-E4-8_g_S22	Somatic muscle
439-E4-8_g_S22	Somatic muscle
440-E4-8_g_S22	Visceral branch
441-E4-8_g_S22	Midgut
442-E4-8_g_S22	Foregut
443-E4-8_g_S22	Epidermis
444-E4-8_g_S22	Somatic muscle
445-E4-8_g_S22	Midgut
446-E4-8_g_S22	Somatic muscle
447-E4-8_g_S22	Somatic muscle
448-E4-8_g_S22	Somatic muscle
449-E4-8_g_S22	Epidermis
450-E4-8_g_S22	Somatic muscle
451-E4-8_g_S22	Somatic muscle
452-E4-8_g_S22	Visceral muscle
453-E4-8_g_S22	Midgut
454-E4-8_g_S22	Midgut
455-E4-8_g_S22	Midgut
456-E4-8_g_S22	Foregut
457-E4-8_g_S22	Somatic muscle
458-E4-8_g_S22	Midgut
459-E4-8_g_S22	Midgut
460-E4-8_g_S22	Epidermis
461-E4-8_g_S22	Hemolymph cells
462-E4-8_g_S22	Somatic muscle
463-E4-8_g_S22	Somatic muscle
464-E4-8_g_S22	Midgut
465-E4-8_g_S22	Midgut
466-E4-8_g_S22	Amnioserosa
467-E4-8_g_S22	Epidermis
468-E4-8_g_S22	Somatic muscle
469-E4-8_g_S22	Somatic muscle
470-E4-8_g_S22	Midgut
471-E4-8_g_S22	Midgut
472-E4-8_g_S22	CNS
473-E4-8_g_S22	Trachea
474-E4-8_g_S22	Somatic muscle
475-E4-8_g_S22	Visceral muscle
476-E4-8_g_S22	Midgut
477-E4-8_g_S22	Foregut
478-E4-8_g_S22	Visceral muscle
479-E4-8_g_S22	Midgut
480-E4-8_g_S22	Midgut
481-E4-8_g_S22	Somatic muscle
482-E4-8_g_S22	Midgut
483-E4-8_g_S22	Visceral muscle
484-E4-8_g_S22	Midgut
485-E4-8_g_S22	Somatic muscle
486-E4-8_g_S22	Amnioserosa
487-E4-8_g_S22	Epidermis
488-E4-8_g_S22	Somatic muscle
489-E4-8_g_S22	Somatic muscle
490-E4-8_g_S22	Somatic muscle
491-E4-8_g_S22	Midgut
492-E4-8_g_S22	Amnioserosa
493-E4-8_g_S22	Epidermis
494-E4-8_g_S22	Somatic muscle
495-E4-8_g_S22	Midgut
496-E4-8_g_S22	Visceral muscle
497-E4-8_g_S22	Midgut
498-E4-8_g_S22	Midgut
499-E4-8_g_S22	Visceral branch
500-E4-8_g_S22	Foregut
501-E4-8_g_S22	Midgut
502-E4-8_g_S22	Midgut
503-E4-8_g_S22	Somatic muscle
504-E4-8_g_S22	Midgut
505-E4-8_g_S22	Amnioserosa
507-E4-8_g_S22	Trachea
508-E4-8_g_S22	Foregut
509-E4-8_g_S22	Visceral branch
510-E4-8_g_S22	Amnioserosa
511-E4-8_g_S22	Epidermis
512-E4-8_g_S22	Somatic muscle
513-E4-8_g_S22	Somatic muscle
514-E4-8_g_S22	Visceral muscle
515-E4-8_g_S22	Midgut
516-E4-8_g_S22	Foregut
517-E4-8_g_S22	Epidermis
518-E4-8_g_S22	Somatic muscle
519-E4-8_g_S22	Somatic muscle
520-E4-8_g_S22	Visceral muscle
521-E4-8_g_S22	Midgut
522-E4-8_g_S22	Somatic muscle
523-E4-8_g_S22	Foregut
524-E4-8_g_S22	Midgut
525-E4-8_g_S22	Foregut
526-E4-8_g_S22	Amnioserosa
527-E4-8_g_S22	Somatic muscle
528-E4-8_g_S22	Somatic muscle
529-E4-8_g_S22	Midgut
530-E4-8_g_S22	Midgut
531-E4-8_g_S22	Midgut
532-E4-8_g_S22	Epidermis
533-E4-8_g_S22	Amnioserosa
534-E4-8_g_S22	Epidermis
535-E4-8_g_S22	Somatic muscle
536-E4-8_g_S22	Midgut
537-E4-8_g_S22	Epidermis
538-E4-8_g_S22	Trachea
539-E4-8_g_S22	Foregut
540-E4-8_g_S22	Epidermis
541-E4-8_g_S22	Somatic muscle
542-E4-8_g_S22	Midgut
543-E4-8_g_S22	Foregut
544-E4-8_g_S22	Epidermis
545-E4-8_g_S22	Trachea
546-E4-8_g_S22	Somatic muscle
547-E4-8_g_S22	Visceral muscle
548-E4-8_g_S22	Visceral muscle
549-E4-8_g_S22	Foregut
550-E4-8_g_S22	Somatic muscle
551-E4-8_g_S22	Somatic muscle
552-E4-8_g_S22	Visceral muscle
553-E4-8_g_S22	Midgut
554-E4-8_g_S22	Midgut
555-E4-8_g_S22	Somatic muscle
556-E4-8_g_S22	Foregut
557-E4-8_g_S22	Amnioserosa
558-E4-8_g_S22	Amnioserosa
559-E4-8_g_S22	Somatic muscle
560-E4-8_g_S22	Somatic muscle
561-E4-8_g_S22	Visceral muscle
562-E4-8_g_S22	Epidermis
563-E4-8_g_S22	Visceral muscle
564-E4-8_g_S22	Somatic muscle
565-E4-8_g_S22	Foregut
566-E4-8_g_S22	Epidermis
567-E4-8_g_S22	Epidermis
568-E4-8_g_S22	Visceral muscle
569-E4-8_g_S22	Midgut
570-E4-8_g_S22	Foregut
571-E4-8_g_S22	Epidermis
572-E4-8_g_S22	Foregut
573-E4-8_g_S22	Visceral branch
574-E4-8_g_S22	Midgut
575-E4-8_g_S22	Midgut
576-E4-8_g_S22	Foregut
577-E4-8_g_S22	Hemolymph cells
578-E4-8_g_S22	Epidermis
579-E4-8_g_S22	Foregut
580-E4-8_g_S22	Somatic muscle
581-E4-8_g_S22	Visceral muscle
582-E4-8_g_S22	Foregut
583-E4-8_g_S22	Midgut
584-E4-8_g_S22	Midgut
585-E4-8_g_S22	Epidermis
586-E4-8_g_S22	Somatic muscle
587-E4-8_g_S22	Foregut
588-E4-8_g_S22	Foregut
589-E4-8_g_S22	Amnioserosa
590-E4-8_g_S22	Epidermis
591-E4-8_g_S22	Stomatogastric nervous system
592-E4-8_g_S22	Midgut
593-E4-8_g_S22	Foregut
594-E4-8_g_S22	Epidermis
595-E4-8_g_S22	Epidermis
596-E4-8_g_S22	Somatic muscle
597-E4-8_g_S22	Visceral muscle
599-E4-8_g_S22	Foregut
600-E4-8_g_S22	Epidermis
601-E4-8_g_S22	Visceral branch
602-E4-8_g_S22	Somatic muscle
604-E4-8_g_S22	Epidermis
605-E4-8_g_S22	Epidermis
606-E4-8_g_S22	Foregut
607-E4-8_g_S22	Amnioserosa
608-E4-8_g_S22	Foregut
609-E4-8_g_S22	Midgut
610-E4-8_g_S22	Hemolymph cells
611-E4-8_g_S22	Trachea
612-E4-8_g_S22	Somatic muscle
613-E4-8_g_S22	Foregut
614-E4-8_g_S22	Epidermis
615-E4-8_g_S22	Trachea
616-E4-8_g_S22	Visceral muscle
617-E4-8_g_S22	Foregut
618-E4-8_g_S22	Epidermis
619-E4-8_g_S22	Somatic muscle
620-E4-8_g_S22	Foregut
621-E4-8_g_S22	Somatic muscle
622-E4-8_g_S22	Epidermis
623-E4-8_g_S22	Somatic muscle
624-E4-8_g_S22	Somatic muscle
625-E4-8_g_S22	Epidermis
626-E4-8_g_S22	Foregut
627-E4-8_g_S22	Hemolymph cells
628-E4-8_g_S22	Visceral branch
629-E4-8_g_S22	Amnioserosa
630-E4-8_g_S22	Visceral muscle
631-E4-8_g_S22	Midgut
632-E4-8_g_S22	Foregut
633-E4-8_g_S22	Amnioserosa
634-E4-8_g_S22	Epidermis
635-E4-8_g_S22	Midgut
636-E4-8_g_S22	Midgut
638-E4-8_g_S22	Epidermis
639-E4-8_g_S22	Somatic muscle
640-E4-8_g_S22	Somatic muscle
641-E4-8_g_S22	Visceral muscle
642-E4-8_g_S22	Midgut
644-E4-8_g_S22	Somatic muscle
646-E4-8_g_S22	Visceral muscle
647-E4-8_g_S22	Midgut
648-E4-8_g_S22	Stomatogastric nervous system
649-E4-8_g_S22	Visceral branch
650-E4-8_g_S22	Somatic muscle
651-E4-8_g_S22	Visceral muscle
652-E4-8_g_S22	Midgut
653-E4-8_g_S22	Epidermis
654-E4-8_g_S22	Epidermis
655-E4-8_g_S22	Somatic muscle
656-E4-8_g_S22	Midgut
657-E4-8_g_S22	Amnioserosa
658-E4-8_g_S22	Midgut
659-E4-8_g_S22	Hemolymph cells
660-E4-8_g_S22	Visceral muscle
661-E4-8_g_S22	Visceral branch
662-E4-8_g_S22	Epidermis
663-E4-8_g_S22	Somatic muscle
664-E4-8_g_S22	Midgut
665-E4-8_g_S22	Somatic muscle
666-E4-8_g_S22	Midgut
667-E4-8_g_S22	Midgut
668-E4-8_g_S22	Midgut
669-E4-8_g_S22	Visceral muscle
670-E4-8_g_S22	Epidermis
671-E4-8_g_S22	Somatic muscle
672-E4-8_g_S22	Somatic muscle
673-E4-8_g_S22	Hemolymph cells
674-E4-8_g_S22	Somatic muscle
675-E4-8_g_S22	Trachea
676-E4-8_g_S22	Visceral muscle
677-E4-8_g_S22	Visceral muscle
678-E4-8_g_S22	Midgut
679-E4-8_g_S22	Midgut
680-E4-8_g_S22	Hemolymph cells
681-E4-8_g_S22	Visceral muscle
682-E4-8_g_S22	Foregut
683-E4-8_g_S22	Somatic muscle
684-E4-8_g_S22	Somatic muscle
685-E4-8_g_S22	Epidermis
686-E4-8_g_S22	Foregut
687-E4-8_g_S22	Amnioserosa
688-E4-8_g_S22	Epidermis
689-E4-8_g_S22	Visceral branch
690-E4-8_g_S22	Trachea
691-E4-8_g_S22	Trachea
692-E4-8_g_S22	Epidermis
693-E4-8_g_S22	Epidermis
694-E4-8_g_S22	Midgut
695-E4-8_g_S22	Hemolymph cells
696-E4-8_g_S22	Visceral muscle
697-E4-8_g_S22	Midgut
698-E4-8_g_S22	Hemolymph cells
699-E4-8_g_S22	Amnioserosa
700-E4-8_g_S22	Epidermis
701-E4-8_g_S22	Somatic muscle
702-E4-8_g_S22	Midgut
703-E4-8_g_S22	CNS
704-E4-8_g_S22	Somatic muscle
705-E4-8_g_S22	Somatic muscle
706-E4-8_g_S22	Hemolymph cells
707-E4-8_g_S22	Epidermis
708-E4-8_g_S22	Trachea
709-E4-8_g_S22	Trachea
710-E4-8_g_S22	Visceral muscle
711-E4-8_g_S22	Midgut
712-E4-8_g_S22	Epidermis
713-E4-8_g_S22	Somatic muscle
714-E4-8_g_S22	Trachea
715-E4-8_g_S22	Hemolymph cells
716-E4-8_g_S22	Somatic muscle
717-E4-8_g_S22	Trachea
718-E4-8_g_S22	Midgut
719-E4-8_g_S22	Midgut
720-E4-8_g_S22	Hemolymph cells
721-E4-8_g_S22	Somatic muscle
722-E4-8_g_S22	Somatic muscle
723-E4-8_g_S22	Visceral muscle
724-E4-8_g_S22	Visceral muscle
725-E4-8_g_S22	Midgut
726-E4-8_g_S22	Midgut
727-E4-8_g_S22	Midgut
728-E4-8_g_S22	Midgut
729-E4-8_g_S22	Hemolymph cells
730-E4-8_g_S22	Somatic muscle
731-E4-8_g_S22	Somatic muscle
732-E4-8_g_S22	Midgut
733-E4-8_g_S22	Somatic muscle
734-E4-8_g_S22	Amnioserosa
735-E4-8_g_S22	Epidermis
736-E4-8_g_S22	Somatic muscle
737-E4-8_g_S22	Foregut
738-E4-8_g_S22	Hemolymph cells
739-E4-8_g_S22	Epidermis
740-E4-8_g_S22	Somatic muscle
741-E4-8_g_S22	Somatic muscle
742-E4-8_g_S22	Visceral muscle
743-E4-8_g_S22	Visceral branch
744-E4-8_g_S22	Amnioserosa
745-E4-8_g_S22	Epidermis
746-E4-8_g_S22	Somatic muscle
748-E4-8_g_S22	Epidermis
749-E4-8_g_S22	Visceral muscle
750-E4-8_g_S22	Midgut
751-E4-8_g_S22	Midgut
752-E4-8_g_S22	Midgut
753-E4-8_g_S22	Epidermis
754-E4-8_g_S22	Midgut
755-E4-8_g_S22	Foregut
756-E4-8_g_S22	Visceral muscle
757-E4-8_g_S22	Visceral muscle
758-E4-8_g_S22	Midgut
759-E4-8_g_S22	Midgut
760-E4-8_g_S22	Somatic muscle
761-E4-8_g_S22	Somatic muscle
762-E4-8_g_S22	Epidermis
763-E4-8_g_S22	Somatic muscle
764-E4-8_g_S22	Visceral muscle
765-E4-8_g_S22	Midgut
766-E4-8_g_S22	Midgut
767-E4-8_g_S22	Hemolymph cells
768-E4-8_g_S22	Amnioserosa
769-E4-8_g_S22	Midgut
770-E4-8_g_S22	Epidermis
771-E4-8_g_S22	Somatic muscle
772-E4-8_g_S22	Somatic muscle
773-E4-8_g_S22	Foregut
774-E4-8_g_S22	Midgut
775-E4-8_g_S22	Epidermis
776-E4-8_g_S22	Somatic muscle
777-E4-8_g_S22	Somatic muscle
778-E4-8_g_S22	Trachea
779-E4-8_g_S22	Visceral muscle
780-E4-8_g_S22	Epidermis
781-E4-8_g_S22	Epidermis
782-E4-8_g_S22	Midgut
783-E4-8_g_S22	Midgut
784-E4-8_g_S22	Epidermis
785-E4-8_g_S22	Epidermis
786-E4-8_g_S22	Visceral muscle
787-E4-8_g_S22	Trachea
788-E4-8_g_S22	Midgut
789-E4-8_g_S22	Midgut
790-E4-8_g_S22	Somatic muscle
791-E4-8_g_S22	Somatic muscle
792-E4-8_g_S22	Midgut
793-E4-8_g_S22	Midgut
794-E4-8_g_S22	Visceral muscle
795-E4-8_g_S22	Somatic muscle
796-E4-8_g_S22	Somatic muscle
797-E4-8_g_S22	Trachea
798-E4-8_g_S22	Stomatogastric nervous system
799-E4-8_g_S22	Midgut
800-E4-8_g_S22	Midgut
801-E4-8_g_S22	Hemolymph cells
802-E4-8_g_S22	Epidermis
803-E4-8_g_S22	Visceral muscle
804-E4-8_g_S22	Epidermis
805-E4-8_g_S22	Visceral muscle
806-E4-8_g_S22	Midgut
807-E4-8_g_S22	Foregut
808-E4-8_g_S22	Epidermis
809-E4-8_g_S22	Midgut
810-E4-8_g_S22	Midgut
811-E4-8_g_S22	Epidermis
812-E4-8_g_S22	Amnioserosa
813-E4-8_g_S22	Amnioserosa
814-E4-8_g_S22	Somatic muscle
815-E4-8_g_S22	Visceral muscle
816-E4-8_g_S22	Visceral muscle
817-E4-8_g_S22	Somatic muscle
818-E4-8_g_S22	Somatic muscle
819-E4-8_g_S22	Midgut
820-E4-8_g_S22	Hemolymph cells
821-E4-8_g_S22	Trachea
822-E4-8_g_S22	Somatic muscle
823-E4-8_g_S22	Trachea
824-E4-8_g_S22	Epidermis
825-E4-8_g_S22	Somatic muscle
826-E4-8_g_S22	Trachea
827-E4-8_g_S22	Visceral muscle
828-E4-8_g_S22	Midgut
829-E4-8_g_S22	Hemolymph cells
830-E4-8_g_S22	Somatic muscle
831-E4-8_g_S22	Somatic muscle
832-E4-8_g_S22	Midgut
833-E4-8_g_S22	Trachea
834-E4-8_g_S22	Somatic muscle
835-E4-8_g_S22	Midgut
836-E4-8_g_S22	Hemolymph cells
837-E4-8_g_S22	Epidermis
838-E4-8_g_S22	Epidermis
839-E4-8_g_S22	Trachea
840-E4-8_g_S22	Hemolymph cells
841-E4-8_g_S22	Epidermis
842-E4-8_g_S22	Epidermis
843-E4-8_g_S22	Visceral muscle
844-E4-8_g_S22	Midgut
845-E4-8_g_S22	Epidermis
846-E4-8_g_S22	Somatic muscle
847-E4-8_g_S22	Midgut
848-E4-8_g_S22	Midgut
849-E4-8_g_S22	Epidermis
850-E4-8_g_S22	Visceral muscle
851-E4-8_g_S22	Fat body
852-E4-8_g_S22	Visceral muscle
853-E4-8_g_S22	Somatic muscle
854-E4-8_g_S22	Midgut
855-E4-8_g_S22	Epidermis
856-E4-8_g_S22	Somatic muscle
857-E4-8_g_S22	Visceral muscle
858-E4-8_g_S22	Visceral muscle
859-E4-8_g_S22	Somatic muscle
860-E4-8_g_S22	Somatic muscle
861-E4-8_g_S22	Midgut
862-E4-8_g_S22	Fat body
863-E4-8_g_S22	CNS
864-E4-8_g_S22	Amnioserosa
865-E4-8_g_S22	Fat body
866-E4-8_g_S22	Amnioserosa
867-E4-8_g_S22	Epidermis
868-E4-8_g_S22	Somatic muscle
869-E4-8_g_S22	Visceral muscle
870-E4-8_g_S22	Epidermis
871-E4-8_g_S22	Somatic muscle
872-E4-8_g_S22	Somatic muscle
873-E4-8_g_S22	Midgut
874-E4-8_g_S22	Midgut
875-E4-8_g_S22	Midgut
876-E4-8_g_S22	Midgut
877-E4-8_g_S22	Epidermis
878-E4-8_g_S22	Somatic muscle
879-E4-8_g_S22	Epidermis
880-E4-8_g_S22	Midgut
881-E4-8_g_S22	CNS
882-E4-8_g_S22	Midgut
883-E4-8_g_S22	Trachea
884-E4-8_g_S22	Somatic muscle
885-E4-8_g_S22	Visceral muscle
886-E4-8_g_S22	Somatic muscle
887-E4-8_g_S22	Somatic muscle
888-E4-8_g_S22	Trachea
889-E4-8_g_S22	Midgut
890-E4-8_g_S22	Amnioserosa
891-E4-8_g_S22	Somatic muscle
892-E4-8_g_S22	Visceral muscle
893-E4-8_g_S22	Epidermis
894-E4-8_g_S22	Somatic muscle
895-E4-8_g_S22	Somatic muscle
896-E4-8_g_S22	Hemolymph cells
897-E4-8_g_S22	Somatic muscle
898-E4-8_g_S22	Visceral muscle
899-E4-8_g_S22	Midgut
900-E4-8_g_S22	Somatic muscle
901-E4-8_g_S22	Trachea
902-E4-8_g_S22	Visceral muscle
903-E4-8_g_S22	Midgut
904-E4-8_g_S22	Fat body
905-E4-8_g_S22	Visceral muscle
906-E4-8_g_S22	Visceral muscle
907-E4-8_g_S22	Epidermis
908-E4-8_g_S22	Somatic muscle
909-E4-8_g_S22	Somatic muscle
910-E4-8_g_S22	Somatic muscle
911-E4-8_g_S22	Epidermis
912-E4-8_g_S22	Somatic muscle
913-E4-8_g_S22	Epidermis
914-E4-8_g_S22	CNS
915-E4-8_g_S22	Somatic muscle
916-E4-8_g_S22	Somatic muscle
917-E4-8_g_S22	Somatic muscle
918-E4-8_g_S22	Midgut
919-E4-8_g_S22	Midgut
920-E4-8_g_S22	Midgut
921-E4-8_g_S22	Midgut
922-E4-8_g_S22	Hemolymph cells
923-E4-8_g_S22	Somatic muscle
924-E4-8_g_S22	Midgut
925-E4-8_g_S22	Epidermis
926-E4-8_g_S22	Somatic muscle
927-E4-8_g_S22	Midgut
928-E4-8_g_S22	Fat body
929-E4-8_g_S22	Epidermis
930-E4-8_g_S22	Visceral muscle
931-E4-8_g_S22	Fat body
932-E4-8_g_S22	Somatic muscle
933-E4-8_g_S22	Somatic muscle
934-E4-8_g_S22	Somatic muscle
935-E4-8_g_S22	Somatic muscle
936-E4-8_g_S22	Visceral muscle
937-E4-8_g_S22	Visceral muscle
938-E4-8_g_S22	Epidermis
939-E4-8_g_S22	Somatic muscle
940-E4-8_g_S22	Epidermis
941-E4-8_g_S22	Somatic muscle
942-E4-8_g_S22	Visceral muscle
943-E4-8_g_S22	Visceral muscle
944-E4-8_g_S22	Amnioserosa
945-E4-8_g_S22	Epidermis
946-E4-8_g_S22	Somatic muscle
947-E4-8_g_S22	Amnioserosa
948-E4-8_g_S22	Midgut
949-E4-8_g_S22	Somatic muscle
950-E4-8_g_S22	Somatic muscle
951-E4-8_g_S22	Somatic muscle
952-E4-8_g_S22	Midgut
953-E4-8_g_S22	Epidermis
954-E4-8_g_S22	Somatic muscle
955-E4-8_g_S22	Trachea
956-E4-8_g_S22	Midgut
957-E4-8_g_S22	Midgut
958-E4-8_g_S22	Midgut
959-E4-8_g_S22	Somatic muscle
960-E4-8_g_S22	Visceral muscle
961-E4-8_g_S22	Visceral branch
962-E4-8_g_S22	Visceral muscle
963-E4-8_g_S22	Midgut
964-E4-8_g_S22	Midgut
965-E4-8_g_S22	Epidermis
966-E4-8_g_S22	Somatic muscle
967-E4-8_g_S22	Amnioserosa
968-E4-8_g_S22	Epidermis
969-E4-8_g_S22	Trachea
970-E4-8_g_S22	Somatic muscle
971-E4-8_g_S22	Midgut
972-E4-8_g_S22	Trachea
973-E4-8_g_S22	Somatic muscle
974-E4-8_g_S22	Epidermis
975-E4-8_g_S22	Visceral branch
976-E4-8_g_S22	Trachea
977-E4-8_g_S22	CNS
978-E4-8_g_S22	Visceral muscle
979-E4-8_g_S22	Midgut
980-E4-8_g_S22	Midgut
981-E4-8_g_S22	Midgut
982-E4-8_g_S22	Midgut
983-E4-8_g_S22	Visceral muscle
984-E4-8_g_S22	Midgut
985-E4-8_g_S22	Trachea
986-E4-8_g_S22	Midgut
987-E4-8_g_S22	Epidermis
988-E4-8_g_S22	Epidermis
989-E4-8_g_S22	Epidermis
990-E4-8_g_S22	Somatic muscle
991-E4-8_g_S22	Epidermis
992-E4-8_g_S22	Somatic muscle
993-E4-8_g_S22	Somatic muscle
994-E4-8_g_S22	Midgut
995-E4-8_g_S22	Midgut
996-E4-8_g_S22	Epidermis
997-E4-8_g_S22	Somatic muscle
998-E4-8_g_S22	Amnioserosa
999-E4-8_g_S22	Somatic muscle
1000-E4-8_g_S22	Visceral muscle
1001-E4-8_g_S22	Epidermis
1002-E4-8_g_S22	Epidermis
1003-E4-8_g_S22	Midgut
1004-E4-8_g_S22	Visceral branch
1005-E4-8_g_S22	Somatic muscle
1006-E4-8_g_S22	Epidermis
1007-E4-8_g_S22	Somatic muscle
1008-E4-8_g_S22	Fat body
1009-E4-8_g_S22	Epidermis
1010-E4-8_g_S22	Epidermis
1011-E4-8_g_S22	Midgut
1012-E4-8_g_S22	Amnioserosa
1013-E4-8_g_S22	Somatic muscle
1014-E4-8_g_S22	Midgut
1015-E4-8_g_S22	Midgut
1016-E4-8_g_S22	Somatic muscle
1017-E4-8_g_S22	Visceral muscle
1018-E4-8_g_S22	Midgut
1019-E4-8_g_S22	Somatic muscle
1020-E4-8_g_S22	Trachea
1021-E4-8_g_S22	Somatic muscle
1022-E4-8_g_S22	Visceral muscle
1023-E4-8_g_S22	Midgut
1024-E4-8_g_S22	Visceral branch
1025-E4-8_g_S22	Trachea
1026-E4-8_g_S22	Epidermis
1027-E4-8_g_S22	CNS
1028-E4-8_g_S22	Somatic muscle
1029-E4-8_g_S22	Fat body
1030-E4-8_g_S22	Epidermis
1031-E4-8_g_S22	Somatic muscle
1032-E4-8_g_S22	Somatic muscle
1033-E4-8_g_S22	Visceral muscle
1034-E4-8_g_S22	Somatic muscle
1035-E4-8_g_S22	Somatic muscle
1036-E4-8_g_S22	Visceral muscle
1037-E4-8_g_S22	Visceral muscle
1038-E4-8_g_S22	Fat body
1039-E4-8_g_S22	Somatic muscle
1040-E4-8_g_S22	Visceral muscle
1041-E4-8_g_S22	Midgut
1042-E4-8_g_S22	Amnioserosa
1043-E4-8_g_S22	CNS
1044-E4-8_g_S22	Somatic muscle
1045-E4-8_g_S22	Midgut
1046-E4-8_g_S22	Fat body
1047-E4-8_g_S22	Somatic muscle
1048-E4-8_g_S22	Epidermis
1049-E4-8_g_S22	Epidermis
1050-E4-8_g_S22	Somatic muscle
1051-E4-8_g_S22	Visceral muscle
1052-E4-8_g_S22	Midgut
1053-E4-8_g_S22	Amnioserosa
1054-E4-8_g_S22	Visceral muscle
1055-E4-8_g_S22	Midgut
1056-E4-8_g_S22	Fat body
1057-E4-8_g_S22	Epidermis
1058-E4-8_g_S22	Somatic muscle
1059-E4-8_g_S22	Midgut
1060-E4-8_g_S22	Epidermis
1061-E4-8_g_S22	Epidermis
1062-E4-8_g_S22	Visceral muscle
1063-E4-8_g_S22	Somatic muscle
1064-E4-8_g_S22	Visceral muscle
1065-E4-8_g_S22	Somatic muscle
1066-E4-8_g_S22	Midgut
1067-E4-8_g_S22	Fat body
1068-E4-8_g_S22	Somatic muscle
1069-E4-8_g_S22	Somatic muscle
1070-E4-8_g_S22	Epidermis
1071-E4-8_g_S22	Visceral muscle
1072-E4-8_g_S22	Fat body
1073-E4-8_g_S22	Amnioserosa
1074-E4-8_g_S22	Somatic muscle
1075-E4-8_g_S22	Fat body
1076-E4-8_g_S22	Epidermis
1077-E4-8_g_S22	Visceral muscle
1078-E4-8_g_S22	Midgut
1079-E4-8_g_S22	Visceral branch
1080-E4-8_g_S22	Somatic muscle
1081-E4-8_g_S22	Somatic muscle
1082-E4-8_g_S22	Stomatogastric nervous system
1083-E4-8_g_S22	Somatic muscle
1084-E4-8_g_S22	Somatic muscle
1085-E4-8_g_S22	Epidermis
1086-E4-8_g_S22	Visceral muscle
1087-E4-8_g_S22	Amnioserosa
1088-E4-8_g_S22	Epidermis
1089-E4-8_g_S22	Midgut
1090-E4-8_g_S22	Somatic muscle
1091-E4-8_g_S22	Visceral muscle
1092-E4-8_g_S22	Epidermis
1093-E4-8_g_S22	Somatic muscle
1094-E4-8_g_S22	Visceral muscle
1095-E4-8_g_S22	Somatic muscle
1096-E4-8_g_S22	Midgut
1097-E4-8_g_S22	Fat body
1098-E4-8_g_S22	Amnioserosa
1099-E4-8_g_S22	Epidermis
1100-E4-8_g_S22	Epidermis
1101-E4-8_g_S22	Midgut
1102-E4-8_g_S22	Amnioserosa
1103-E4-8_g_S22	Somatic muscle
1104-E4-8_g_S22	Somatic muscle
1105-E4-8_g_S22	Visceral muscle
1106-E4-8_g_S22	Epidermis
1107-E4-8_g_S22	Visceral muscle
1108-E4-8_g_S22	Midgut
1109-E4-8_g_S22	Midgut
1110-E4-8_g_S22	Midgut
1111-E4-8_g_S22	Somatic muscle
1112-E4-8_g_S22	Visceral muscle
1113-E4-8_g_S22	Somatic muscle
1114-E4-8_g_S22	Somatic muscle
1115-E4-8_g_S22	Fat body
1116-E4-8_g_S22	Midgut
1117-E4-8_g_S22	Visceral muscle
1118-E4-8_g_S22	Epidermis
1119-E4-8_g_S22	Midgut
1120-E4-8_g_S22	Epidermis
1121-E4-8_g_S22	Somatic muscle
1122-E4-8_g_S22	Epidermis
1123-E4-8_g_S22	Epidermis
1124-E4-8_g_S22	Somatic muscle
1125-E4-8_g_S22	Somatic muscle
1126-E4-8_g_S22	Visceral muscle
1127-E4-8_g_S22	Visceral muscle
1128-E4-8_g_S22	Amnioserosa
1129-E4-8_g_S22	Somatic muscle
1130-E4-8_g_S22	Midgut
1131-E4-8_g_S22	Amnioserosa
1132-E4-8_g_S22	Somatic muscle
1133-E4-8_g_S22	Somatic muscle
1134-E4-8_g_S22	Amnioserosa
1136-E4-8_g_S22	Somatic muscle
1137-E4-8_g_S22	Midgut
1138-E4-8_g_S22	Midgut
1139-E4-8_g_S22	Somatic muscle
1140-E4-8_g_S22	Epidermis
1141-E4-8_g_S22	Fat body
1142-E4-8_g_S22	Somatic muscle
1143-E4-8_g_S22	Fat body
1144-E4-8_g_S22	Epidermis
1145-E4-8_g_S22	Trachea
1146-E4-8_g_S22	Midgut
1147-E4-8_g_S22	Epidermis
1148-E4-8_g_S22	Somatic muscle
1149-E4-8_g_S22	Midgut
1150-E4-8_g_S22	Somatic muscle
1151-E4-8_g_S22	Midgut
1152-E4-8_g_S22	Somatic muscle
1153-E4-8_g_S22	Fat body
1154-E4-8_g_S22	Somatic muscle
1155-E4-8_g_S22	Somatic muscle
1156-E4-8_g_S22	Somatic muscle
1157-E4-8_g_S22	Somatic muscle
1158-E4-8_g_S22	Midgut
1159-E4-8_g_S22	Somatic muscle
1160-E4-8_g_S22	Somatic muscle
1161-E4-8_g_S22	Visceral muscle
1162-E4-8_g_S22	CNS
1163-E4-8_g_S22	Epidermis
1164-E4-8_g_S22	Visceral branch
1165-E4-8_g_S22	Somatic muscle
1166-E4-8_g_S22	Visceral muscle
1167-E4-8_g_S22	Midgut
1168-E4-8_g_S22	Fat body
1169-E4-8_g_S22	Somatic muscle
1170-E4-8_g_S22	Visceral muscle
1171-E4-8_g_S22	Midgut
1172-E4-8_g_S22	Midgut
1173-E4-8_g_S22	Fat body
1174-E4-8_g_S22	Somatic muscle
1175-E4-8_g_S22	Midgut
1176-E4-8_g_S22	Somatic muscle
1177-E4-8_g_S22	Somatic muscle
1178-E4-8_g_S22	Somatic muscle
1179-E4-8_g_S22	Midgut
1180-E4-8_g_S22	Midgut
1181-E4-8_g_S22	Amnioserosa
1182-E4-8_g_S22	Epidermis
1183-E4-8_g_S22	Somatic muscle
1184-E4-8_g_S22	Fat body
1185-E4-8_g_S22	Epidermis
1186-E4-8_g_S22	Somatic muscle
1187-E4-8_g_S22	Somatic muscle
1188-E4-8_g_S22	Fat body
1189-E4-8_g_S22	Fat body
1190-E4-8_g_S22	Somatic muscle
1191-E4-8_g_S22	Fat body
1192-E4-8_g_S22	Epidermis
1193-E4-8_g_S22	Somatic muscle
1194-E4-8_g_S22	Somatic muscle
1195-E4-8_g_S22	Somatic muscle
1196-E4-8_g_S22	Fat body
1197-E4-8_g_S22	Fat body
1198-E4-8_g_S22	Epidermis
1199-E4-8_g_S22	Somatic muscle
1200-E4-8_g_S22	Midgut
1201-E4-8_g_S22	Somatic muscle
1202-E4-8_g_S22	Visceral muscle
1203-E4-8_g_S22	Fat body
1204-E4-8_g_S22	Somatic muscle
1205-E4-8_g_S22	Amnioserosa
1206-E4-8_g_S22	Midgut
1207-E4-8_g_S22	Epidermis
1208-E4-8_g_S22	Somatic muscle
1209-E4-8_g_S22	Visceral muscle
1210-E4-8_g_S22	Somatic muscle
1211-E4-8_g_S22	Epidermis
1212-E4-8_g_S22	Epidermis
1213-E4-8_g_S22	Somatic muscle
1214-E4-8_g_S22	Somatic muscle
1215-E4-8_g_S22	Trachea
1216-E4-8_g_S22	Epidermis
1217-E4-8_g_S22	Midgut
1218-E4-8_g_S22	Midgut
1219-E4-8_g_S22	Fat body
1220-E4-8_g_S22	Fat body
1221-E4-8_g_S22	Amnioserosa
1222-E4-8_g_S22	Epidermis
1223-E4-8_g_S22	Somatic muscle
1224-E4-8_g_S22	Somatic muscle
1225-E4-8_g_S22	Midgut
1226-E4-8_g_S22	Visceral muscle
1227-E4-8_g_S22	Midgut
1228-E4-8_g_S22	Epidermis
1229-E4-8_g_S22	Epidermis
1230-E4-8_g_S22	Somatic muscle
1231-E4-8_g_S22	Fat body
1232-E4-8_g_S22	Amnioserosa
1233-E4-8_g_S22	Somatic muscle
1234-E4-8_g_S22	Somatic muscle
1235-E4-8_g_S22	Midgut
1236-E4-8_g_S22	Epidermis
1237-E4-8_g_S22	Somatic muscle
1238-E4-8_g_S22	Epidermis
1239-E4-8_g_S22	Midgut
1240-E4-8_g_S22	Epidermis
1241-E4-8_g_S22	Epidermis
1242-E4-8_g_S22	Epidermis
1243-E4-8_g_S22	Epidermis
1244-E4-8_g_S22	Somatic muscle
1245-E4-8_g_S22	Somatic muscle
1246-E4-8_g_S22	Somatic muscle
1247-E4-8_g_S22	Midgut
1249-E4-8_g_S22	Epidermis
1250-E4-8_g_S22	Epidermis
1251-E4-8_g_S22	Epidermis
1252-E4-8_g_S22	Somatic muscle
1253-E4-8_g_S22	Epidermis
1254-E4-8_g_S22	Somatic muscle
1255-E4-8_g_S22	Fat body
1256-E4-8_g_S22	Somatic muscle
1257-E4-8_g_S22	Epidermis
1258-E4-8_g_S22	Epidermis
1259-E4-8_g_S22	Somatic muscle
1260-E4-8_g_S22	Amnioserosa
1262-E4-8_g_S22	Trachea
1263-E4-8_g_S22	Somatic muscle
1264-E4-8_g_S22	Somatic muscle
1265-E4-8_g_S22	Somatic muscle
1266-E4-8_g_S22	Midgut
1267-E4-8_g_S22	CNS
1268-E4-8_g_S22	Epidermis
1269-E4-8_g_S22	Epidermis
1270-E4-8_g_S22	Visceral branch
1271-E4-8_g_S22	Amnioserosa
1272-E4-8_g_S22	Somatic muscle
1273-E4-8_g_S22	Somatic muscle
1274-E4-8_g_S22	Fat body
1275-E4-8_g_S22	Epidermis
1276-E4-8_g_S22	Somatic muscle
1277-E4-8_g_S22	Trachea
1278-E4-8_g_S22	Epidermis
1279-E4-8_g_S22	Amnioserosa
1280-E4-8_g_S22	Fat body
1281-E4-8_g_S22	Hemolymph cells
1282-E4-8_g_S22	Somatic muscle
1283-E4-8_g_S22	Midgut
1284-E4-8_g_S22	Fat body
1285-E4-8_g_S22	Epidermis
1286-E4-8_g_S22	Visceral branch
1287-E4-8_g_S22	Somatic muscle
1288-E4-8_g_S22	Midgut
1289-E4-8_g_S22	Epidermis
1290-E4-8_g_S22	Epidermis
1291-E4-8_g_S22	Somatic muscle
1292-E4-8_g_S22	Somatic muscle
1293-E4-8_g_S22	Fat body
1294-E4-8_g_S22	Amnioserosa
1295-E4-8_g_S22	CNS
1296-E4-8_g_S22	Somatic muscle
1297-E4-8_g_S22	Somatic muscle
1298-E4-8_g_S22	Amnioserosa
1300-E4-8_g_S22	Amnioserosa
1301-E4-8_g_S22	Fat body
1302-E4-8_g_S22	Amnioserosa
1303-E4-8_g_S22	Fat body
1304-E4-8_g_S22	Epidermis
1305-E4-8_g_S22	Visceral branch
1306-E4-8_g_S22	Fat body
1307-E4-8_g_S22	Epidermis
1308-E4-8_g_S22	Epidermis
1309-E4-8_g_S22	Trachea
1310-E4-8_g_S22	Fat body
1311-E4-8_g_S22	Amnioserosa
1312-E4-8_g_S22	Fat body
1313-E4-8_g_S22	Epidermis
1314-E4-8_g_S22	Somatic muscle
1315-E4-8_g_S22	Midgut
1316-E4-8_g_S22	Epidermis
1317-E4-8_g_S22	Somatic muscle
1318-E4-8_g_S22	Somatic muscle
1319-E4-8_g_S22	Midgut
1320-E4-8_g_S22	Midgut
1321-E4-8_g_S22	Somatic muscle
1322-E4-8_g_S22	Somatic muscle
1323-E4-8_g_S22	Somatic muscle
1324-E4-8_g_S22	Midgut
1325-E4-8_g_S22	Midgut
1326-E4-8_g_S22	Fat body
1327-E4-8_g_S22	Visceral branch
1328-E4-8_g_S22	Foregut
1329-E4-8_g_S22	Somatic muscle
1330-E4-8_g_S22	Amnioserosa
1331-E4-8_g_S22	Fat body
1332-E4-8_g_S22	Foregut
1333-E4-8_g_S22	Amnioserosa
1334-E4-8_g_S22	Epidermis
1335-E4-8_g_S22	Epidermis
1336-E4-8_g_S22	Hemolymph cells
1337-E4-8_g_S22	Amnioserosa
1338-E4-8_g_S22	Somatic muscle
1339-E4-8_g_S22	Midgut
1340-E4-8_g_S22	Amnioserosa
1341-E4-8_g_S22	Somatic muscle
1342-E4-8_g_S22	Somatic muscle
1343-E4-8_g_S22	Amnioserosa
1344-E4-8_g_S22	Epidermis
1345-E4-8_g_S22	Epidermis
1346-E4-8_g_S22	Amnioserosa
1347-E4-8_g_S22	Somatic muscle
1348-E4-8_g_S22	Somatic muscle
1349-E4-8_g_S22	Somatic muscle
1350-E4-8_g_S22	Somatic muscle
1351-E4-8_g_S22	Midgut
1352-E4-8_g_S22	Amnioserosa
1353-E4-8_g_S22	Trachea
1354-E4-8_g_S22	Epidermis
1355-E4-8_g_S22	Midgut
1356-E4-8_g_S22	Fat body
1357-E4-8_g_S22	Fat body
1358-E4-8_g_S22	Somatic muscle
1359-E4-8_g_S22	Amnioserosa
1360-E4-8_g_S22	Epidermis
1361-E4-8_g_S22	Amnioserosa
1362-E4-8_g_S22	Epidermis
1363-E4-8_g_S22	Epidermis
1364-E4-8_g_S22	Somatic muscle
1366-E4-8_g_S22	Epidermis
1367-E4-8_g_S22	Somatic muscle
1368-E4-8_g_S22	Fat body
1369-E4-8_g_S22	Fat body
1370-E4-8_g_S22	Epidermis
1371-E4-8_g_S22	Fat body
1372-E4-8_g_S22	Somatic muscle
1373-E4-8_g_S22	Midgut
1374-E4-8_g_S22	Fat body
1375-E4-8_g_S22	Stomatogastric nervous system
1376-E4-8_g_S22	Somatic muscle
1377-E4-8_g_S22	Fat body
1378-E4-8_g_S22	Epidermis
1379-E4-8_g_S22	Epidermis
1380-E4-8_g_S22	Fat body
1381-E4-8_g_S22	Fat body
1382-E4-8_g_S22	Midgut
1383-E4-8_g_S22	Somatic muscle
1384-E4-8_g_S22	Midgut
1385-E4-8_g_S22	Amnioserosa
1386-E4-8_g_S22	Amnioserosa
1387-E4-8_g_S22	Visceral muscle
1388-E4-8_g_S22	Epidermis
1389-E4-8_g_S22	Epidermis
1390-E4-8_g_S22	Midgut
1391-E4-8_g_S22	Midgut
1392-E4-8_g_S22	Trachea
1393-E4-8_g_S22	Somatic muscle
1394-E4-8_g_S22	Somatic muscle
1395-E4-8_g_S22	Fat body
1396-E4-8_g_S22	Fat body
1397-E4-8_g_S22	Epidermis
1398-E4-8_g_S22	Somatic muscle
1399-E4-8_g_S22	Amnioserosa
1400-E4-8_g_S22	CNS
1401-E4-8_g_S22	Epidermis
1402-E4-8_g_S22	Somatic muscle
1403-E4-8_g_S22	Fat body
1404-E4-8_g_S22	Midgut
1405-E4-8_g_S22	Fat body
1406-E4-8_g_S22	Amnioserosa
1407-E4-8_g_S22	Visceral branch
1408-E4-8_g_S22	Somatic muscle
1409-E4-8_g_S22	Amnioserosa
1410-E4-8_g_S22	Somatic muscle
1411-E4-8_g_S22	Epidermis
1412-E4-8_g_S22	Somatic muscle
1413-E4-8_g_S22	Midgut
1414-E4-8_g_S22	Fat body
1415-E4-8_g_S22	CNS
1416-E4-8_g_S22	Midgut
1417-E4-8_g_S22	Amnioserosa
1418-E4-8_g_S22	Somatic muscle
1419-E4-8_g_S22	CNS
1420-E4-8_g_S22	Fat body
1421-E4-8_g_S22	Somatic muscle
1422-E4-8_g_S22	Somatic muscle
1423-E4-8_g_S22	Fat body
1424-E4-8_g_S22	Amnioserosa
1425-E4-8_g_S22	Somatic muscle
1426-E4-8_g_S22	Somatic muscle
1427-E4-8_g_S22	Somatic muscle
1428-E4-8_g_S22	Midgut
1429-E4-8_g_S22	Fat body
1430-E4-8_g_S22	Amnioserosa
1431-E4-8_g_S22	Epidermis
1432-E4-8_g_S22	Midgut
1433-E4-8_g_S22	Foregut
1434-E4-8_g_S22	CNS
1435-E4-8_g_S22	Amnioserosa
1436-E4-8_g_S22	Fat body
1437-E4-8_g_S22	Epidermis
1438-E4-8_g_S22	Somatic muscle
1439-E4-8_g_S22	Visceral muscle
1440-E4-8_g_S22	Fat body
1441-E4-8_g_S22	Hemolymph cells
1442-E4-8_g_S22	Amnioserosa
1443-E4-8_g_S22	Amnioserosa
1444-E4-8_g_S22	Somatic muscle
1445-E4-8_g_S22	Somatic muscle
1446-E4-8_g_S22	Midgut
1447-E4-8_g_S22	Midgut
1448-E4-8_g_S22	Stomatogastric nervous system
1449-E4-8_g_S22	Somatic muscle
1450-E4-8_g_S22	Amnioserosa
1451-E4-8_g_S22	Amnioserosa
1452-E4-8_g_S22	Salivary gland body
1453-E4-8_g_S22	Fat body
1454-E4-8_g_S22	Fat body
1455-E4-8_g_S22	CNS
1456-E4-8_g_S22	Midgut
1458-E4-8_g_S22	Fat body
1459-E4-8_g_S22	Amnioserosa
1460-E4-8_g_S22	Fat body
1461-E4-8_g_S22	Somatic muscle
1462-E4-8_g_S22	Midgut
1463-E4-8_g_S22	Fat body
1464-E4-8_g_S22	Fat body
1465-E4-8_g_S22	Somatic muscle
1466-E4-8_g_S22	Fat body
1467-E4-8_g_S22	CNS
1468-E4-8_g_S22	Stomatogastric nervous system
1469-E4-8_g_S22	Foregut
1470-E4-8_g_S22	Midgut
1471-E4-8_g_S22	Amnioserosa
1472-E4-8_g_S22	Stomatogastric nervous system
1473-E4-8_g_S22	Epidermis
1474-E4-8_g_S22	Epidermis
1475-E4-8_g_S22	Salivary gland body
1476-E4-8_g_S22	Fat body
1477-E4-8_g_S22	Foregut
1478-E4-8_g_S22	Midgut
1479-E4-8_g_S22	Amnioserosa
1480-E4-8_g_S22	Visceral branch
1481-E4-8_g_S22	Salivary gland body
1482-E4-8_g_S22	Fat body
1483-E4-8_g_S22	Fat body
1484-E4-8_g_S22	Visceral branch
1485-E4-8_g_S22	Fat body
1486-E4-8_g_S22	Salivary gland body
1487-E4-8_g_S22	Fat body
1488-E4-8_g_S22	Visceral branch
1489-E4-8_g_S22	Salivary gland body
1490-E4-8_g_S22	Midgut
1491-E4-8_g_S22	Fat body
1492-E4-8_g_S22	Fat body
1493-E4-8_g_S22	Amnioserosa
1494-E4-8_g_S22	Hemolymph cells
1496-E4-8_g_S22	Fat body
1497-E4-8_g_S22	Epidermis
1498-E4-8_g_S22	Epidermis
1499-E4-8_g_S22	Midgut
1500-E4-8_g_S22	Amnioserosa
1501-E4-8_g_S22	Epidermis
1502-E4-8_g_S22	Salivary gland body
1503-E4-8_g_S22	Midgut
1504-E4-8_g_S22	Fat body
1505-E4-8_g_S22	Fat body
1506-E4-8_g_S22	Epidermis
1507-E4-8_g_S22	Amnioserosa
1508-E4-8_g_S22	Visceral branch
1509-E4-8_g_S22	Salivary gland body
1510-E4-8_g_S22	Epidermis
1511-E4-8_g_S22	Salivary gland body
1512-E4-8_g_S22	Fat body
1514-E4-8_g_S22	Epidermis
1515-E4-8_g_S22	Stomatogastric nervous system
1516-E4-8_g_S22	Epidermis
1517-E4-8_g_S22	Midgut
1518-E4-8_g_S22	Midgut
1519-E4-8_g_S22	Salivary gland body
1520-E4-8_g_S22	Fat body
1521-E4-8_g_S22	Trachea
1522-E4-8_g_S22	Hemolymph cells
1523-E4-8_g_S22	Epidermis
1524-E4-8_g_S22	Salivary gland body
1525-E4-8_g_S22	Fat body
1526-E4-8_g_S22	Fat body
1527-E4-8_g_S22	Amnioserosa
1528-E4-8_g_S22	Amnioserosa
1529-E4-8_g_S22	Epidermis
1530-E4-8_g_S22	Fat body
1531-E4-8_g_S22	Midgut
1532-E4-8_g_S22	Fat body
1533-E4-8_g_S22	Amnioserosa
1534-E4-8_g_S22	Salivary gland body
1535-E4-8_g_S22	Fat body
1537-E4-8_g_S22	Fat body
1538-E4-8_g_S22	Fat body
1539-E4-8_g_S22	Epidermis
1540-E4-8_g_S22	Midgut
1541-E4-8_g_S22	Midgut
1542-E4-8_g_S22	Fat body
1543-E4-8_g_S22	Fat body
1544-E4-8_g_S22	Amnioserosa
1545-E4-8_g_S22	Amnioserosa
1546-E4-8_g_S22	Visceral branch
1547-E4-8_g_S22	Fat body
1549-E4-8_g_S22	Midgut
1550-E4-8_g_S22	Midgut
1551-E4-8_g_S22	Amnioserosa
1552-E4-8_g_S22	Midgut
1553-E4-8_g_S22	Midgut
1554-E4-8_g_S22	Foregut
1555-E4-8_g_S22	Fat body
1556-E4-8_g_S22	Amnioserosa
1557-E4-8_g_S22	Somatic muscle
1558-E4-8_g_S22	Salivary gland body
1559-E4-8_g_S22	Midgut
1560-E4-8_g_S22	Fat body
1561-E4-8_g_S22	Somatic muscle
1562-E4-8_g_S22	Salivary gland body
1563-E4-8_g_S22	CNS
1564-E4-8_g_S22	Fat body
1565-E4-8_g_S22	Amnioserosa
1566-E4-8_g_S22	Stomatogastric nervous system
1568-E4-8_g_S22	Midgut
1569-E4-8_g_S22	Fat body
1570-E4-8_g_S22	CNS
1571-E4-8_g_S22	Midgut
1572-E4-8_g_S22	Epidermis
1573-E4-8_g_S22	Midgut
1574-E4-8_g_S22	Foregut
1575-E4-8_g_S22	Midgut
1576-E4-8_g_S22	Midgut
1577-E4-8_g_S22	Somatic muscle
1578-E4-8_g_S22	Salivary gland body
1579-E4-8_g_S22	Midgut
1580-E4-8_g_S22	Midgut
1581-E4-8_g_S22	Fat body
1582-E4-8_g_S22	Fat body
1583-E4-8_g_S22	Amnioserosa
1584-E4-8_g_S22	Somatic muscle
1587-E4-8_g_S22	CNS
1588-E4-8_g_S22	Somatic muscle
1589-E4-8_g_S22	Somatic muscle
1590-E4-8_g_S22	Visceral branch
1591-E4-8_g_S22	Salivary gland body
1592-E4-8_g_S22	Salivary gland body
1593-E4-8_g_S22	Fat body
1594-E4-8_g_S22	Amnioserosa
1595-E4-8_g_S22	CNS
1596-E4-8_g_S22	Midgut
1597-E4-8_g_S22	Midgut
1598-E4-8_g_S22	Fat body
1599-E4-8_g_S22	Salivary gland body
1600-E4-8_g_S22	Somatic muscle
1601-E4-8_g_S22	Visceral muscle
1602-E4-8_g_S22	Midgut
1603-E4-8_g_S22	Fat body
1605-E4-8_g_S22	Salivary gland body
1606-E4-8_g_S22	Midgut
1607-E4-8_g_S22	Midgut
1608-E4-8_g_S22	Trachea
1609-E4-8_g_S22	Amnioserosa
1610-E4-8_g_S22	Amnioserosa
1611-E4-8_g_S22	Fat body
1612-E4-8_g_S22	Amnioserosa
1613-E4-8_g_S22	Midgut
1614-E4-8_g_S22	Salivary gland body
1615-E4-8_g_S22	Midgut
1616-E4-8_g_S22	Midgut
1617-E4-8_g_S22	Midgut
1618-E4-8_g_S22	Amnioserosa
1619-E4-8_g_S22	Salivary gland body
1620-E4-8_g_S22	Midgut
1621-E4-8_g_S22	Fat body
1622-E4-8_g_S22	Amnioserosa
1623-E4-8_g_S22	Somatic muscle
1624-E4-8_g_S22	Midgut
1625-E4-8_g_S22	Midgut
1626-E4-8_g_S22	Midgut
1627-E4-8_g_S22	Midgut
1628-E4-8_g_S22	Somatic muscle
1630-E4-8_g_S22	Foregut
1631-E4-8_g_S22	Salivary gland body
1632-E4-8_g_S22	Fat body
1633-E4-8_g_S22	Salivary gland body
1634-E4-8_g_S22	Salivary gland body
1635-E4-8_g_S22	Midgut
1636-E4-8_g_S22	Amnioserosa
1637-E4-8_g_S22	Foregut
1639-E4-8_g_S22	Somatic muscle
1640-E4-8_g_S22	Midgut
1641-E4-8_g_S22	Amnioserosa
1642-E4-8_g_S22	Stomatogastric nervous system
1643-E4-8_g_S22	Midgut
1644-E4-8_g_S22	Midgut
1645-E4-8_g_S22	Stomatogastric nervous system
1646-E4-8_g_S22	Midgut
1647-E4-8_g_S22	Epidermis
1648-E4-8_g_S22	Foregut
1649-E4-8_g_S22	Salivary gland body
1650-E4-8_g_S22	Salivary gland body
1651-E4-8_g_S22	Midgut
1652-E4-8_g_S22	Epidermis
1653-E4-8_g_S22	Foregut
1654-E4-8_g_S22	Midgut
1655-E4-8_g_S22	Midgut
1656-E4-8_g_S22	Midgut
1657-E4-8_g_S22	Fat body
1658-E4-8_g_S22	Midgut
1659-E4-8_g_S22	Amnioserosa
1660-E4-8_g_S22	Trachea
1661-E4-8_g_S22	Midgut
1662-E4-8_g_S22	Amnioserosa
1663-E4-8_g_S22	Epidermis
1664-E4-8_g_S22	Salivary gland body
1665-E4-8_g_S22	Midgut
1666-E4-8_g_S22	Midgut
1667-E4-8_g_S22	Trachea
1669-E4-8_g_S22	Epidermis
1670-E4-8_g_S22	Salivary gland body
1671-E4-8_g_S22	Midgut
1672-E4-8_g_S22	Amnioserosa
1673-E4-8_g_S22	Foregut
1674-E4-8_g_S22	Midgut
1675-E4-8_g_S22	Midgut
1676-E4-8_g_S22	Midgut
1677-E4-8_g_S22	Epidermis
1678-E4-8_g_S22	Salivary gland body
1679-E4-8_g_S22	Midgut
1680-E4-8_g_S22	Foregut
1681-E4-8_g_S22	Midgut
1682-E4-8_g_S22	Midgut
1683-E4-8_g_S22	Midgut
1684-E4-8_g_S22	Midgut
1685-E4-8_g_S22	Trachea
1686-E4-8_g_S22	Midgut
1687-E4-8_g_S22	Midgut
1688-E4-8_g_S22	Foregut
1689-E4-8_g_S22	Salivary gland body
1690-E4-8_g_S22	Midgut
1691-E4-8_g_S22	Fat body
1692-E4-8_g_S22	Fat body
1693-E4-8_g_S22	Epidermis
1694-E4-8_g_S22	Epidermis
1695-E4-8_g_S22	Midgut
1696-E4-8_g_S22	Salivary gland body
1697-E4-8_g_S22	Salivary gland body
1698-E4-8_g_S22	Midgut
1699-E4-8_g_S22	Midgut
1700-E4-8_g_S22	Midgut
1701-E4-8_g_S22	Fat body
1702-E4-8_g_S22	Salivary gland body
1703-E4-8_g_S22	Epidermis
1704-E4-8_g_S22	Salivary gland body
1705-E4-8_g_S22	Midgut
1706-E4-8_g_S22	Epidermis
1707-E4-8_g_S22	Fat body
1708-E4-8_g_S22	Epidermis
1709-E4-8_g_S22	Midgut
1710-E4-8_g_S22	Midgut
1711-E4-8_g_S22	Epidermis
1712-E4-8_g_S22	Epidermis
1713-E4-8_g_S22	Midgut
1714-E4-8_g_S22	Midgut
1715-E4-8_g_S22	Midgut
1716-E4-8_g_S22	Salivary gland body
1717-E4-8_g_S22	Amnioserosa
1718-E4-8_g_S22	Epidermis
1719-E4-8_g_S22	Midgut
1720-E4-8_g_S22	Epidermis
1721-E4-8_g_S22	Fat body
1722-E4-8_g_S22	Epidermis
1723-E4-8_g_S22	Epidermis
1724-E4-8_g_S22	Somatic muscle
1725-E4-8_g_S22	Salivary gland body
1726-E4-8_g_S22	Foregut
1727-E4-8_g_S22	Visceral muscle
1728-E4-8_g_S22	Fat body
1729-E4-8_g_S22	Epidermis
1730-E4-8_g_S22	Epidermis
1731-E4-8_g_S22	Foregut
1732-E4-8_g_S22	Somatic muscle
1733-E4-8_g_S22	Midgut
1734-E4-8_g_S22	Fat body
1735-E4-8_g_S22	Somatic muscle
1736-E4-8_g_S22	Salivary gland body
1737-E4-8_g_S22	Midgut
1738-E4-8_g_S22	Midgut
1739-E4-8_g_S22	Somatic muscle
1740-E4-8_g_S22	Salivary gland body
1741-E4-8_g_S22	Midgut
1743-E4-8_g_S22	Foregut
1744-E4-8_g_S22	Fat body
1745-E4-8_g_S22	Epidermis
1746-E4-8_g_S22	Salivary gland body
1747-E4-8_g_S22	Salivary gland body
1748-E4-8_g_S22	Epidermis
1749-E4-8_g_S22	Salivary gland body
1750-E4-8_g_S22	Somatic muscle
1751-E4-8_g_S22	Midgut
1752-E4-8_g_S22	Fat body
1753-E4-8_g_S22	Foregut
1754-E4-8_g_S22	Midgut
1755-E4-8_g_S22	Midgut
1756-E4-8_g_S22	Fat body
1757-E4-8_g_S22	Epidermis
1758-E4-8_g_S22	Salivary gland body
1759-E4-8_g_S22	Midgut
1760-E4-8_g_S22	Fat body
1761-E4-8_g_S22	Fat body
1762-E4-8_g_S22	Salivary gland body
1763-E4-8_g_S22	Midgut
1764-E4-8_g_S22	Midgut
1765-E4-8_g_S22	Fat body
1766-E4-8_g_S22	Foregut
1767-E4-8_g_S22	Visceral branch
1768-E4-8_g_S22	Midgut
1770-E4-8_g_S22	Fat body
1771-E4-8_g_S22	Foregut
1772-E4-8_g_S22	Somatic muscle
1773-E4-8_g_S22	Midgut
1774-E4-8_g_S22	Visceral muscle
1777-E4-8_g_S22	Midgut
1778-E4-8_g_S22	Epidermis
1779-E4-8_g_S22	Salivary gland body
1780-E4-8_g_S22	Visceral muscle
1782-E4-8_g_S22	Salivary gland body
1783-E4-8_g_S22	Trachea
1784-E4-8_g_S22	Salivary gland body
1785-E4-8_g_S22	Somatic muscle
1786-E4-8_g_S22	Midgut
1787-E4-8_g_S22	Midgut
1788-E4-8_g_S22	Midgut
1789-E4-8_g_S22	Stomatogastric nervous system
1790-E4-8_g_S22	Epidermis
1791-E4-8_g_S22	Epidermis
1792-E4-8_g_S22	Visceral muscle
1793-E4-8_g_S22	Salivary gland body
1794-E4-8_g_S22	Salivary gland body
1795-E4-8_g_S22	Midgut
1796-E4-8_g_S22	Somatic muscle
1797-E4-8_g_S22	Midgut
1798-E4-8_g_S22	CNS
1799-E4-8_g_S22	Salivary gland body
1800-E4-8_g_S22	Fat body
1801-E4-8_g_S22	Epidermis
1802-E4-8_g_S22	Epidermis
1803-E4-8_g_S22	Epidermis
1804-E4-8_g_S22	Somatic muscle
1805-E4-8_g_S22	Midgut
1806-E4-8_g_S22	Midgut
1807-E4-8_g_S22	Visceral branch
1808-E4-8_g_S22	Somatic muscle
1809-E4-8_g_S22	Salivary gland body
1810-E4-8_g_S22	Midgut
1811-E4-8_g_S22	CNS
1812-E4-8_g_S22	Somatic muscle
1813-E4-8_g_S22	Somatic muscle
1814-E4-8_g_S22	Salivary gland body
1816-E4-8_g_S22	Midgut
1817-E4-8_g_S22	CNS
1818-E4-8_g_S22	Somatic muscle
1819-E4-8_g_S22	Midgut
1820-E4-8_g_S22	Midgut
1821-E4-8_g_S22	Midgut
1822-E4-8_g_S22	Midgut
1823-E4-8_g_S22	CNS
1824-E4-8_g_S22	Somatic muscle
1825-E4-8_g_S22	Epidermis
1826-E4-8_g_S22	CNS
1827-E4-8_g_S22	Stomatogastric nervous system
1828-E4-8_g_S22	Visceral muscle
1829-E4-8_g_S22	Fat body
1830-E4-8_g_S22	Epidermis
1831-E4-8_g_S22	Salivary gland body
1832-E4-8_g_S22	Midgut
1833-E4-8_g_S22	Somatic muscle
1834-E4-8_g_S22	Midgut
1835-E4-8_g_S22	Hemolymph cells
1836-E4-8_g_S22	Foregut
1837-E4-8_g_S22	Epidermis
1838-E4-8_g_S22	Salivary gland body
1839-E4-8_g_S22	Salivary gland body
1840-E4-8_g_S22	Midgut
1841-E4-8_g_S22	Midgut
1842-E4-8_g_S22	Epidermis
1843-E4-8_g_S22	Midgut
1844-E4-8_g_S22	Midgut
1845-E4-8_g_S22	Fat body
1846-E4-8_g_S22	Stomatogastric nervous system
1847-E4-8_g_S22	Somatic muscle
1848-E4-8_g_S22	Epidermis
1849-E4-8_g_S22	Visceral branch
1850-E4-8_g_S22	Visceral muscle
1851-E4-8_g_S22	Epidermis
1852-E4-8_g_S22	Epidermis
1853-E4-8_g_S22	Salivary gland body
1854-E4-8_g_S22	Midgut
1855-E4-8_g_S22	Midgut
1856-E4-8_g_S22	Hemolymph cells
1857-E4-8_g_S22	Epidermis
1858-E4-8_g_S22	Epidermis
1859-E4-8_g_S22	Visceral branch
1860-E4-8_g_S22	Somatic muscle
1861-E4-8_g_S22	Salivary gland body
1862-E4-8_g_S22	Epidermis
1863-E4-8_g_S22	Salivary gland body
1864-E4-8_g_S22	Midgut
1865-E4-8_g_S22	Somatic muscle
1866-E4-8_g_S22	Somatic muscle
1867-E4-8_g_S22	Midgut
1868-E4-8_g_S22	Somatic muscle
1869-E4-8_g_S22	Somatic muscle
1870-E4-8_g_S22	Epidermis
1871-E4-8_g_S22	Epidermis
1872-E4-8_g_S22	Salivary gland body
1873-E4-8_g_S22	Somatic muscle
1874-E4-8_g_S22	Hemolymph cells
1875-E4-8_g_S22	Somatic muscle
1876-E4-8_g_S22	Somatic muscle
1877-E4-8_g_S22	Epidermis
1878-E4-8_g_S22	Epidermis
1879-E4-8_g_S22	Somatic muscle
1880-E4-8_g_S22	Epidermis
1881-E4-8_g_S22	Salivary gland body
1882-E4-8_g_S22	Midgut
1883-E4-8_g_S22	Midgut
1884-E4-8_g_S22	Salivary gland body
1885-E4-8_g_S22	Midgut
1886-E4-8_g_S22	Midgut
1887-E4-8_g_S22	Stomatogastric nervous system
1888-E4-8_g_S22	Epidermis
1889-E4-8_g_S22	Epidermis
1890-E4-8_g_S22	Epidermis
1891-E4-8_g_S22	Midgut
1892-E4-8_g_S22	Somatic muscle
1893-E4-8_g_S22	Somatic muscle
1894-E4-8_g_S22	Epidermis
1895-E4-8_g_S22	Visceral muscle
1896-E4-8_g_S22	Epidermis
1897-E4-8_g_S22	Epidermis
1898-E4-8_g_S22	Midgut
1899-E4-8_g_S22	Midgut
1900-E4-8_g_S22	Midgut
1901-E4-8_g_S22	Visceral muscle
1902-E4-8_g_S22	CNS
1903-E4-8_g_S22	Salivary gland body
1904-E4-8_g_S22	Salivary gland body
1905-E4-8_g_S22	Midgut
1906-E4-8_g_S22	Epidermis
1907-E4-8_g_S22	Epidermis
1908-E4-8_g_S22	Salivary gland body
1909-E4-8_g_S22	Salivary gland body
1910-E4-8_g_S22	Salivary gland body
1911-E4-8_g_S22	Midgut
1912-E4-8_g_S22	Stomatogastric nervous system
1913-E4-8_g_S22	Foregut
1914-E4-8_g_S22	Epidermis
1915-E4-8_g_S22	Epidermis
1916-E4-8_g_S22	Salivary gland body
1917-E4-8_g_S22	Salivary gland body
1918-E4-8_g_S22	Visceral muscle
1919-E4-8_g_S22	Hemolymph cells
1920-E4-8_g_S22	Epidermis
1921-E4-8_g_S22	Salivary gland body
1922-E4-8_g_S22	Salivary gland body
1923-E4-8_g_S22	Foregut
1924-E4-8_g_S22	Hemolymph cells
1925-E4-8_g_S22	Salivary gland body
1926-E4-8_g_S22	Somatic muscle
1927-E4-8_g_S22	Visceral muscle
1928-E4-8_g_S22	Epidermis
1929-E4-8_g_S22	Epidermis
1930-E4-8_g_S22	Epidermis
1931-E4-8_g_S22	Salivary gland body
1932-E4-8_g_S22	Midgut
1933-E4-8_g_S22	Hemolymph cells
1934-E4-8_g_S22	Salivary gland body
1935-E4-8_g_S22	Somatic muscle
1936-E4-8_g_S22	Epidermis
1937-E4-8_g_S22	Salivary gland body
1938-E4-8_g_S22	Midgut
1939-E4-8_g_S22	Midgut
1940-E4-8_g_S22	Somatic muscle
1941-E4-8_g_S22	Somatic muscle
1942-E4-8_g_S22	Midgut
1943-E4-8_g_S22	Epidermis
1944-E4-8_g_S22	Hemolymph cells
1945-E4-8_g_S22	Hemolymph cells
1946-E4-8_g_S22	Midgut
1947-E4-8_g_S22	Hemolymph cells
1948-E4-8_g_S22	Somatic muscle
1949-E4-8_g_S22	Midgut
1950-E4-8_g_S22	Salivary gland body
1951-E4-8_g_S22	Midgut
1952-E4-8_g_S22	Hemolymph cells
1953-E4-8_g_S22	Epidermis
1954-E4-8_g_S22	Salivary gland body
1955-E4-8_g_S22	Trachea
1956-E4-8_g_S22	Foregut
1957-E4-8_g_S22	Stomatogastric nervous system
1958-E4-8_g_S22	Foregut
1959-E4-8_g_S22	Foregut
1960-E4-8_g_S22	Somatic muscle
1961-E4-8_g_S22	Salivary gland body
1962-E4-8_g_S22	Salivary gland body
1963-E4-8_g_S22	Salivary gland body
1964-E4-8_g_S22	Salivary gland body
1965-E4-8_g_S22	Foregut
1966-E4-8_g_S22	Visceral muscle
1967-E4-8_g_S22	Stomatogastric nervous system
1968-E4-8_g_S22	Epidermis
1969-E4-8_g_S22	Salivary gland body
1970-E4-8_g_S22	Stomatogastric nervous system
1971-E4-8_g_S22	Epidermis
1972-E4-8_g_S22	Salivary gland body
1973-E4-8_g_S22	Midgut
1974-E4-8_g_S22	Hemolymph cells
1975-E4-8_g_S22	CNS
1976-E4-8_g_S22	Hemolymph cells
1977-E4-8_g_S22	Salivary gland body
1978-E4-8_g_S22	Midgut
1979-E4-8_g_S22	Epidermis
1980-E4-8_g_S22	Salivary gland body
1981-E4-8_g_S22	Midgut
1982-E4-8_g_S22	Somatic muscle
1983-E4-8_g_S22	Somatic muscle
1984-E4-8_g_S22	Salivary gland body
1985-E4-8_g_S22	Trachea
1986-E4-8_g_S22	Midgut
1987-E4-8_g_S22	CNS
1988-E4-8_g_S22	Somatic muscle
1989-E4-8_g_S22	Visceral muscle
1990-E4-8_g_S22	CNS
1991-E4-8_g_S22	CNS
1992-E4-8_g_S22	Midgut
1993-E4-8_g_S22	Stomatogastric nervous system
1994-E4-8_g_S22	Hemolymph cells
1995-E4-8_g_S22	Trachea
1996-E4-8_g_S22	Visceral branch
1997-E4-8_g_S22	Visceral branch
1998-E4-8_g_S22	Stomatogastric nervous system
1999-E4-8_g_S22	CNS
2000-E4-8_g_S22	CNS
2001-E4-8_g_S22	CNS
2002-E4-8_g_S22	Somatic muscle
2003-E4-8_g_S22	Stomatogastric nervous system
2004-E4-8_g_S22	CNS
2005-E4-8_g_S22	Foregut
2006-E4-8_g_S22	Midgut
2007-E4-8_g_S22	Somatic muscle
2008-E4-8_g_S22	Visceral branch
2009-E4-8_g_S22	Stomatogastric nervous system
2010-E4-8_g_S22	CNS
2011-E4-8_g_S22	Trachea
2012-E4-8_g_S22	Somatic muscle
2013-E4-8_g_S22	Visceral branch
2014-E4-8_g_S22	CNS
2015-E4-8_g_S22	CNS
2016-E4-8_g_S22	Hemolymph cells
2017-E4-8_g_S22	Somatic muscle
2018-E4-8_g_S22	Stomatogastric nervous system
2019-E4-8_g_S22	CNS
2020-E4-8_g_S22	Epidermis
2021-E4-8_g_S22	Midgut
2022-E4-8_g_S22	Somatic muscle
2023-E4-8_g_S22	CNS
2024-E4-8_g_S22	CNS
2025-E4-8_g_S22	Somatic muscle
2026-E4-8_g_S22	CNS
2027-E4-8_g_S22	Stomatogastric nervous system
2028-E4-8_g_S22	Stomatogastric nervous system
2029-E4-8_g_S22	Stomatogastric nervous system
2030-E4-8_g_S22	Epidermis
2031-E4-8_g_S22	Midgut
2032-E4-8_g_S22	Epidermis
2033-E4-8_g_S22	Hemolymph cells
2034-E4-8_g_S22	Hemolymph cells
2035-E4-8_g_S22	Epidermis
2036-E4-8_g_S22	CNS
2037-E4-8_g_S22	CNS
2038-E4-8_g_S22	Visceral branch
2039-E4-8_g_S22	Epidermis
2040-E4-8_g_S22	CNS
2041-E4-8_g_S22	Midgut
2042-E4-8_g_S22	Stomatogastric nervous system
2043-E4-8_g_S22	Epidermis
2044-E4-8_g_S22	Visceral branch
2045-E4-8_g_S22	Stomatogastric nervous system
2046-E4-8_g_S22	CNS
2047-E4-8_g_S22	Visceral branch
2048-E4-8_g_S22	CNS
2049-E4-8_g_S22	Trachea
2050-E4-8_g_S22	Stomatogastric nervous system
2051-E4-8_g_S22	Hemolymph cells
2052-E4-8_g_S22	Epidermis
2053-E4-8_g_S22	Stomatogastric nervous system
2054-E4-8_g_S22	Stomatogastric nervous system
2055-E4-8_g_S22	CNS
2056-E4-8_g_S22	Hemolymph cells
2057-E4-8_g_S22	Epidermis
2058-E4-8_g_S22	Somatic muscle
2059-E4-8_g_S22	CNS
2060-E4-8_g_S22	Stomatogastric nervous system
2061-E4-8_g_S22	Stomatogastric nervous system
2062-E4-8_g_S22	Stomatogastric nervous system
2063-E4-8_g_S22	Epidermis
2064-E4-8_g_S22	CNS
2065-E4-8_g_S22	Stomatogastric nervous system
2066-E4-8_g_S22	Epidermis
2067-E4-8_g_S22	Hemolymph cells
2068-E4-8_g_S22	CNS
2069-E4-8_g_S22	Hemolymph cells
2070-E4-8_g_S22	Epidermis
2071-E4-8_g_S22	Epidermis
2072-E4-8_g_S22	CNS
2073-E4-8_g_S22	Stomatogastric nervous system
2074-E4-8_g_S22	Stomatogastric nervous system
2075-E4-8_g_S22	Hemolymph cells
2076-E4-8_g_S22	Hemolymph cells
2077-E4-8_g_S22	Epidermis
2078-E4-8_g_S22	Visceral branch
2079-E4-8_g_S22	Epidermis
2080-E4-8_g_S22	Epidermis
2081-E4-8_g_S22	Stomatogastric nervous system
2082-E4-8_g_S22	Stomatogastric nervous system
2083-E4-8_g_S22	CNS
2084-E4-8_g_S22	Somatic muscle
2085-E4-8_g_S22	CNS
2086-E4-8_g_S22	Stomatogastric nervous system
2087-E4-8_g_S22	Stomatogastric nervous system
2088-E4-8_g_S22	CNS
2089-E4-8_g_S22	CNS
2090-E4-8_g_S22	CNS
2091-E4-8_g_S22	Hemolymph cells
2092-E4-8_g_S22	Epidermis
2093-E4-8_g_S22	CNS
2094-E4-8_g_S22	CNS
2095-E4-8_g_S22	Stomatogastric nervous system
2096-E4-8_g_S22	Trachea
2097-E4-8_g_S22	Stomatogastric nervous system
2098-E4-8_g_S22	Stomatogastric nervous system
2099-E4-8_g_S22	Hemolymph cells
2100-E4-8_g_S22	Stomatogastric nervous system
2101-E4-8_g_S22	Epidermis
2102-E4-8_g_S22	CNS
2103-E4-8_g_S22	Epidermis
2104-E4-8_g_S22	Epidermis
2105-E4-8_g_S22	Visceral muscle
2106-E4-8_g_S22	Somatic muscle
2107-E4-8_g_S22	CNS
2108-E4-8_g_S22	Epidermis
2109-E4-8_g_S22	CNS
2110-E4-8_g_S22	Epidermis
2111-E4-8_g_S22	Stomatogastric nervous system
2112-E4-8_g_S22	CNS
2113-E4-8_g_S22	Hemolymph cells
2114-E4-8_g_S22	Hemolymph cells
2115-E4-8_g_S22	Hemolymph cells
2116-E4-8_g_S22	Hemolymph cells
2117-E4-8_g_S22	Epidermis
2118-E4-8_g_S22	CNS
2119-E4-8_g_S22	Epidermis
2120-E4-8_g_S22	CNS
2121-E4-8_g_S22	CNS
2122-E4-8_g_S22	Stomatogastric nervous system
2123-E4-8_g_S22	Epidermis
2124-E4-8_g_S22	Epidermis
2125-E4-8_g_S22	Visceral muscle
2126-E4-8_g_S22	CNS
2127-E4-8_g_S22	CNS
2128-E4-8_g_S22	CNS
2129-E4-8_g_S22	Epidermis
2130-E4-8_g_S22	Stomatogastric nervous system
2131-E4-8_g_S22	Stomatogastric nervous system
2132-E4-8_g_S22	Epidermis
2134-E4-8_g_S22	CNS
2135-E4-8_g_S22	CNS
2136-E4-8_g_S22	Visceral muscle
2137-E4-8_g_S22	Hemolymph cells
2138-E4-8_g_S22	Stomatogastric nervous system
2139-E4-8_g_S22	Hemolymph cells
2140-E4-8_g_S22	Hemolymph cells
2141-E4-8_g_S22	Epidermis
2142-E4-8_g_S22	CNS
2143-E4-8_g_S22	Stomatogastric nervous system
2144-E4-8_g_S22	Trachea
2145-E4-8_g_S22	CNS
2146-E4-8_g_S22	CNS
2147-E4-8_g_S22	Hemolymph cells
2148-E4-8_g_S22	Hemolymph cells
2149-E4-8_g_S22	Somatic muscle
2150-E4-8_g_S22	CNS
2151-E4-8_g_S22	CNS
2152-E4-8_g_S22	Epidermis
2153-E4-8_g_S22	Trachea
2154-E4-8_g_S22	Stomatogastric nervous system
2155-E4-8_g_S22	Hemolymph cells
2156-E4-8_g_S22	Epidermis
2157-E4-8_g_S22	Somatic muscle
2158-E4-8_g_S22	CNS
2159-E4-8_g_S22	CNS
2160-E4-8_g_S22	CNS
2161-E4-8_g_S22	CNS
2162-E4-8_g_S22	CNS
2163-E4-8_g_S22	CNS
2164-E4-8_g_S22	Hemolymph cells
2165-E4-8_g_S22	CNS
2166-E4-8_g_S22	Epidermis
2167-E4-8_g_S22	Stomatogastric nervous system
2168-E4-8_g_S22	CNS
2169-E4-8_g_S22	Trachea
2171-E4-8_g_S22	CNS
2172-E4-8_g_S22	Hemolymph cells
2173-E4-8_g_S22	CNS
2174-E4-8_g_S22	Hemolymph cells
2175-E4-8_g_S22	Epidermis
2176-E4-8_g_S22	Trachea
2177-E4-8_g_S22	Epidermis
2178-E4-8_g_S22	CNS
2179-E4-8_g_S22	CNS
2180-E4-8_g_S22	CNS
2181-E4-8_g_S22	Trachea
2182-E4-8_g_S22	Trachea
2183-E4-8_g_S22	CNS
2184-E4-8_g_S22	CNS
2185-E4-8_g_S22	Stomatogastric nervous system
2186-E4-8_g_S22	Epidermis
2187-E4-8_g_S22	Visceral branch
2188-E4-8_g_S22	Stomatogastric nervous system
2189-E4-8_g_S22	Hemolymph cells
2190-E4-8_g_S22	Stomatogastric nervous system
2191-E4-8_g_S22	Epidermis
2192-E4-8_g_S22	Hemolymph cells
2193-E4-8_g_S22	CNS
2194-E4-8_g_S22	CNS
2195-E4-8_g_S22	CNS
2196-E4-8_g_S22	CNS
2197-E4-8_g_S22	CNS
2198-E4-8_g_S22	Stomatogastric nervous system
2199-E4-8_g_S22	CNS
2200-E4-8_g_S22	CNS
2201-E4-8_g_S22	Epidermis
2202-E4-8_g_S22	CNS
2203-E4-8_g_S22	CNS
2204-E4-8_g_S22	Hemolymph cells
2205-E4-8_g_S22	Trachea
2206-E4-8_g_S22	CNS
2207-E4-8_g_S22	Hemolymph cells
2208-E4-8_g_S22	Epidermis
2209-E4-8_g_S22	Stomatogastric nervous system
2210-E4-8_g_S22	Stomatogastric nervous system
2211-E4-8_g_S22	CNS
2212-E4-8_g_S22	CNS
2213-E4-8_g_S22	Epidermis
2214-E4-8_g_S22	Hemolymph cells
2215-E4-8_g_S22	CNS
2216-E4-8_g_S22	Stomatogastric nervous system
2217-E4-8_g_S22	CNS
2218-E4-8_g_S22	Visceral muscle
2219-E4-8_g_S22	CNS
2220-E4-8_g_S22	Stomatogastric nervous system
2221-E4-8_g_S22	Epidermis
2222-E4-8_g_S22	Hemolymph cells
2223-E4-8_g_S22	CNS
2224-E4-8_g_S22	CNS
2225-E4-8_g_S22	Epidermis
2226-E4-8_g_S22	CNS
2227-E4-8_g_S22	CNS
2228-E4-8_g_S22	Hemolymph cells
2229-E4-8_g_S22	Epidermis
2230-E4-8_g_S22	Stomatogastric nervous system
2231-E4-8_g_S22	CNS
2232-E4-8_g_S22	CNS
2233-E4-8_g_S22	Epidermis
2234-E4-8_g_S22	CNS
2235-E4-8_g_S22	Epidermis
2236-E4-8_g_S22	Hemolymph cells
2237-E4-8_g_S22	Stomatogastric nervous system
2238-E4-8_g_S22	Epidermis
2239-E4-8_g_S22	Trachea
2240-E4-8_g_S22	Hemolymph cells
2241-E4-8_g_S22	CNS
2242-E4-8_g_S22	CNS
2243-E4-8_g_S22	CNS
2244-E4-8_g_S22	CNS
2245-E4-8_g_S22	CNS
2246-E4-8_g_S22	CNS
2247-E4-8_g_S22	CNS
2248-E4-8_g_S22	CNS
2249-E4-8_g_S22	CNS
2250-E4-8_g_S22	CNS
2251-E4-8_g_S22	CNS
2252-E4-8_g_S22	CNS
2253-E4-8_g_S22	Epidermis
2254-E4-8_g_S22	Hemolymph cells
2255-E4-8_g_S22	Stomatogastric nervous system
2256-E4-8_g_S22	CNS
2257-E4-8_g_S22	Epidermis
2258-E4-8_g_S22	Epidermis
2259-E4-8_g_S22	CNS
2260-E4-8_g_S22	CNS
2261-E4-8_g_S22	CNS
2262-E4-8_g_S22	CNS
2263-E4-8_g_S22	CNS
2264-E4-8_g_S22	Hemolymph cells
2265-E4-8_g_S22	Epidermis
2266-E4-8_g_S22	Trachea
2267-E4-8_g_S22	Hemolymph cells
2268-E4-8_g_S22	Hemolymph cells
2269-E4-8_g_S22	CNS
2270-E4-8_g_S22	CNS
2271-E4-8_g_S22	Stomatogastric nervous system
2272-E4-8_g_S22	CNS
2273-E4-8_g_S22	Epidermis
2274-E4-8_g_S22	Hemolymph cells
2275-E4-8_g_S22	CNS
2276-E4-8_g_S22	CNS
2277-E4-8_g_S22	CNS
2278-E4-8_g_S22	Epidermis
2279-E4-8_g_S22	Hemolymph cells
2280-E4-8_g_S22	CNS
2281-E4-8_g_S22	CNS
2282-E4-8_g_S22	Epidermis
2283-E4-8_g_S22	Epidermis
2284-E4-8_g_S22	Epidermis
2285-E4-8_g_S22	Epidermis
2286-E4-8_g_S22	CNS
2287-E4-8_g_S22	CNS
2288-E4-8_g_S22	CNS
2289-E4-8_g_S22	Stomatogastric nervous system
2290-E4-8_g_S22	CNS
2291-E4-8_g_S22	Epidermis
2292-E4-8_g_S22	Epidermis
2293-E4-8_g_S22	CNS
2294-E4-8_g_S22	Epidermis
2295-E4-8_g_S22	Hemolymph cells
2296-E4-8_g_S22	CNS
2297-E4-8_g_S22	Hemolymph cells
2298-E4-8_g_S22	Epidermis
2299-E4-8_g_S22	Epidermis
2300-E4-8_g_S22	CNS
2301-E4-8_g_S22	Hemolymph cells
2302-E4-8_g_S22	CNS
2303-E4-8_g_S22	Hemolymph cells
2304-E4-8_g_S22	CNS
2305-E4-8_g_S22	Stomatogastric nervous system
2306-E4-8_g_S22	CNS
2307-E4-8_g_S22	CNS
2308-E4-8_g_S22	Stomatogastric nervous system
2309-E4-8_g_S22	CNS
2310-E4-8_g_S22	CNS
2311-E4-8_g_S22	Epidermis
2312-E4-8_g_S22	Hemolymph cells
2313-E4-8_g_S22	Epidermis
2314-E4-8_g_S22	Epidermis
2315-E4-8_g_S22	CNS
2316-E4-8_g_S22	Epidermis
2317-E4-8_g_S22	CNS
2318-E4-8_g_S22	CNS
2319-E4-8_g_S22	Epidermis
2321-E4-8_g_S22	Hemolymph cells
2322-E4-8_g_S22	Epidermis
2323-E4-8_g_S22	Hemolymph cells
2324-E4-8_g_S22	CNS
2326-E4-8_g_S22	CNS
2327-E4-8_g_S22	Visceral muscle
2328-E4-8_g_S22	CNS
2329-E4-8_g_S22	Hemolymph cells
2330-E4-8_g_S22	CNS
2331-E4-8_g_S22	CNS
2332-E4-8_g_S22	CNS
2333-E4-8_g_S22	Epidermis
2334-E4-8_g_S22	Epidermis
2335-E4-8_g_S22	Epidermis
2336-E4-8_g_S22	CNS
2337-E4-8_g_S22	CNS
2338-E4-8_g_S22	Epidermis
2339-E4-8_g_S22	Visceral branch
2340-E4-8_g_S22	CNS
2341-E4-8_g_S22	CNS
2342-E4-8_g_S22	Visceral branch
2343-E4-8_g_S22	Foregut
2344-E4-8_g_S22	Epidermis
2345-E4-8_g_S22	Hemolymph cells
2346-E4-8_g_S22	CNS
2347-E4-8_g_S22	Epidermis
2348-E4-8_g_S22	CNS
2349-E4-8_g_S22	Epidermis
2350-E4-8_g_S22	Epidermis
2351-E4-8_g_S22	Epidermis
2352-E4-8_g_S22	CNS
2353-E4-8_g_S22	CNS
2354-E4-8_g_S22	Foregut
2355-E4-8_g_S22	Epidermis
2356-E4-8_g_S22	CNS
2357-E4-8_g_S22	CNS
2358-E4-8_g_S22	CNS
2359-E4-8_g_S22	Visceral muscle
2360-E4-8_g_S22	CNS
2361-E4-8_g_S22	CNS
2362-E4-8_g_S22	Stomatogastric nervous system
2363-E4-8_g_S22	Visceral branch
2364-E4-8_g_S22	Epidermis
2365-E4-8_g_S22	CNS
2366-E4-8_g_S22	Epidermis
2367-E4-8_g_S22	Foregut
2368-E4-8_g_S22	CNS
2369-E4-8_g_S22	CNS
2370-E4-8_g_S22	CNS
2371-E4-8_g_S22	CNS
2372-E4-8_g_S22	Epidermis
2373-E4-8_g_S22	Epidermis
2374-E4-8_g_S22	CNS
2375-E4-8_g_S22	CNS
2376-E4-8_g_S22	Epidermis
2377-E4-8_g_S22	CNS
2378-E4-8_g_S22	Epidermis
2379-E4-8_g_S22	Epidermis
2380-E4-8_g_S22	CNS
2381-E4-8_g_S22	CNS
2382-E4-8_g_S22	Epidermis
2383-E4-8_g_S22	CNS
2384-E4-8_g_S22	CNS
2385-E4-8_g_S22	Foregut
2386-E4-8_g_S22	CNS
2387-E4-8_g_S22	Epidermis
2388-E4-8_g_S22	Trachea
2389-E4-8_g_S22	CNS
2390-E4-8_g_S22	Epidermis
2391-E4-8_g_S22	CNS
2392-E4-8_g_S22	CNS
2393-E4-8_g_S22	CNS
2394-E4-8_g_S22	CNS
2395-E4-8_g_S22	Foregut
2396-E4-8_g_S22	Epidermis
2397-E4-8_g_S22	CNS
2398-E4-8_g_S22	Epidermis
2399-E4-8_g_S22	CNS
2400-E4-8_g_S22	CNS
2401-E4-8_g_S22	Epidermis
2402-E4-8_g_S22	Epidermis
2403-E4-8_g_S22	CNS
2404-E4-8_g_S22	Epidermis
2405-E4-8_g_S22	CNS
2406-E4-8_g_S22	Epidermis
2407-E4-8_g_S22	Epidermis
2408-E4-8_g_S22	Epidermis
2409-E4-8_g_S22	CNS
2410-E4-8_g_S22	CNS
2411-E4-8_g_S22	CNS
2412-E4-8_g_S22	CNS
2413-E4-8_g_S22	Stomatogastric nervous system
2414-E4-8_g_S22	Epidermis
2415-E4-8_g_S22	CNS
2416-E4-8_g_S22	CNS
2417-E4-8_g_S22	CNS
2418-E4-8_g_S22	Epidermis
2419-E4-8_g_S22	Epidermis
2420-E4-8_g_S22	Epidermis
2421-E4-8_g_S22	Epidermis
2422-E4-8_g_S22	CNS
2423-E4-8_g_S22	CNS
2424-E4-8_g_S22	CNS
2425-E4-8_g_S22	Epidermis
2426-E4-8_g_S22	CNS
2427-E4-8_g_S22	CNS
2428-E4-8_g_S22	CNS
2429-E4-8_g_S22	CNS
2430-E4-8_g_S22	CNS
2431-E4-8_g_S22	Epidermis
2432-E4-8_g_S22	Epidermis
2433-E4-8_g_S22	CNS
2434-E4-8_g_S22	Epidermis
2435-E4-8_g_S22	CNS
2436-E4-8_g_S22	CNS
2437-E4-8_g_S22	Epidermis
2438-E4-8_g_S22	CNS
2439-E4-8_g_S22	Hemolymph cells
2440-E4-8_g_S22	Epidermis
2441-E4-8_g_S22	CNS
2442-E4-8_g_S22	CNS
2443-E4-8_g_S22	CNS
2444-E4-8_g_S22	Epidermis
2445-E4-8_g_S22	CNS
2446-E4-8_g_S22	CNS
2447-E4-8_g_S22	CNS
2448-E4-8_g_S22	CNS
2449-E4-8_g_S22	CNS
2450-E4-8_g_S22	Foregut
2451-E4-8_g_S22	Epidermis
2452-E4-8_g_S22	Epidermis
2453-E4-8_g_S22	CNS
2454-E4-8_g_S22	CNS
2455-E4-8_g_S22	Epidermis
2456-E4-8_g_S22	Epidermis
2457-E4-8_g_S22	CNS
2458-E4-8_g_S22	Epidermis
2459-E4-8_g_S22	CNS
2460-E4-8_g_S22	Epidermis
2461-E4-8_g_S22	Hemolymph cells
2462-E4-8_g_S22	Epidermis
2463-E4-8_g_S22	Epidermis
2464-E4-8_g_S22	CNS
2465-E4-8_g_S22	Foregut
2466-E4-8_g_S22	Epidermis
2467-E4-8_g_S22	CNS
2468-E4-8_g_S22	CNS
2469-E4-8_g_S22	CNS
2470-E4-8_g_S22	Epidermis
2471-E4-8_g_S22	Epidermis
2472-E4-8_g_S22	Foregut
2473-E4-8_g_S22	Epidermis
2474-E4-8_g_S22	CNS
2475-E4-8_g_S22	CNS
2476-E4-8_g_S22	CNS
2477-E4-8_g_S22	Epidermis
2478-E4-8_g_S22	Visceral branch
2479-E4-8_g_S22	Epidermis
2480-E4-8_g_S22	CNS
2481-E4-8_g_S22	CNS
2482-E4-8_g_S22	CNS
2483-E4-8_g_S22	Stomatogastric nervous system
2484-E4-8_g_S22	Epidermis
2485-E4-8_g_S22	Epidermis
2486-E4-8_g_S22	Epidermis
2487-E4-8_g_S22	Epidermis
2488-E4-8_g_S22	CNS
2489-E4-8_g_S22	CNS
2490-E4-8_g_S22	Epidermis
2491-E4-8_g_S22	Epidermis
2492-E4-8_g_S22	CNS
2493-E4-8_g_S22	Epidermis
2494-E4-8_g_S22	Epidermis
2495-E4-8_g_S22	Epidermis
2496-E4-8_g_S22	CNS
2497-E4-8_g_S22	Foregut
2498-E4-8_g_S22	CNS
2499-E4-8_g_S22	Epidermis
2500-E4-8_g_S22	Epidermis
2501-E4-8_g_S22	Epidermis
2502-E4-8_g_S22	Epidermis
2503-E4-8_g_S22	CNS
2504-E4-8_g_S22	Epidermis
2505-E4-8_g_S22	CNS
2506-E4-8_g_S22	CNS
2507-E4-8_g_S22	Foregut
2508-E4-8_g_S22	Hemolymph cells
2509-E4-8_g_S22	Epidermis
2510-E4-8_g_S22	CNS
2511-E4-8_g_S22	Somatic muscle
2512-E4-8_g_S22	Somatic muscle
2513-E4-8_g_S22	Foregut
2514-E4-8_g_S22	Hemolymph cells
2515-E4-8_g_S22	Hemolymph cells
2516-E4-8_g_S22	Epidermis
2517-E4-8_g_S22	Foregut
2518-E4-8_g_S22	Somatic muscle
2519-E4-8_g_S22	Hemolymph cells
2520-E4-8_g_S22	Epidermis
2521-E4-8_g_S22	Somatic muscle
2522-E4-8_g_S22	Stomatogastric nervous system
2523-E4-8_g_S22	Somatic muscle
2524-E4-8_g_S22	Epidermis
2525-E4-8_g_S22	Epidermis
2526-E4-8_g_S22	CNS
2527-E4-8_g_S22	Epidermis
2528-E4-8_g_S22	Somatic muscle
2529-E4-8_g_S22	Hemolymph cells
2530-E4-8_g_S22	Epidermis
2531-E4-8_g_S22	Epidermis
2533-E4-8_g_S22	CNS
