,Amnioserosa,CNS,Epidermis,Fat body,Foregut,Hemolymph cells,Midgut,Salivary gland body,Somatic muscle,Stomatogastric nervous system,Trachea,Visceral branch,Visceral muscle
0,0.023723137,0.10016033,0.10798634,0.031553313,0.19254878,0.02667963,0.059547976,0.020295035,0.2594957,0.07418288,0.025536561,0.021928877,0.056361422
1,0.03507156,0.043893326,0.3062159,0.0811534,0.054368272,0.037431475,0.047176484,0.023081325,0.085566625,0.17124897,0.037947092,0.035060592,0.04178493
2,0.026156588,0.063057534,0.1084339,0.082131304,0.00917737,0.10419067,0.06486963,0.004884907,0.082678646,0.2585426,0.084290534,0.024715815,0.08687049
3,0.017742746,0.07927704,0.26662245,0.013348675,0.03108564,0.01862927,0.057872355,0.024756609,0.13855444,0.21968222,0.04582792,0.044303097,0.042297583
4,0.027553553,0.06817312,0.32304406,0.0349944,0.036302596,0.019098341,0.04547928,0.020042088,0.12789862,0.062320933,0.053372737,0.024502717,0.15721756
5,0.28218582,0.08693858,0.1940035,0.06244328,0.038411845,0.020813497,0.06283191,0.008487992,0.094434656,0.0668072,0.036777608,0.012196241,0.033667807
6,0.2277291,0.09868104,0.19983974,0.122160666,0.03100434,0.031575967,0.095397875,0.004379645,0.065124966,0.03791276,0.02730659,0.013818798,0.045068525
7,0.24762763,0.055402085,0.19140926,0.08912241,0.026334777,0.048749518,0.09945895,0.009772213,0.063152485,0.03754016,0.056411643,0.03025736,0.044761445
8,0.24230596,0.11694166,0.07474181,0.061234355,0.09666703,0.030907784,0.10719843,0.015029666,0.13930151,0.02165489,0.0442467,0.035816927,0.0139532685
9,0.18861416,0.13026364,0.06917666,0.046679307,0.033016652,0.09739029,0.08241638,0.009745784,0.1134337,0.019485136,0.17509492,0.01587033,0.018813046
10,0.17019954,0.063400276,0.15307759,0.2032166,0.007658,0.047138017,0.09793335,0.007640383,0.12892242,0.02314804,0.025023937,0.03657375,0.03606804
11,0.2569773,0.05440927,0.15132923,0.17939669,0.027737651,0.018377284,0.100230046,0.0030455056,0.07397036,0.060462408,0.033144943,0.032006223,0.008913078
12,0.38130164,0.029482057,0.20090759,0.059238434,0.011947257,0.016573763,0.08984564,0.007470961,0.081140906,0.032333825,0.068858564,0.012099471,0.00879991
13,0.37747136,0.033546865,0.22480667,0.032928895,0.018911287,0.041978054,0.047351632,0.016863639,0.047468375,0.02452357,0.09553297,0.018491475,0.02012521
14,0.24477716,0.13032518,0.088554874,0.012841068,0.0658082,0.05039457,0.13278337,0.009727599,0.081516854,0.019416042,0.12650488,0.014296769,0.023053477
15,0.20110075,0.06337269,0.20880489,0.031100212,0.04943467,0.020380974,0.13093065,0.015217878,0.10432644,0.017044408,0.091291785,0.014710985,0.05228377
16,0.053740833,0.025326906,0.15024185,0.06443383,0.20117588,0.026128225,0.13021651,0.029772405,0.0702809,0.013741205,0.076260224,0.0124815125,0.14619972
17,0.024287177,0.05182621,0.13545315,0.12509254,0.19059592,0.03458383,0.11715886,0.009852459,0.12193001,0.015601853,0.106803626,0.03560515,0.031209236
18,0.061466627,0.48025548,0.07798166,0.02949376,0.03105915,0.030689485,0.08538685,0.02486968,0.05060585,0.030686243,0.02785209,0.025014624,0.044638515
19,0.023808215,0.42440224,0.085843384,0.023789268,0.05694465,0.020084327,0.13219367,0.019995801,0.11483483,0.031538013,0.019252354,0.014804731,0.03250855
20,0.011577122,0.3661047,0.11272881,0.017562645,0.080334365,0.03547559,0.10038576,0.009514589,0.09530283,0.11495359,0.022957817,0.0061010113,0.027001137
21,0.02701128,0.3546652,0.09513697,0.021301638,0.04428734,0.043932807,0.06795345,0.015256956,0.10660629,0.11771418,0.05319853,0.019629883,0.033305466
22,0.019255068,0.04335005,0.11931659,0.08650776,0.01898203,0.059639663,0.10857308,0.015272982,0.09062032,0.30410838,0.046346564,0.018160067,0.069867395
23,0.043836482,0.17245156,0.2062194,0.009982511,0.04012551,0.030428061,0.102096915,0.03168735,0.12246753,0.17342395,0.035560757,0.010260044,0.021459933
24,0.038294304,0.08224101,0.36377993,0.03441323,0.04289276,0.044511206,0.09692826,0.041947227,0.07182166,0.07312734,0.043307103,0.025147574,0.041588377
25,0.06208341,0.0716552,0.32824215,0.074279495,0.058984607,0.03981167,0.075423524,0.026686383,0.07671149,0.0381594,0.074552424,0.034371395,0.039038908
26,0.24192461,0.04335933,0.2598208,0.13827893,0.01980735,0.026782969,0.0508001,0.017786631,0.08608818,0.030094936,0.03596361,0.024652742,0.024639785
27,0.28804907,0.092248335,0.08611022,0.24023311,0.020239608,0.026256854,0.039815295,0.020142328,0.08615145,0.02308702,0.03282819,0.025721949,0.019116588
28,0.28458387,0.048177768,0.12405094,0.18757099,0.013940947,0.013189573,0.06906674,0.01405103,0.055702083,0.029935008,0.077540025,0.06530011,0.016890937
29,0.33765078,0.079268,0.11239951,0.046467606,0.03756978,0.038728226,0.08334724,0.025362067,0.09688409,0.030895641,0.056898214,0.029041449,0.02548734
30,0.36533007,0.060115505,0.097825535,0.097620696,0.037144855,0.049492408,0.04117166,0.029685272,0.05100535,0.05935673,0.03616687,0.023633951,0.05145108
31,0.31778556,0.06554502,0.14670876,0.16365331,0.0057246205,0.08810768,0.05966929,0.0052150013,0.041895762,0.014219998,0.03769164,0.0071220617,0.04666127
32,0.27859786,0.042381007,0.2064396,0.17675081,0.017190117,0.04547588,0.06280984,0.019498803,0.071547404,0.017383354,0.029213661,0.009200061,0.023511628
33,0.25660247,0.04412018,0.21274084,0.07578643,0.024487592,0.16483574,0.09890339,0.012268541,0.034662418,0.029981919,0.01997712,0.013498202,0.012135181
34,0.13684736,0.049709756,0.21455452,0.0792622,0.012393532,0.20930319,0.096763134,0.010267718,0.061624434,0.022350175,0.03920832,0.04394572,0.023769928
35,0.17334838,0.07940821,0.14550075,0.014549824,0.058933225,0.15800114,0.09381103,0.021322986,0.054317378,0.014961831,0.07057244,0.05771264,0.05756016
36,0.20615831,0.12469667,0.18360355,0.0067844586,0.04388175,0.030955687,0.08603943,0.01561338,0.101266526,0.02212444,0.076423734,0.050651126,0.05180087
37,0.041272,0.059967965,0.23657383,0.0033999006,0.04688302,0.03996211,0.15954317,0.026820406,0.14461364,0.015616309,0.08460464,0.063139096,0.07760391
38,0.048423514,0.06887659,0.2976006,0.01631398,0.038727067,0.021743085,0.08464939,0.021985156,0.19857484,0.029079145,0.043104246,0.054546054,0.07637635
39,0.095887974,0.08246732,0.26751032,0.05495234,0.05809399,0.033148874,0.051887512,0.027340928,0.08835998,0.03833973,0.1430252,0.021114433,0.037871376
40,0.035663255,0.07600172,0.09137498,0.017667957,0.03747811,0.03194033,0.09291255,0.011767061,0.26984617,0.014505945,0.25820225,0.02914243,0.033497144
41,0.050610173,0.28779364,0.1647803,0.01213872,0.029814836,0.047353763,0.16507818,0.038822606,0.06521188,0.07977753,0.025009442,0.012197814,0.02141115
42,0.028720215,0.5326195,0.102474906,0.01909878,0.02677591,0.027020365,0.106252104,0.008599202,0.072329834,0.031060517,0.0139957685,0.010594627,0.02045834
43,0.0123445885,0.5013712,0.10910661,0.008341707,0.049749035,0.02133002,0.09899175,0.0038450004,0.15333883,0.016842095,0.0045800195,2.172624e-05,0.020137401
44,0.0011218021,0.48480096,0.102932796,0.0034519588,0.06283116,0.026393536,0.15421262,1.1475664e-05,0.1095577,0.016524933,0.019049663,2.0149205e-06,0.019109365
45,0.02243915,0.39392173,0.10017676,0.02297811,0.06536466,0.042491056,0.09778418,0.015243818,0.1073138,0.044844788,0.024275577,0.02129686,0.041869532
46,0.016336191,0.27017063,0.12573737,0.02295826,0.051576454,0.030021247,0.18873379,0.017919412,0.13009186,0.06046035,0.025708636,0.020720972,0.039564762
47,0.014839255,0.14784756,0.12515944,0.024142569,0.023559825,0.12078472,0.10404532,0.010458822,0.2095164,0.1127862,0.042917866,0.0068867495,0.057055235
48,0.01934758,0.08343361,0.16537118,0.06042126,0.07462337,0.05297722,0.13585943,0.040037543,0.22553197,0.046340458,0.035511874,0.024492249,0.03605224
49,0.04527672,0.06959432,0.15544684,0.22386852,0.027356189,0.043940745,0.12757912,0.012637924,0.1345899,0.03809351,0.040881563,0.0031964513,0.07753819
50,0.05033369,0.060681477,0.10743918,0.3161385,0.033442985,0.027618725,0.08436895,0.025916124,0.07043795,0.03404064,0.12316677,0.019083017,0.04733202
51,0.030235944,0.098674744,0.10604331,0.35438615,0.02577497,0.0104781175,0.055966765,0.01015961,0.12334263,0.03637729,0.081960395,0.0075747217,0.059025414
52,0.06550411,0.102196924,0.09927866,0.24306217,0.03687596,0.04943251,0.11646039,0.012916698,0.16396077,0.03380402,0.031168098,0.011007547,0.03433206
53,0.028305499,0.11330917,0.12744382,0.16651784,0.053494044,0.056153413,0.08127053,0.015511344,0.18558605,0.015375268,0.12559497,0.009539199,0.021898778
54,0.020340407,0.080925,0.07552941,0.04671097,0.032936275,0.24977945,0.15266143,0.057278045,0.13390328,0.019669082,0.0947007,0.016028808,0.01953711
55,0.046580415,0.113282174,0.10579164,0.017391833,0.043609057,0.14627846,0.1667569,0.021739995,0.16997798,0.016227243,0.05793866,0.016563235,0.0778624
56,0.027899122,0.1082282,0.14563282,0.0107532125,0.1462457,0.030815251,0.19418989,0.019442922,0.13889581,0.02252526,0.057802465,0.033829007,0.06374029
57,0.027326941,0.09111172,0.119409345,0.022169966,0.08707574,0.013360596,0.25439966,0.014666903,0.18738933,0.021189347,0.08222237,0.026617043,0.05306106
58,0.027172776,0.07144635,0.15320635,0.029285984,0.080047324,0.021413393,0.13417749,0.01907854,0.20466347,0.023504222,0.1136835,0.021179153,0.10114144
59,0.08489127,0.067185715,0.35155997,0.035002004,0.028915036,0.03586655,0.09091614,0.026856128,0.07178803,0.03203663,0.10049044,0.036512855,0.03797923
60,0.06175643,0.11299653,0.06464662,0.017230237,0.05113814,0.015789768,0.074002855,0.009134757,0.11742872,0.017922781,0.40867642,0.016145863,0.03313086
61,0.07143705,0.34641957,0.07494855,0.023553932,0.023270752,0.061215907,0.06077062,0.020831382,0.13496105,0.025501048,0.07183748,0.05445298,0.030799663
62,0.026791956,0.16546285,0.16924454,0.017708646,0.022083372,0.24624576,0.09718015,0.013408293,0.11256685,0.036831066,0.037568145,0.032618918,0.022289433
63,0.027792953,0.44863972,0.12810285,0.03662842,0.04559094,0.03098985,0.06935091,0.021923877,0.07657486,0.026186123,0.03307739,0.025887242,0.02925487
64,0.02834699,0.40713626,0.13411686,0.019328332,0.043621127,0.034784045,0.08965561,0.023730854,0.123630404,0.030298723,0.021619461,0.012393713,0.031337634
65,0.015468323,0.34703967,0.09865808,0.016954754,0.037375037,0.061552584,0.15560436,0.016493645,0.12237656,0.028054627,0.04925202,0.011606428,0.039563887
66,0.030595616,0.33360955,0.10053283,0.021562634,0.021814888,0.11569031,0.08469344,0.021587873,0.12971166,0.04034481,0.036317967,0.021317821,0.042220637
67,0.01459824,0.23752151,0.17112298,0.012305884,0.009984158,0.041619867,0.14482422,0.020606922,0.22441927,0.048499674,0.02104651,0.018331155,0.03511975
68,0.020533657,0.09173923,0.081821226,0.04021122,0.04527212,0.054588772,0.12366181,0.004369705,0.24799496,0.11854984,0.02578732,0.0052423356,0.14022772
69,0.029100241,0.12146588,0.0987163,0.070136,0.0501178,0.04311003,0.10819013,0.013101848,0.23804395,0.04638514,0.03103663,0.01409112,0.13650501
70,0.03046094,0.052220993,0.13072439,0.15688436,0.039031934,0.035980508,0.30250886,0.01773387,0.09779416,0.019741148,0.042814225,0.024518212,0.04958639
71,0.023837639,0.06095077,0.13276924,0.2777442,0.033185963,0.022861687,0.1665041,0.033713415,0.1098594,0.01922594,0.0722429,0.01748031,0.029624393
72,0.04606704,0.05123896,0.07061308,0.45363933,0.03298126,0.02802428,0.08634478,0.027270103,0.076037414,0.011728241,0.098301515,0.0060343333,0.011719693
73,0.06606297,0.06577233,0.07449875,0.46246508,0.024337025,0.020527773,0.05618487,0.020228848,0.08783934,0.021138629,0.06049681,0.011379643,0.029067947
74,0.09717129,0.030453365,0.06686489,0.37378284,0.013778042,0.04344551,0.12357649,0.010802464,0.12783737,0.014446909,0.025540588,0.053176574,0.019123653
75,0.014789692,0.059506126,0.17486659,0.016327586,0.101336055,0.14670041,0.1620968,0.019820908,0.15680869,0.052954014,0.049047586,0.015154924,0.030590652
76,0.03348595,0.10133537,0.17578922,0.026803674,0.10407111,0.03898208,0.19491796,0.016614493,0.120145574,0.07753137,0.023869716,0.06074384,0.025709597
77,0.037614323,0.07575788,0.19182846,0.056101028,0.06897855,0.05575724,0.23421453,0.02048094,0.13054806,0.028744366,0.051823612,0.010967802,0.037183154
78,0.042742968,0.085258946,0.2961366,0.02831182,0.1009503,0.022540381,0.12511447,0.031462036,0.11293834,0.023387581,0.0766359,0.013289386,0.041231275
79,0.046976663,0.072123624,0.33747554,0.07953024,0.045644764,0.013240534,0.12202305,0.017443543,0.079384446,0.016518317,0.11459842,0.014332578,0.04070833
80,0.06397716,0.062976055,0.07723231,0.036699794,0.037282884,0.014577928,0.067108355,0.012571022,0.1445782,0.015132336,0.40283668,0.026904624,0.038122572
81,0.03816271,0.17135979,0.08749967,0.030648781,0.02755168,0.0401065,0.06811769,0.025524896,0.35002005,0.027031543,0.03788272,0.033229586,0.06286439
82,0.024635997,0.1287654,0.17000124,0.03262503,0.08195372,0.08159748,0.17759375,0.030982628,0.15588702,0.02963457,0.021586923,0.02107255,0.043663654
83,0.0223423,0.1094416,0.36967996,0.020142248,0.05015982,0.055847373,0.14514145,0.013631513,0.06580838,0.040602773,0.042319875,0.034798287,0.030084461
84,0.027471265,0.08837712,0.35767525,0.022475466,0.024646722,0.050028857,0.098404,0.035562675,0.14420642,0.03911263,0.038574785,0.013316367,0.060148455
85,0.013832614,0.060248356,0.32856694,0.023401693,0.017232293,0.11490267,0.08844275,0.010264772,0.14529702,0.033571593,0.08495649,0.005360652,0.0739221
86,0.017740369,0.054877315,0.23430558,0.030915389,0.019279728,0.18325323,0.07037235,0.023976535,0.19671915,0.06206503,0.060650975,0.01669259,0.029151775
87,0.03345023,0.084363975,0.14658566,0.026325505,0.024279121,0.0560055,0.23124588,0.012354375,0.1773821,0.032663424,0.066193596,0.057842683,0.051307935
88,0.012275253,0.09933453,0.08491327,0.021746013,0.09731066,0.03618252,0.36450434,0.014384659,0.11789484,0.038681373,0.0344152,0.019452821,0.058904484
89,0.024257347,0.12874453,0.11890669,0.04254862,0.041311927,0.039502982,0.31824985,0.01405648,0.12722814,0.040923778,0.027222611,0.03390021,0.043146785
90,0.019824639,0.07621269,0.069044694,0.07132206,0.046498846,0.029994594,0.37392834,0.017395062,0.1358678,0.012739692,0.046800014,0.036796104,0.06357537
91,0.02841246,0.09545386,0.0746722,0.11776748,0.05090721,0.024278,0.31233653,0.01830646,0.15026097,0.009092897,0.0463233,0.035270877,0.036917746
92,0.029203163,0.05565025,0.05406852,0.4926197,0.05989242,0.030983875,0.06947884,0.035543103,0.059332766,0.032559875,0.03587081,0.009900421,0.03489628
93,0.030005665,0.036403626,0.06074357,0.48578548,0.047497753,0.04199064,0.08069525,0.03446588,0.065265894,0.033565033,0.02845428,0.026865218,0.028261762
94,0.049581468,0.02287665,0.13049567,0.4182683,0.008528199,0.020588273,0.08413059,0.0043538483,0.1866835,0.012869985,0.024349425,0.016343627,0.020930525
95,0.051090874,0.06303103,0.098037876,0.45996076,0.03306775,0.02335647,0.06525024,0.015920995,0.095718935,0.015452195,0.031403188,0.023937026,0.023772608
96,0.030905616,0.059309836,0.094302416,0.38607648,0.031183597,0.029973386,0.10141005,0.02799415,0.100308985,0.016574048,0.0555867,0.019043894,0.04733084
97,0.021105034,0.04356054,0.09002212,0.11081856,0.02140647,0.038100798,0.3212138,0.016179321,0.18656592,0.018463334,0.030178798,0.020353498,0.08203176
98,0.026007526,0.052155595,0.1216999,0.17417435,0.028591746,0.016006565,0.32961768,0.0031163676,0.13494253,0.014756554,0.029434424,0.0356284,0.033868305
99,0.025496924,0.06203841,0.10567861,0.07378126,0.025889175,0.03639217,0.38507193,0.024802351,0.13116261,0.023140142,0.037393004,0.032829497,0.036323868
100,0.028329508,0.04537694,0.1694114,0.033173416,0.13863166,0.049888033,0.27264765,0.009838627,0.15128715,0.021047063,0.034785688,0.013370499,0.032212302
101,0.02616642,0.060822316,0.108331926,0.037989467,0.048523687,0.053665362,0.37212238,0.013995128,0.1282276,0.03490283,0.045044813,0.030251538,0.039956518
102,0.012790255,0.079109006,0.10627365,0.057442114,0.05433498,0.05209119,0.33187038,0.0076836743,0.12353315,0.03190072,0.062724866,0.034497466,0.045748487
103,0.03314499,0.07881096,0.1579968,0.12635493,0.0158519,0.036851797,0.17316899,0.020107657,0.14832574,0.022090908,0.091246955,0.058810517,0.037237868
104,0.032591984,0.12885033,0.2899206,0.088546276,0.039949242,0.0118422145,0.13715938,0.0340319,0.09720087,0.01794077,0.08310773,0.014689757,0.024168992
105,0.08474166,0.08710557,0.15946434,0.022458421,0.031655982,0.015467442,0.0834121,0.010921663,0.11658946,0.017550869,0.28419667,0.05316876,0.03326702
106,0.07352595,0.045327075,0.10297472,0.022190886,0.025020598,0.1648061,0.038790308,0.018270662,0.08865093,0.24208954,0.12793048,0.027601587,0.022821112
107,0.02656668,0.06493442,0.40262318,0.02752215,0.02508849,0.03408641,0.11511617,0.021502323,0.15870237,0.025924796,0.038595073,0.026494754,0.032843195
108,0.012376925,0.11063271,0.3957268,0.020862766,0.08692194,0.07248992,0.10612357,0.012748122,0.06930138,0.039773814,0.025561886,0.014630709,0.03284948
109,0.024526967,0.077616476,0.42291182,0.03926955,0.034228884,0.049012784,0.07832764,0.021774825,0.1101346,0.03166046,0.03912319,0.023773905,0.047638893
110,0.014051636,0.062402114,0.36840048,0.059275784,0.021069165,0.03644901,0.12510124,0.021179775,0.08839185,0.0698202,0.04874248,0.024752554,0.060363714
111,0.010933105,0.06258794,0.36612967,0.02804678,0.041539453,0.049738668,0.11032778,0.020154847,0.0968996,0.019587139,0.10696577,0.02340466,0.06368463
112,0.01131427,0.059321616,0.29713616,0.027140798,0.029761927,0.06145403,0.12686522,0.025795752,0.12388643,0.016307408,0.06356302,0.0802958,0.07715763
113,0.0129283825,0.08538887,0.10693498,0.008459292,0.046754643,0.03560566,0.36763895,0.050893802,0.15565781,0.019357253,0.054459956,0.01578676,0.04013369
114,0.029867727,0.0792397,0.11285861,0.025293645,0.05169157,0.03201792,0.38098952,0.035174765,0.107191674,0.035050984,0.03261526,0.032923173,0.04508546
115,0.037978634,0.058075476,0.1213421,0.08243421,0.03688744,0.024583314,0.34273392,0.042309146,0.08919642,0.053965837,0.045904312,0.023378259,0.04121097
116,0.060202792,0.07725186,0.073352195,0.28716516,0.046871305,0.028338818,0.17915812,0.03464766,0.08064676,0.018000416,0.043567266,0.023706134,0.047091454
117,0.12639433,0.065974936,0.19923331,0.3060235,0.043650467,0.013237852,0.07502302,0.017379226,0.060649898,0.008972915,0.038325403,0.011266369,0.033868756
118,0.11611026,0.06442202,0.119209446,0.42462453,0.023039475,0.016775992,0.056010734,0.021790998,0.045015465,0.014390332,0.034009006,0.021192063,0.04340964
119,0.06406586,0.052390594,0.09275683,0.44632643,0.032061897,0.030964203,0.07629834,0.019984368,0.072227195,0.023548571,0.033465113,0.023480663,0.032429904
120,0.036932755,0.060252797,0.16056871,0.2899524,0.019905139,0.057770163,0.17189072,0.010783119,0.10760283,0.035357513,0.008783589,0.013387072,0.026813257
121,0.0468098,0.070581056,0.16416879,0.15651362,0.027445586,0.038554393,0.30016288,0.01321925,0.10764687,0.025430458,0.012521943,0.0074458914,0.029499512
122,0.039980747,0.06361959,0.109528676,0.054729413,0.033298254,0.03377494,0.4184728,0.02008325,0.11997485,0.029272348,0.02768261,0.011920651,0.037661836
123,0.015075846,0.060816783,0.118180774,0.021438401,0.042161122,0.036545742,0.4483419,0.014218839,0.08333658,0.03841667,0.030150918,0.009850403,0.08146598
124,0.016020853,0.0709797,0.12944871,0.03055417,0.037255935,0.03465475,0.39824244,0.035778645,0.1012199,0.038777713,0.022279315,0.011490065,0.073297836
125,0.037981413,0.09827016,0.12875646,0.028706143,0.061520558,0.052854855,0.300064,0.010638248,0.15129142,0.028939744,0.02734525,0.014139404,0.05949237
126,0.027866231,0.10126398,0.09486758,0.040618647,0.05906322,0.06317509,0.32741013,0.01738055,0.16386084,0.019466346,0.032846313,0.011483455,0.040697575
127,0.047865953,0.111442305,0.08913091,0.04199333,0.037579637,0.046102583,0.30907202,0.028106261,0.17608641,0.010572541,0.04313541,0.021573722,0.037338864
128,0.029204743,0.16628426,0.10796069,0.090575986,0.035234623,0.029991852,0.15085408,0.017755415,0.2458708,0.016266821,0.034776412,0.040222365,0.03500196
129,0.021716423,0.21977392,0.26117718,0.03974477,0.037916757,0.03647201,0.1309747,0.019199928,0.08436293,0.026564164,0.08288114,0.011346729,0.027869355
130,0.031920712,0.089552015,0.23083316,0.013912517,0.041471537,0.028474616,0.09353057,0.014731806,0.1292551,0.061350588,0.19742864,0.041806467,0.025732223
131,0.037735164,0.100366004,0.36269155,0.027498867,0.020598479,0.053347513,0.06147119,0.01578609,0.11365585,0.06815466,0.046562348,0.06335035,0.02878194
132,0.03164901,0.059190504,0.49447984,0.030922227,0.03235051,0.04964399,0.07227637,0.012725975,0.08475832,0.040450707,0.03659572,0.026902828,0.028054083
133,0.016925858,0.14424977,0.2370812,0.011145175,0.079724975,0.12586021,0.13369948,0.004691648,0.117928855,0.06620781,0.024635773,0.0059895115,0.031859696
134,0.015071055,0.18394032,0.2855773,0.017630557,0.04521574,0.051112197,0.07092515,0.010607717,0.14717925,0.014838949,0.030095804,0.080044344,0.047761574
135,0.01781079,0.24853007,0.20972265,0.026790395,0.042316068,0.09953321,0.09918021,0.017019188,0.10100243,0.01690185,0.03552762,0.035134427,0.050531045
136,0.014428529,0.1522635,0.1402257,0.010076113,0.01890724,0.20265318,0.09957502,0.01288505,0.15512519,0.018663794,0.075514846,0.033447683,0.06623423
137,0.020555168,0.10963509,0.14602904,0.035185225,0.025687417,0.22029676,0.09627806,0.03835944,0.17365864,0.020945115,0.055614885,0.033670306,0.024084868
138,0.023484133,0.039506327,0.067803584,0.023536768,0.028620418,0.047239095,0.20235218,0.30831283,0.115435325,0.019418575,0.04757713,0.022115123,0.054598525
139,0.021520507,0.035574168,0.10024939,0.022838905,0.020572538,0.0881846,0.21540464,0.2751978,0.10872246,0.027796905,0.031008465,0.013584623,0.039345
140,0.014588047,0.06099274,0.115323104,0.0578915,0.017716905,0.03342168,0.3554678,0.16186036,0.07692232,0.02118785,0.04880728,0.010151506,0.025668917
141,0.027094051,0.08778431,0.069351256,0.08906753,0.033628337,0.04016274,0.38672146,0.048622232,0.0942322,0.022162924,0.045029897,0.02194253,0.03420054
142,0.038402624,0.09950635,0.059556205,0.20861992,0.03112012,0.024395669,0.30295295,0.031079637,0.1163632,0.018798312,0.042856447,0.011101756,0.015246817
143,0.04731381,0.08247851,0.09930203,0.26312852,0.022597281,0.034877885,0.23498611,0.010993307,0.094749935,0.014165712,0.03518996,0.03179659,0.028420376
144,0.018784046,0.10082985,0.09478842,0.097788006,0.01913147,0.03746353,0.3666708,0.024530027,0.11741081,0.012415419,0.027101042,0.05297364,0.030112913
145,0.022921516,0.09918856,0.09230374,0.034918774,0.032756586,0.05234942,0.39899394,0.013679741,0.12470994,0.023661599,0.029909251,0.026318334,0.04828858
146,0.04473502,0.07336896,0.10038078,0.017395446,0.028027069,0.038648862,0.3286318,0.0047887475,0.1821952,0.012980287,0.018713847,0.0124791395,0.13765492
147,0.018233187,0.07230706,0.12360702,0.017484054,0.04304278,0.028776776,0.30390137,0.007795508,0.17701243,0.011107734,0.017469512,0.032297704,0.14696491
148,0.03227172,0.08772399,0.13402101,0.025050506,0.034921285,0.023696067,0.20433526,0.0077818152,0.1295183,0.025133211,0.019231932,0.039125696,0.23718916
149,0.015974188,0.1117569,0.16528702,0.02877435,0.06361235,0.029691499,0.08485605,0.015057669,0.16928244,0.029674167,0.026121302,0.049129467,0.2107826
150,0.009315191,0.09786508,0.11631749,0.023238435,0.045956127,0.04551122,0.14248267,0.016066244,0.21995185,0.010356531,0.031880863,0.049639616,0.19141872
151,0.020550743,0.09878982,0.097962044,0.010547361,0.05179984,0.036651697,0.14360566,0.019560998,0.3154134,0.0122167785,0.044022314,0.026023129,0.12285621
152,0.029266393,0.14966446,0.12430629,0.015661541,0.03626586,0.04492175,0.12881806,0.015248809,0.28424928,0.024329863,0.06571358,0.021394042,0.06016003
153,0.023361014,0.27243316,0.13144946,0.04269134,0.054227762,0.030216357,0.099816084,0.024983592,0.16364978,0.021543538,0.073776774,0.0210262,0.040824942
154,0.033811074,0.3134357,0.16703646,0.031581637,0.028386828,0.057739194,0.0658317,0.014979047,0.10103842,0.039801955,0.06776632,0.018804511,0.05978716
155,0.027870186,0.1457795,0.20777743,0.032366574,0.01996631,0.02222937,0.052438647,0.012849824,0.14842303,0.18986233,0.078091785,0.016816733,0.0455282
156,0.03370859,0.09402649,0.40371832,0.029736275,0.02718512,0.033436764,0.062165957,0.022593386,0.06873587,0.13955529,0.025932433,0.026429884,0.032775626
157,0.046333395,0.24334228,0.23081431,0.0126394555,0.024994073,0.04169959,0.17685467,0.017833825,0.11724608,0.037131667,0.011064765,0.025333503,0.01471243
158,0.020820696,0.32384318,0.14406902,0.021138988,0.029474672,0.097139664,0.115107365,0.01786416,0.07080191,0.05304288,0.044038862,0.032825213,0.029833376
159,0.014430245,0.35975912,0.11439484,0.026684523,0.023296418,0.04793295,0.13474362,0.024370097,0.121203355,0.035473604,0.045607883,0.017753476,0.034349922
160,0.013243952,0.35938352,0.11348053,0.037065405,0.030629577,0.06121274,0.106356144,0.073488005,0.07755578,0.038698647,0.04849106,0.008344245,0.032050442
161,0.031426184,0.25307548,0.08744211,0.028088111,0.0238168,0.045408156,0.0645415,0.24244595,0.08961977,0.03757219,0.047690935,0.012653652,0.03621912
162,0.029553255,0.050078448,0.09418175,0.028442789,0.03726792,0.03204368,0.072625965,0.39048782,0.13977604,0.021335894,0.025086144,0.028414665,0.05070558
163,0.05352849,0.05239865,0.10880299,0.026146658,0.02435244,0.023172304,0.043572288,0.39783254,0.14258607,0.02950671,0.037653223,0.024134211,0.03631349
164,0.032216024,0.048524637,0.12294996,0.063289165,0.042851917,0.043757107,0.12171668,0.342268,0.06963073,0.029759198,0.02933901,0.024295783,0.02940182
165,0.031478096,0.08027409,0.11500049,0.040477548,0.021341396,0.024400352,0.20229377,0.2931002,0.08839757,0.019568153,0.019093888,0.02651399,0.038060397
166,0.02341008,0.08456917,0.09767768,0.020537868,0.022126198,0.030002024,0.23777276,0.06319208,0.24823084,0.019666813,0.02630707,0.044600133,0.08190722
167,0.022775501,0.10612703,0.07625569,0.020089183,0.018484531,0.023573115,0.28958413,0.02171412,0.2571339,0.02341931,0.035563294,0.032681152,0.072599046
168,0.019197913,0.069179446,0.12727317,0.013463275,0.02713392,0.016136197,0.31826887,0.02231355,0.16085331,0.02770653,0.025183827,0.017627833,0.15566216
169,0.02171848,0.07996563,0.11789134,0.013706111,0.014449442,0.028828403,0.18522903,0.018206641,0.20500296,0.039895196,0.016231062,0.03204078,0.22683494
170,0.037059378,0.06544317,0.13692154,0.02133484,0.02727341,0.022906369,0.1389762,0.034117527,0.21087866,0.019157052,0.046245337,0.03274914,0.20693736
171,0.017860245,0.10056883,0.121253066,0.026407622,0.028904764,0.021018557,0.08177699,0.012593006,0.261901,0.019028507,0.10514382,0.03510293,0.16844064
172,0.01492319,0.11241172,0.17699681,0.056059558,0.0127950655,0.029703975,0.06275027,0.008422674,0.25798598,0.03472376,0.14857309,0.012201774,0.07245211
173,0.015527623,0.07472585,0.17489056,0.02483953,0.023993297,0.04429855,0.07506983,0.016461903,0.32782662,0.023378337,0.12000121,0.017378822,0.06160792
174,0.026268803,0.09009298,0.092330046,0.026880981,0.021489028,0.068380706,0.13990831,0.012561887,0.37125075,0.021521397,0.056426793,0.025005907,0.04788236
175,0.023621753,0.086834,0.14456704,0.023224272,0.032324128,0.032449063,0.14058614,0.020950364,0.35711327,0.036769334,0.04532283,0.022821615,0.03341624
176,0.020480398,0.1600144,0.22414067,0.037031442,0.029930366,0.024524191,0.16597058,0.017561212,0.14332952,0.04065571,0.0638561,0.03530734,0.03719808
177,0.017880201,0.2314382,0.20408413,0.034330465,0.1276988,0.026748372,0.13673279,0.016026301,0.119003594,0.0031624981,0.033445362,0.022529714,0.0269196
178,0.017841691,0.14618647,0.2826126,0.04146674,0.049792666,0.12166649,0.07925807,0.049078446,0.082256824,0.02373886,0.044990297,0.01547833,0.045632564
179,0.04173612,0.10750661,0.3536546,0.031649135,0.061084203,0.038254593,0.06297768,0.045595378,0.13603136,0.043682612,0.024312155,0.029189114,0.024326373
180,0.024459088,0.098061174,0.31316233,0.02539928,0.04074966,0.099681675,0.081658766,0.014241345,0.10024126,0.14308687,0.027177744,0.011944175,0.020136606
181,0.03044223,0.15143327,0.36188367,0.02048431,0.026013156,0.032441314,0.070332095,0.03280793,0.094367616,0.101402335,0.024601223,0.01815668,0.03563423
182,0.025495257,0.31172642,0.14985488,0.037954308,0.042705256,0.03504769,0.09151575,0.053616166,0.08053532,0.054729007,0.033060364,0.031790998,0.051968616
183,0.02270102,0.11417015,0.25254694,0.019326419,0.053096477,0.0716897,0.0896562,0.13906993,0.10318729,0.028248627,0.03729227,0.024506232,0.04450872
184,0.016935702,0.10479677,0.1794147,0.014469244,0.051306985,0.02106344,0.13240637,0.14199655,0.17247866,0.035596423,0.03976399,0.043016862,0.046754286
185,0.04535436,0.055679925,0.14821462,0.026158322,0.1433635,0.023850871,0.11807215,0.08415488,0.23289402,0.017884862,0.04626582,0.020367546,0.037739124
186,0.0243254,0.05129198,0.12424445,0.01855436,0.04544691,0.022890067,0.09078633,0.26107788,0.22234704,0.021543136,0.02548166,0.015721891,0.07628891
187,0.01877137,0.07676296,0.17061402,0.02987303,0.024835953,0.018957427,0.089145474,0.13614143,0.27914855,0.022542898,0.03590381,0.03142053,0.06588258
188,0.014035105,0.111667946,0.13749589,0.021522224,0.022464618,0.031729877,0.1331748,0.031236142,0.35350108,0.022939727,0.039881118,0.017495412,0.06285614
189,0.015076953,0.11509204,0.1020068,0.033915594,0.028793411,0.026494235,0.12409051,0.012277904,0.40637425,0.018715976,0.03751735,0.025276937,0.054368053
190,0.020303706,0.08379724,0.09347812,0.027571687,0.03766422,0.025381377,0.12043022,0.014074278,0.42906997,0.039400637,0.026724994,0.028436871,0.053666692
191,0.027321354,0.067726515,0.15501006,0.021748822,0.034701914,0.03933251,0.10856215,0.010455023,0.41097844,0.023668416,0.027144773,0.024692414,0.048657544
192,0.024811277,0.11051592,0.14924416,0.026508333,0.02167855,0.028629255,0.15931445,0.00918884,0.3108397,0.023515046,0.037497234,0.051280852,0.04697631
193,0.03416066,0.074020036,0.11000372,0.02037639,0.05198168,0.026637498,0.10857056,0.024058096,0.4020735,0.036672916,0.034789104,0.028201576,0.04845429
194,0.026819611,0.09173258,0.12616195,0.022715533,0.07275421,0.02290088,0.12109685,0.012959825,0.3504411,0.037857853,0.033870555,0.028670933,0.05201811
195,0.0256464,0.0740856,0.2883821,0.041925535,0.034458615,0.024827667,0.09046216,0.00978606,0.23262273,0.03324276,0.056647964,0.047519818,0.040392555
196,0.022255111,0.04519583,0.2503202,0.01675597,0.036917534,0.015249988,0.081756525,0.018323025,0.29870653,0.027343804,0.102690585,0.036960017,0.04752495
197,0.042082105,0.04300268,0.4254328,0.022581795,0.025535248,0.028328896,0.071331374,0.016115304,0.15000635,0.039085273,0.07017046,0.038210154,0.02811754
198,0.031653415,0.049583893,0.4494809,0.03600786,0.02898505,0.029901812,0.07303787,0.023833415,0.09851295,0.0427999,0.06350203,0.03471578,0.037985113
199,0.021360353,0.09195734,0.32931435,0.08822689,0.08183879,0.047799118,0.113429785,0.020451186,0.05037753,0.020465085,0.05700545,0.029175535,0.048598632
200,0.024111023,0.05389055,0.43906394,0.03182987,0.027686875,0.059185304,0.13394566,0.0214091,0.057571415,0.035940666,0.026262423,0.039723214,0.049380008
201,0.03247351,0.049790032,0.48737755,0.024561016,0.05080257,0.038456544,0.06638083,0.021642594,0.06867723,0.03408052,0.03925696,0.039348517,0.04715209
202,0.0206475,0.084628075,0.38800222,0.016415367,0.06814602,0.04419765,0.07746449,0.010791266,0.13321745,0.037097845,0.032089915,0.021310907,0.065991394
203,0.0103341425,0.23165159,0.19374181,0.014878652,0.1257951,0.038386613,0.08809348,0.0038653633,0.18316087,0.01513434,0.055744335,0.0047494974,0.034464207
204,0.018614877,0.15896875,0.2825374,0.028213484,0.10547383,0.01751669,0.11881134,0.016444841,0.12173783,0.028030325,0.06341049,0.011518078,0.028722115
205,0.019707145,0.040529974,0.18238191,0.021552254,0.028603617,0.05563807,0.14151217,0.07741154,0.26157364,0.03941025,0.036123954,0.0479641,0.04759133
206,0.03432292,0.072453015,0.27230126,0.014040818,0.08473218,0.034469895,0.09202836,0.021639276,0.20936836,0.05329329,0.05518877,0.021900015,0.034261826
207,0.04042087,0.046033885,0.35986552,0.014078028,0.04596539,0.056478083,0.08216659,0.010284831,0.18845557,0.036797322,0.041869145,0.029459832,0.048124913
208,0.0371516,0.0737308,0.3631193,0.010681181,0.03509619,0.039715257,0.05369658,0.009250725,0.2677311,0.017365534,0.033710033,0.02062986,0.03812176
209,0.046591718,0.059883703,0.28384376,0.012901647,0.036106806,0.026289206,0.07446483,0.01418872,0.3127753,0.016801126,0.04910735,0.02301703,0.0440288
210,0.026092885,0.060825124,0.35321295,0.038893316,0.0327024,0.043463185,0.08827285,0.013125605,0.18358871,0.026093887,0.042990666,0.033092935,0.057645522
211,0.027611354,0.043608915,0.36383367,0.011405701,0.042492364,0.04471265,0.09960026,0.014250249,0.15992302,0.035166968,0.10268446,0.019189095,0.035521284
212,0.014204415,0.07254425,0.32334974,0.010371258,0.04034314,0.029538326,0.13789073,0.019870339,0.23898013,0.020950213,0.04131679,0.013276866,0.03736388
213,0.032165587,0.08126574,0.43510988,0.026570074,0.02975935,0.014875176,0.0790872,0.017440347,0.13671531,0.04124598,0.04444936,0.03963288,0.021683114
214,0.025792127,0.05289322,0.50861555,0.022853125,0.052674953,0.02097005,0.05445128,0.020378109,0.1078917,0.04788362,0.040950473,0.030877497,0.013768273
215,0.03100708,0.05572133,0.56700087,0.011365847,0.024978064,0.014692645,0.051334843,0.007975705,0.13479656,0.025547534,0.029054262,0.026995992,0.019529186
216,0.032713942,0.05939471,0.52126545,0.02534791,0.024170619,0.033359624,0.061680187,0.01674586,0.11251141,0.030537542,0.029763538,0.028845878,0.023663327
