,q05cell_abundance_w_sf_Amnioserosa,q05cell_abundance_w_sf_CNS,q05cell_abundance_w_sf_Epidermis,q05cell_abundance_w_sf_Fat body,q05cell_abundance_w_sf_Foregut,q05cell_abundance_w_sf_Hemolymph cells,q05cell_abundance_w_sf_Midgut,q05cell_abundance_w_sf_Salivary gland body,q05cell_abundance_w_sf_Somatic muscle,q05cell_abundance_w_sf_Stomatogastric nervous system,q05cell_abundance_w_sf_Trachea,q05cell_abundance_w_sf_Visceral branch,q05cell_abundance_w_sf_Visceral muscle
X0,0.00069301267,0.035166837,0.0050806706,0.00024414447,0.004605576,0.0014251964,0.0059132227,0.00025567214,0.28662854,0.0016085233,0.00140636,0.0030955411,0.007295923
X1,0.017622791,0.0020324606,1.0592746,0.00040208173,0.0012712126,0.0008935008,0.0038868606,0.00012928831,0.0044982573,0.011179367,0.004922104,0.0007851615,0.0016013859
X2,0.0013820577,0.0068172617,0.016061636,0.0012841561,0.004074389,0.0056364373,0.015913121,0.00070584024,0.0167061,0.53447205,0.009565013,0.056178104,0.011490883
X3,0.00087005825,0.0054555014,0.07658045,0.00029534978,0.004568853,0.001769927,0.008491589,0.0005563283,0.010448853,1.1044312,0.0022570684,0.0017439324,0.00216081
X4,0.0013309857,0.002640626,0.11430986,0.00026277418,0.0040827445,0.001162085,0.008234937,0.0008333845,0.039820354,0.001791141,0.0032010628,0.007852106,0.20307331
X5,1.1601737,0.009698904,0.47031233,0.0021306202,0.005885206,0.005244413,0.04046661,0.0006144749,0.024074001,0.004532089,0.012247648,0.005652179,0.0069717285
X6,2.0816035,0.012613718,0.01739595,0.52223426,0.0036883724,0.0035993704,0.0146814585,0.00046169836,0.014455239,0.0035572764,0.0057054004,0.0021872746,0.0034042348
X7,2.1027784,0.013933506,0.04630935,0.0013680083,0.0064906105,0.007967642,0.02704594,0.00030998216,0.036188316,0.0072245183,0.008517929,0.011468788,0.011918005
X8,0.93223566,0.13463674,0.1064111,0.0018586763,0.07183661,0.0059457133,0.17210615,0.0008380478,0.08555553,0.018030355,0.0056991125,0.0052886624,0.018283846
X9,0.47667047,0.017481204,0.09752552,0.0015379977,0.008983835,0.062087506,0.025395991,0.0003040657,0.023504393,0.009718584,0.2393699,0.0051509226,0.0122788325
X10,0.30250278,0.0056898324,0.012659883,0.034263782,0.002013804,0.0040026596,0.025262207,0.00014817184,0.02740302,0.0028705145,0.0024844625,0.0029385241,0.0050088186
X11,0.84151745,0.005431598,0.010201429,0.4704092,0.0047703027,0.005832425,0.013183444,0.00084304897,0.016802495,0.0049966327,0.0027557968,0.003993942,0.0041815285
X12,0.9663343,0.0028572641,0.015754603,0.0004375163,0.0023086441,0.0012150896,0.0127576385,0.00016912573,0.01210802,0.002301257,0.0026424183,0.0017948492,0.0031710863
X13,0.053688563,0.0007107201,0.02359132,0.00028998192,0.000552581,0.0003509725,0.0021635008,0.00015842626,0.0017789955,0.00052593264,0.0016343822,0.00022908759,0.0007037454
X14,0.020104665,0.00942748,0.009251962,0.0001851338,0.0010736895,0.0017538394,0.008410899,0.00025019885,0.011082921,0.0008322124,0.08316819,0.0007978584,0.0073659634
X15,0.92791706,0.016877213,0.054616645,0.0023906555,0.009350937,0.010480657,0.03554503,0.0021170808,0.105563045,0.0048138606,0.6171697,0.010092874,0.022818506
X16,0.0075266296,0.0058249505,0.03167829,0.00078021135,0.0124221435,0.003030674,0.019805089,0.00024315447,0.01534432,0.004986298,0.14465582,0.0027193981,0.47036052
X17,0.0011243437,0.019577075,0.4578235,0.00050581066,0.016272603,0.003878392,0.01501065,0.00026112696,0.045118902,0.0015252521,0.0063853282,0.003104429,0.005773076
X18,0.0011354476,0.0030593576,0.009485848,0.00013365645,0.0009896518,0.0021642048,0.025428709,0.00013726509,0.04167653,0.0014123704,0.006798677,0.0016395728,0.0034353149
X19,0.0011314853,1.7392954,0.006765445,0.0005593864,0.008064995,0.0015727695,0.023192856,0.0002143092,0.016603,0.0022573073,0.0026783699,0.0013631136,0.0030948287
X20,0.004532405,0.7495499,0.03232647,0.0021424603,0.031353753,0.01521719,0.03905277,0.00061154464,0.047633875,0.56450284,0.0069125053,0.026572848,0.015080978
X21,0.008033094,2.114239,0.023992443,0.0028245943,0.040669385,0.03146149,0.07107803,0.00068803004,0.11272535,0.022598617,0.00911616,0.010181296,0.019041784
X22,0.0018588715,0.0029703658,0.015012887,0.0009766555,0.001321251,0.0020184275,0.0077180425,0.00036201812,0.008545986,1.7873486,0.0033874607,0.0015044415,0.002405581
X23,0.0032951687,0.040742774,0.02756091,0.0011610468,0.011355453,0.016713671,0.22879244,0.0046511414,0.042985052,1.3501247,0.0061457963,0.010855302,0.010877788
X24,0.004868289,0.025633147,1.6941668,0.0013504919,0.023912217,0.15581073,0.047413077,0.005085176,0.036245916,0.014029335,0.013165436,0.008089983,0.013516126
X25,0.0071157455,0.027661163,1.1005243,0.0051680948,0.012751173,0.052687153,0.20802502,0.03031192,0.06072059,0.031296056,0.048454553,0.33844647,0.021037966
X26,0.82686967,0.004082511,0.0055323956,0.25612792,0.0035501595,0.0023384443,0.030839985,0.00024421577,0.015705623,0.0015724956,0.0018293246,0.0040213955,0.0043642833
X27,0.0033759961,0.00045186534,0.001125655,1.3064597,0.0002753789,0.0002573559,0.0015103319,3.4026205e-05,0.0018305468,0.00019368097,0.00035219747,0.00016455936,0.000459759
X28,1.2942113,0.0014896231,0.0038422763,0.19174097,0.00089937646,0.00088794425,0.0036713562,0.00012595978,0.0040307185,0.00053624477,0.0011643305,0.0006091865,0.0012427394
X29,2.3322337,0.006709459,0.015220209,0.00080120936,0.0036576535,0.0024591575,0.010941112,0.00093772786,0.015886739,0.0026075086,0.0056010257,0.0023814884,0.0038338723
X30,0.8230687,0.003084133,0.008719745,0.0009700322,0.0033268747,0.0015484915,0.004567633,0.00023765686,0.00752618,0.0007287143,0.0017779,0.00095088617,0.0012303225
X31,0.41548812,0.002027472,0.0036186113,0.32387516,0.0008552943,0.0011569248,0.0034565825,8.909688e-05,0.004113229,0.0005167264,0.00096938893,0.0005439632,0.0009497182
X32,0.59576803,0.0022938517,0.025609152,0.038791876,0.0011001573,0.0013529338,0.0041602924,0.00026131666,0.004896491,0.0021850776,0.0020391732,0.00080785877,0.001324818
X33,0.98176336,0.0024812222,0.0033554838,0.0029603448,0.0008797263,0.0016980004,0.0037834917,0.0001566105,0.003553724,0.0004412838,0.00094887026,0.00051407784,0.0009542649
X34,0.2946994,0.015980555,0.08925508,0.0052336953,0.0061788103,0.6206529,0.03303012,0.004077787,0.02986225,0.01258751,0.25355607,0.029689271,0.010134432
X35,0.18646534,0.01994183,0.05154472,0.002110377,0.029363992,1.1680465,0.030679638,0.00083368295,0.032868344,0.0031483127,0.017836746,0.15305173,0.020225488
X36,2.024494,0.029933758,0.064818956,0.002796863,0.042223997,0.011405141,0.055872045,0.0012115213,0.061505035,0.0088179,0.09245153,0.082988255,0.18838802
X37,0.0156391,0.03251935,0.097437,0.005200809,0.19666807,0.037006464,0.1829273,0.013465343,0.12421415,0.01657866,0.88140696,0.11671081,0.46075618
X38,0.16884461,0.031311702,0.70558983,0.002589819,0.061792485,0.009421323,0.046850692,0.0019386439,0.09548704,0.010471747,1.2935016,0.0117705595,0.03956183
X39,0.013735482,0.015324842,0.7417541,0.0011443113,0.0056131305,0.01013719,0.017748963,0.03246944,0.029839898,0.009199129,0.5044076,0.0073408624,0.012759467
X40,0.004795101,0.0073557952,0.020682843,0.0011767807,0.0030529797,0.0033735104,0.020109724,0.000204637,0.40944344,0.0015836286,0.006414886,0.004718433,0.16924533
X41,0.0064554387,0.908301,0.049347043,0.00035914246,0.001401774,0.0027095056,0.009087135,0.00020553044,0.0081335725,0.0036120606,0.0033908458,0.0025738606,0.0016174056
X42,0.00062164693,1.8257129,0.0056098653,0.00021816246,0.0017737354,0.0018741982,0.012819739,0.0001586046,0.009495556,0.0014567558,0.0020796165,0.0013493664,0.002246926
X43,0.0014807289,2.5848918,0.011318103,0.0024151253,0.0061906236,0.0048234966,0.04115222,0.00027468422,0.025463045,0.0025382696,0.003392519,0.002997938,0.007835824
X44,0.002022053,2.5157943,0.016971493,0.0007072527,0.014770239,0.011617233,0.036066093,0.0013413626,0.03849333,0.0026990685,0.0067114728,0.0050797435,0.0106671015
X45,0.00097545417,2.8674064,0.006368738,0.00024573779,0.0047415476,0.0022501792,0.0123978425,0.00021098873,0.017520985,0.0043462347,0.00181295,0.0015357983,0.0049313367
X46,0.0025123842,1.7897415,0.026355566,0.0017058164,0.030445943,0.005114668,0.08433801,0.0012662172,0.046848226,0.48064923,0.005447619,0.003737651,0.012536737
X47,0.016412254,0.16701701,0.051704943,0.009059044,0.04973194,0.4246418,0.15770845,0.0029531466,0.54995793,0.3230597,0.029067533,0.009192967,0.12962127
X48,0.0065844376,0.07417557,0.07158523,0.0065128827,0.7459413,0.059012372,0.26254365,0.0035559693,0.51315695,0.07210104,0.029886618,0.0773179,0.026553908
X49,0.0083754845,0.06764775,0.12716608,1.4561056,0.008736555,0.045952566,0.06404331,0.001449174,0.07575643,0.07238688,0.015668351,0.0074879867,0.021566369
X50,0.0013379237,0.0028290849,0.033968326,1.3496784,0.0038778652,0.0018611716,0.009935394,0.0010306032,0.011393196,0.0010224328,0.0059542726,0.0013624344,0.002457323
X51,0.0015697037,0.010853534,0.01574676,0.08203579,0.0030212763,0.0018664196,0.023777066,0.001013315,0.030280566,0.010291925,0.009677164,0.0010471204,0.002177853
X52,0.0005590097,0.0011956774,0.0026660485,0.3323738,0.00045601875,0.00036616396,0.0032515707,0.00027557198,0.003210152,0.00038856379,0.0009760934,0.0007951729,0.00059076096
X53,0.0005797222,0.0009229612,0.0021683294,0.031704433,0.0004372184,0.0007969593,0.0030952848,0.0004681007,0.004133598,0.0003498609,0.00053054374,0.0002647612,0.0010347624
X54,0.0015455643,0.0032900653,0.02370881,0.00047079948,0.0020762305,0.052557256,0.006202715,0.0005015236,0.0077125197,0.18705119,0.0024430444,0.0010571937,0.0021482448
X55,0.0083868,0.038284846,0.028574197,0.0021315506,0.011777285,1.1967185,0.15813293,0.0014597573,0.24488936,0.006434694,0.013441682,0.017847419,0.3980368
X56,0.0067270347,0.20380609,0.0634019,0.0059038447,0.88273436,0.0830988,0.18997693,0.004055767,0.17500898,0.011484098,0.01195057,0.016194794,0.36558253
X57,0.008745298,0.040740933,0.046874482,0.003506964,0.62879175,0.018080745,1.0360768,0.0041490593,0.18746701,0.007889503,0.38202152,0.04789974,0.11360644
X58,0.013679169,0.02391402,0.050213188,0.0026787198,0.51467603,0.018812886,0.13086428,0.0017539426,0.09163632,0.0094316015,0.25800836,0.024418399,1.6132447
X59,0.14253457,0.01475729,1.1578847,0.0053588394,0.0057190624,0.010045517,0.03230592,0.0014643423,0.033448864,0.0065750787,1.1826468,0.022545192,0.008171875
X60,0.0005557862,0.0012100576,0.07682905,8.6960266e-05,0.0007870294,0.0005061827,0.0024481455,3.3944252e-05,0.004775745,0.0012870494,0.009264249,0.000622549,0.0007669005
X61,0.52914494,0.0012018408,0.0015743315,8.816589e-05,0.00034306952,0.0002550089,0.0016150152,4.4324905e-05,0.0024980127,0.00016281744,0.00055665185,0.00029585834,0.0006397948
X62,0.0012434631,0.00688349,0.010499501,0.00036127397,0.0035794694,1.5315351,0.016730597,0.0002121386,0.032995004,0.0036666594,0.0030414604,0.030820778,0.008363049
X63,0.002258373,1.9179574,0.016136065,0.00063313876,0.00782811,0.0029365967,0.017079066,0.0019530861,0.01763676,0.0030223099,0.0052099703,0.0024720652,0.003923401
X64,0.008579674,2.4307952,0.038942426,0.001925291,0.012584891,0.024412787,0.04273538,0.0016569302,0.08041528,0.049092304,0.018495878,0.006797951,0.015267218
X65,0.0025819931,1.5114952,0.03619742,0.00271622,0.062415145,0.21269903,0.123088524,0.0010664993,0.08619934,0.007814548,0.013081163,0.01672502,0.02260458
X66,0.0044013807,1.4412172,0.015708925,0.0011291447,0.007889678,0.075477086,0.04162432,0.0060026525,0.09822981,0.0048463866,0.014579802,0.010961488,0.01839751
X67,0.009132078,0.9355871,0.18579367,0.0058342116,0.0291538,0.022010125,0.3283295,0.0023438963,0.27621487,0.042889692,0.014882287,0.011985468,0.03931969
X68,0.0032446727,0.05480013,0.024506195,0.0015317656,0.015205601,0.008626346,0.04274705,0.0012070774,0.61119777,0.19148555,0.011409865,0.013752537,0.9677247
X69,0.014600583,0.1192633,0.19707915,0.022761531,0.021946447,0.033806372,0.0592483,0.010841242,0.89103925,0.018151926,0.073029004,0.031225655,0.27720112
X70,0.006967939,0.016720384,0.040753607,1.6423237,0.010355983,0.031017732,0.1461799,0.0011177988,0.07487754,0.004046732,0.022636386,0.0065417,0.01701297
X71,0.0061520445,0.07437898,0.028073855,1.8768612,0.009135925,0.0071083754,0.169561,0.0010309805,0.15489836,0.0056554833,0.009925925,0.0061899,0.017984454
X72,0.0010802732,0.0027749762,0.0030932897,1.0053108,0.00081031694,0.0008022594,0.005850883,0.00024031337,0.005461055,0.00045626346,0.0008948692,0.00064707774,0.0014845678
X73,0.0003234099,0.0018881636,0.0019272107,1.4919732,0.0006949622,0.00090009475,0.0042531327,7.5751814e-05,0.004723324,0.0003609299,0.0006936458,0.0004610964,0.0009521
X74,0.000500635,0.0009593741,0.0022506441,0.07803014,0.00049831724,0.00039609306,0.003023036,0.0073441532,0.0024799397,0.00026729275,0.0003884661,0.00042701588,0.0005668967
X75,0.005720178,0.045610484,0.034520734,0.0033154422,0.22638921,0.65758604,0.45690516,0.001051016,0.16983296,0.009812972,0.02402296,0.01364497,0.016727064
X76,0.007036845,0.19365627,0.23903105,0.0051451838,0.60358405,0.027821235,0.23343761,0.00949468,0.08514913,0.070844606,0.015641175,0.15618502,0.03149097
X77,0.020732684,0.0900408,0.14247586,0.019501954,0.049978543,0.5932133,0.47934628,0.0019004374,0.17519067,0.011551742,0.02843635,0.0099818455,0.35366306
X78,0.057076328,0.10053018,0.7908217,0.0060557276,0.066172384,0.030601429,0.22170904,0.005309046,0.44470066,0.015532737,0.15898402,0.023881465,0.050772328
X79,0.020108948,0.01312142,0.61873865,0.0029939206,0.12507421,0.013905971,0.059200402,0.007680375,0.05100208,0.00877068,2.0799284,0.017827103,0.011480875
X80,0.0015395037,0.0045724544,0.005570727,0.0008156617,0.0022841769,0.0010382109,0.010510532,0.0007007103,0.008798508,0.00087631634,0.62785536,0.0020989731,0.0019283437
X81,0.0011615135,0.27027386,0.0130863255,0.00062816404,0.25219774,0.003548715,0.024522323,0.00021316802,0.18614323,0.00870216,0.0020238035,0.0020719846,0.0057203965
X82,0.03626528,0.26239136,0.07646507,0.009530186,0.33098072,0.012713167,0.42035043,0.0037580673,0.1390097,0.041585937,0.0358864,0.0066523855,0.050707456
X83,0.008705502,0.19586624,0.6884471,0.003647842,0.1349138,0.083629385,0.11276,0.002430393,0.09439151,0.33636272,0.017429264,0.020812893,0.026542095
X84,0.019708643,0.0639988,0.8862255,0.0046844394,0.09567218,0.38697848,0.076767564,0.0069447956,0.19193694,0.017242528,0.036863927,0.15557224,0.09520994
X85,0.0031320967,0.01594323,0.29405937,0.0018843416,0.032065768,1.2285211,0.033972327,0.0026156993,0.069023915,0.2790874,0.00980103,0.009616326,0.019550946
X86,0.004835208,0.012816042,0.020016309,0.010249923,0.009029338,1.2245448,0.10725299,0.005345958,0.28493655,0.009329086,0.009858547,0.03253922,0.031189661
X87,0.026771098,0.044244897,0.13789019,0.0042176247,0.0436777,0.053607576,0.5072939,0.004710128,0.29180643,0.040724643,0.058916807,0.97909313,0.10473591
X88,0.0040447204,0.028239151,0.021992307,0.0034478547,0.054682832,0.009044376,1.9527173,0.00094069575,0.09091029,0.00847511,0.016871402,0.0072069173,0.044859592
X89,0.008372328,0.05911641,0.06255038,0.011481484,0.20890357,0.023312688,1.6281724,0.0013163853,0.067684785,0.01195508,0.016125552,0.019605007,0.020667914
X90,0.0027817618,0.017341245,0.013487553,0.0011899291,0.0144497,0.006684672,1.9240291,0.00065829547,0.09407684,0.0029832781,0.011503513,0.0047879815,0.11131388
X91,0.006664021,0.22122633,0.076502,0.33069134,0.04197156,0.04554008,1.2418995,0.003160908,0.12839076,0.022097904,0.020455807,0.29586425,0.040599175
X92,0.0003064103,0.009402571,0.0025952917,1.2071098,0.0009842322,0.00050851225,0.0054061897,0.0017006302,0.0033161812,0.00041293434,0.00043208562,0.00041464737,0.0011343375
X93,0.00021506636,0.00065565185,0.0010983975,0.71913445,0.00038124746,0.00027249346,0.0020786696,5.3493102e-05,0.002224301,0.00019651794,0.0003374574,0.00021522018,0.00062537054
X94,0.0002485835,0.00094319973,0.0021054654,0.5977033,0.0003801009,0.00045911834,0.0018603512,0.00035590035,0.002559815,0.0002787985,0.00043714573,0.000306895,0.00059688947
X95,0.00014104355,0.00046081166,0.00086665264,1.2208714,0.00031037314,0.00021395332,0.0012106582,1.9914933e-05,0.0016104189,0.00010372401,0.0001718052,0.0001403278,0.00031795632
X96,0.0011197039,0.0020348763,0.003157399,0.86000955,0.0006077835,0.0010349134,0.0043840883,5.4239776e-05,0.0037270156,0.0005400802,0.002028664,0.00049486244,0.0010119
X97,0.0013811939,0.011502644,0.009652573,0.008155942,0.0035192233,0.0021163835,0.21488808,0.00058191596,0.03732637,0.0016027386,0.002237936,0.004619199,0.051206894
X98,0.0009653613,0.0050447164,0.054537546,0.9257222,0.013596274,0.001923585,0.122462876,0.00042097198,0.020488398,0.0030943772,0.012874227,0.0012675801,0.0047716075
X99,0.0021570097,0.012188751,0.023102386,0.0013717905,0.0050050095,0.0065690856,2.4531057,0.0047678766,0.036573064,0.002649509,0.0057428833,0.0037058676,0.012541519
X100,0.006459972,0.04426499,0.046232786,0.0045278794,0.5115249,0.03714354,0.7643382,0.005339333,0.17828205,0.020809367,0.066448174,0.03675962,0.041601557
X101,0.01077362,0.05410373,0.034578633,0.0020941193,0.010189544,0.04090372,1.8918599,0.0010900324,0.05055258,0.004447063,0.01898559,0.0139866695,0.015341204
X102,0.003156657,0.021784863,0.023878913,0.0021793765,0.013048568,0.0069893966,1.9082131,0.0005985186,0.03678127,0.0094464775,0.05104786,0.006374257,0.011598891
X103,0.8076893,0.13974394,0.06457203,0.28465572,0.02155965,0.080093615,0.43561104,0.006594617,0.07918511,0.0216431,0.12558967,0.024530767,0.0577662
X104,0.30374253,0.09746245,0.12361837,0.10315883,0.0439138,0.016839245,0.08624014,0.0081829205,0.06902361,0.014774113,1.3456051,0.01718924,0.022919782
X105,0.4905253,0.013299088,0.019777846,0.0005367514,0.0032727935,0.0030081875,0.016028242,0.0012112149,0.014899822,0.0016333577,1.2314245,0.0050465586,0.004331084
X106,0.0013050875,0.0025271536,0.0066951495,0.0001565884,0.0031046085,0.028864387,0.01954931,0.0014574887,0.022136312,0.0015225384,0.0014834289,0.001354273,0.010993062
X107,0.0064497082,0.04485108,0.66225886,0.0029552164,0.012167586,0.016765488,0.33443612,0.0022844526,0.09089064,0.042306203,0.009660243,0.008721547,0.026170218
X108,0.0047241827,0.06461635,0.5190638,0.008277072,0.103423364,0.0355083,0.07657834,0.0012517123,0.13053294,0.073655896,0.020521628,0.04608912,0.02392438
X109,0.006707211,0.02407441,1.6644744,0.0012242867,0.019953078,0.08232656,0.054833833,0.0050554886,0.04968237,0.04621118,0.024556357,0.014673856,0.015128595
X110,0.011106938,0.07752875,0.75702983,0.004016949,0.19638014,0.016856316,0.16027385,0.003069896,0.13007134,0.029281097,0.041399717,0.104077004,0.12323291
X111,0.006641847,0.03883801,0.16475719,0.0034849725,0.034104813,1.2148446,0.086633556,0.0024754796,0.10539221,0.010481824,0.90256053,0.028431412,0.0651938
X112,0.011934901,0.051947247,0.34172553,0.0034696688,0.022316262,0.4174859,0.5241055,0.0051521244,0.12628815,0.019198336,0.07279702,0.5672418,0.12347474
X113,0.002735867,0.013740378,0.018519944,0.0013507574,0.05001446,0.006277247,1.2741021,0.0005251124,0.058649156,0.0025387378,0.013525266,0.009526376,0.0155993
X114,0.007198794,0.025413105,0.024739815,0.01049935,0.09603716,0.010781602,1.712823,0.0033743898,0.09435335,0.02939371,0.012988655,0.005312598,0.024288421
X115,0.0048721796,0.012310723,0.021748178,0.0029012624,0.008534012,0.008272351,2.3044863,0.002189764,0.20581038,0.005270727,0.0077647907,0.024869325,0.051964443
X116,0.002075444,0.017214362,0.0064886217,1.5724914,0.0045842696,0.0029122033,0.17760816,0.0007718506,0.046104245,0.0021818422,0.0036940945,0.0040437533,0.020813249
X117,0.00068197685,0.0019944685,0.0022011765,0.34856486,0.0008407205,0.00079647574,0.009372385,0.00040413433,0.0058668535,0.0005300338,0.0012406058,0.000853747,0.0022368962
X118,0.00019719443,0.0005785953,0.0011618901,0.7867201,0.00032049647,0.00015205657,0.0013766737,6.0745853e-05,0.0019428947,0.000104159655,0.00028634924,0.00026540956,0.0004900096
X119,0.00010219369,0.00033640524,0.00069848425,1.3741643,0.00020336368,0.00017077602,0.0011530214,2.4678224e-05,0.0012118168,9.940335e-05,0.00017052135,0.00012796746,0.00028954312
X120,0.004486477,0.053658243,0.014341738,1.4324335,0.0045439554,0.005461054,0.06374146,0.00095333374,0.034565214,0.011160834,0.013643179,0.0024322157,0.007789716
X121,0.0053480035,0.011065497,0.07661279,0.50119245,0.014614059,0.022373753,0.9409588,0.012378157,0.049766913,0.014422328,0.024052093,0.0054511046,0.011627926
X122,0.00214805,0.019778993,0.013146614,0.006740832,0.00717404,0.005890964,2.1629174,0.0009773793,0.030243168,0.003121479,0.004756207,0.005104221,0.0070231487
X123,0.0037685952,0.03162988,0.019382121,0.00511001,0.008135965,0.0068573058,1.8093835,0.0011556045,0.049557723,0.015859615,0.019349728,0.020843936,0.019424662
X124,0.002218109,0.022820352,0.021681936,0.0014859271,0.008925062,0.024207575,2.2872005,0.0009854081,0.21490079,0.0037133226,0.0069419565,0.007516845,0.02519589
X125,0.0061733043,0.12995107,0.024196152,0.0015831197,0.013144491,0.008409156,2.797256,0.0005995793,0.05680327,0.007497653,0.007594508,0.0077097234,0.012035384
X126,0.011251213,0.019977506,0.04542201,0.0066290232,0.03855778,0.13859195,2.310658,0.00094864174,0.075656734,0.064076655,0.018538626,0.011060452,0.01758722
X127,0.024377927,0.058213804,0.048480313,0.019510794,0.0389564,0.20994048,0.7366482,0.009088037,0.1291291,0.0127886385,0.03859158,0.06809068,0.3778542
X128,0.012305918,0.7751335,0.048607305,0.017512545,0.0287789,0.042009283,0.20754348,0.003260692,0.82554734,0.011570903,0.03968276,0.2143304,0.32366136
X129,0.20894705,0.7560329,0.14342536,0.0039100056,0.011074613,0.022510244,0.08671149,0.0029450874,0.08946696,0.026180686,1.0342317,0.013588128,0.022518191
X130,0.010468908,0.014040635,0.26553473,0.0009943331,0.22425619,0.0038542598,0.04460125,0.0008772457,0.04226799,0.005854013,0.6891172,0.020664219,0.039736744
X131,0.0005106202,0.0059398273,0.14883526,0.00022360125,0.001564877,0.0012085183,0.007287129,0.00011055614,0.011803098,0.00091663055,0.0023034788,0.003325315,0.06990265
X132,0.0049839467,0.0099278875,1.2459359,0.00089233037,0.09344959,0.011143057,0.034356985,0.00038766602,0.026550716,0.024745211,0.005053203,0.003159749,0.004805366
X133,0.005522034,0.09047102,0.101056814,0.0021053958,0.18613228,0.044718828,0.11788816,0.0009886792,0.8913213,0.08418375,0.013409863,0.0069647687,0.10800258
X134,0.016625702,0.0519842,0.44509554,0.0063479817,0.24162163,0.14352496,0.06356819,0.0019965798,0.1739205,0.012542509,0.017536897,0.25022984,0.033811487
X135,0.010404684,2.0098307,0.11626829,0.0021913094,0.032877102,0.30435374,0.040573087,0.005652109,0.08893731,0.009494255,0.020405732,0.034383032,0.049712066
X136,0.0037284952,0.020408109,0.058307447,0.0018551569,0.02228382,1.3539199,0.037935145,0.005932378,0.14096667,0.006284603,0.0177231,0.02345832,0.42877638
X137,0.0670581,0.03597299,0.060683746,0.04960862,0.013235975,1.5114502,0.047588967,0.07725314,0.13666178,0.012879016,0.06720473,0.018626781,0.0347051
X138,0.00052324764,0.0020581593,0.004138725,0.00021052573,0.0018352397,0.00153286,0.013336057,1.6285932,0.035274804,0.0010941216,0.0013509439,0.0009060049,0.0041189333
X139,0.00530093,0.018857282,0.053906243,0.0026025295,0.017055051,0.15626198,0.5644888,0.9814009,0.115776755,0.018379122,0.011050348,0.010210627,0.020133058
X140,0.0061804596,0.013836209,0.04711683,0.0060997093,0.01452821,0.013068079,1.0752506,0.13825008,0.037544686,0.050292544,0.52755904,0.012459222,0.010967582
X141,0.001727879,0.018578317,0.009565612,0.0023980143,0.011015335,0.0039615287,2.5372117,0.002703339,0.04167925,0.0032436098,0.003867897,0.002836716,0.008463095
X142,0.013394757,0.27233294,0.025991818,1.5111144,0.014473124,0.010298678,0.5810968,0.005196745,0.052066248,0.0075556478,0.010854412,0.0037515622,0.009985264
X143,0.0018721678,0.0062332577,0.022596162,1.8185378,0.0034410853,0.006550131,0.10536531,0.00044444593,0.029181626,0.0037534006,0.004054236,0.0027653028,0.019319601
X144,0.0023662376,0.10851521,0.011133527,0.0064384798,0.01083491,0.004861852,0.6847333,0.00079540175,0.1889581,0.002385697,0.0046641896,0.011373487,0.019725984
X145,0.008726189,0.047958605,0.023553416,0.002602547,0.011956423,0.02467331,1.9428115,0.0006530354,0.05995022,0.008545062,0.0063956985,0.009633634,0.019398084
X146,0.0029710443,0.015430162,0.019391004,0.0012834293,0.00847213,0.010226611,1.5944321,0.0005818314,0.6185357,0.0038270007,0.009366073,0.0071062376,0.0721335
X147,0.006765656,0.057787072,0.04744025,0.0070760367,0.062448643,0.010957417,1.29528,0.0014382479,0.25650266,0.0108513795,0.015171783,0.018318413,0.33322328
X148,0.013429261,0.3400949,0.04836376,0.0035684386,0.021278102,0.009837133,0.33337584,0.0010299794,0.079290144,0.008639928,0.020883236,0.032777674,1.6364468
X149,0.0051038093,0.03788442,0.056088492,0.004784936,0.024242684,0.06995075,0.046316564,0.0010729728,0.09172071,0.009271608,0.0138881225,0.47887924,2.0690143
X150,0.0055639027,0.023129443,0.024998007,0.009080896,0.014325872,0.029048687,0.04769179,0.0009942183,0.35786602,0.006589756,0.014005351,0.016336257,2.565976
X151,0.0044879853,0.036365204,0.035154954,0.00515762,0.12694933,0.013904621,0.33440796,0.0021168778,1.6621124,0.01253895,0.016045183,0.033290487,0.48286608
X152,0.006741862,0.34062308,0.039484315,0.0018149739,0.03576983,0.028693713,0.087104924,0.002009242,2.1831024,0.012048725,0.02488553,0.03310643,0.25628108
X153,0.058397535,0.8100047,0.110569835,0.004069539,0.040501814,0.04088168,0.25108507,0.008104884,0.6943048,0.03199798,0.141456,0.16208678,0.13592765
X154,0.089446984,0.6278568,0.0404886,0.0017262951,0.020308962,0.3605947,0.05723379,0.00069880637,0.08634153,0.04015838,0.039514236,0.011515914,0.06317728
X155,0.0037978464,0.0060705342,0.15586716,0.0003395868,0.005907677,0.002067968,0.0070936503,0.0014733052,0.026699211,0.12894692,0.0056799785,0.0042276764,0.0048461766
X156,0.0006072549,0.0019002932,0.582829,0.00020456273,0.001262572,0.002730768,0.0034900554,0.00028166626,0.0051345266,0.034531873,0.00080801547,0.0059094992,0.002968913
X157,0.002490869,1.5537351,0.11652671,0.0008620034,0.012007774,0.012834971,0.02937198,0.00039466095,0.019836025,0.0050695115,0.0035569775,0.002968295,0.005133768
X158,0.005805452,1.5161308,0.015060906,0.0055663376,0.0057868855,0.12885226,0.078689106,0.0035457597,0.027495945,0.004083305,0.0035090768,0.019582225,0.0101294555
X159,0.0037225597,1.6438996,0.025964856,0.0017155937,0.009078935,0.007628643,0.16358536,0.0008534569,0.08454367,0.007344959,0.0093748225,0.009479157,0.0826937
X160,0.0036638998,2.2132785,0.034287214,0.004169678,0.035914745,0.06946097,0.06769714,0.0036199046,0.053376667,0.018751858,0.009713195,0.005200093,0.027720338
X161,0.0015959066,0.10067417,0.009227784,0.0011240448,0.005010493,0.0023444758,0.018406702,2.5327992,0.062323548,0.0021178836,0.0040813484,0.0014660062,0.0058738226
X162,9.277618e-05,0.00046347454,0.00082569115,2.5384521e-05,0.00021539144,0.00012718058,0.0014260437,2.264346,0.001504077,0.00010154392,0.00022800664,0.00013596578,0.0002814709
X163,8.241726e-05,0.00033137097,0.000730103,1.853375e-05,0.00015263274,0.00014424049,0.000848675,2.0868058,0.00083634374,7.134067e-05,0.00018866014,0.00010397093,0.0002198694
X164,5.9986574e-05,0.00026021845,0.0005855639,1.6214966e-05,0.00013605053,9.7486336e-05,0.0006950236,2.5162535,0.0010001626,5.9735856e-05,0.00013600304,6.857113e-05,0.00023095135
X165,0.0024756398,0.16180763,0.00940121,0.0013360892,0.0063101174,0.0030428255,0.22792503,1.3480519,0.015832018,0.0093393745,0.0029376724,0.0016736755,0.0046065403
X166,0.0068000257,0.4981664,0.039431132,0.0016087086,0.012240666,0.027719826,0.56346005,0.005412087,0.1647437,0.013946392,0.007091392,0.029228056,0.087641895
X167,0.002974523,0.05495488,0.020006679,0.003403705,0.0074312743,0.00613553,0.32575274,0.0010299555,1.7606863,0.007800051,0.011049308,0.010758812,0.017823173
X168,0.0031061105,0.030641502,0.017324362,0.0015931348,0.013077151,0.0048745917,0.98109114,0.0009765829,0.17337611,0.0069572045,0.01249123,0.0062576607,0.7678978
X169,0.0023364183,0.08447946,0.019787362,0.00092760223,0.010051639,0.009262507,0.25625435,0.00088567985,0.0913295,0.005937255,0.008754277,0.011922414,1.9015387
X170,0.007912091,0.07501576,0.046190117,0.0024499344,0.012783303,0.027144166,0.14914203,0.0025704477,0.3960821,0.005878188,0.017234897,0.015912559,2.4102411
X171,0.0064583193,0.042897772,0.12108925,0.0073470687,0.025412347,0.033196103,0.058370203,0.001636083,0.29829592,0.019250283,0.07520801,0.05515347,1.9071081
X172,0.025072878,0.07453252,0.52952653,0.005493082,0.1910486,0.3172243,0.10585193,0.008183475,0.49063742,0.055737592,0.33777896,0.028074138,0.32184604
X173,0.009694351,0.022333981,0.09750806,0.0031266187,0.0724968,0.20287172,0.0832269,0.004273617,1.1006176,0.0072251135,0.0666678,0.015674857,0.15512012
X174,0.0022394808,0.0114031825,0.013476895,0.0015135905,0.0074113747,0.010219486,0.059808154,0.0007883735,2.494756,0.003611308,0.006838248,0.0060801427,0.046311803
X175,0.0067796307,0.04065609,0.064097844,0.0028338057,0.263698,0.03353117,0.06418575,0.00293724,2.8946464,0.009649796,0.015555681,0.011241688,0.018964088
X176,0.02172524,0.5646381,1.0117407,0.010135953,0.062404037,0.02662028,0.22080185,0.006130298,0.1150847,0.040125955,0.13863605,0.18824375,0.046516865
X177,0.006907919,1.3762856,0.07871129,0.0037018408,0.39457518,0.016619492,0.11631541,0.0016102224,0.050608132,0.007941169,0.010417614,0.015840827,0.018602654
X178,0.0025471249,0.043341454,0.014922873,0.00024617807,0.20735785,0.005768739,0.015977778,0.00055917184,0.017705351,0.0032580323,0.0059196455,0.0014644387,0.016877804
X179,0.001094558,0.0015831774,0.030420585,0.000119891825,0.0012380366,0.0005091101,0.0024988174,0.00015392234,0.0045282138,0.00041368807,0.0012101573,0.12535357,0.0008239519
X180,0.0083048595,0.007521614,0.5181719,0.0018156935,0.01946189,0.045341693,0.028542353,0.00044776005,0.020156125,0.007383812,0.032335598,0.0013961351,0.008963144
X181,0.0051870607,0.009810473,0.72587246,0.0008518118,0.0053590722,0.0028951995,0.0712858,0.00093389425,0.027137846,0.41059816,0.012012062,0.014180501,0.006114823
X182,0.003358537,1.9462065,0.09983512,0.0019993838,0.009506635,0.0143035725,0.16506687,0.008088424,0.047266327,0.012341877,0.01586678,0.014652468,0.0181896
X183,0.04374141,0.048260912,0.30599728,0.0026258063,0.080538034,0.2155857,0.065452985,1.2475535,0.074792005,0.018859094,0.029495938,0.016274882,0.019447412
X184,0.0070319925,0.06280751,0.07643005,0.0059728087,0.05268798,0.024443693,0.12645727,0.17068066,0.77781516,0.031851996,0.028093383,0.42006984,0.1280662
X185,0.02599722,0.058459338,0.04623759,0.018005073,0.8208,0.01863667,0.22583301,0.004144483,0.30265152,0.044100363,0.035791803,0.15261868,0.044918917
X186,0.0015009942,0.0067767343,0.018673249,0.0005573142,0.005610727,0.017450878,0.011542724,1.8994204,0.041573588,0.0012779781,0.0028006793,0.005334908,0.1086168
X187,0.010724664,0.07702915,0.1141542,0.0025335606,0.04401873,0.027453182,0.08843983,0.5837952,1.2448782,0.018585388,0.023965977,0.09398078,0.03541665
X188,0.0157653,0.07810493,0.11670112,0.0034237092,0.067651205,0.020621339,0.2608928,0.0046323477,1.7657508,0.099191956,0.054401707,0.015676983,0.047292225
X189,0.005824117,0.042442545,0.023720898,0.0018262658,0.05259447,0.0109716775,0.11989947,0.0031206263,2.3089333,0.01030799,0.016832355,0.0059407866,0.10949428
X190,0.0055188276,0.10779962,0.02565079,0.007999401,0.041590273,0.0078606345,0.31529993,0.001864949,2.171691,0.028010562,0.009918947,0.015663752,0.041208334
X191,0.0103537375,0.06231884,0.19821207,0.004196,0.106201716,0.031370185,0.14084095,0.0032702293,2.257119,0.024834674,0.022240208,0.04564898,0.04656515
X192,0.014940912,0.15468197,0.05629196,0.014087229,0.028811293,0.016624842,0.55656934,0.010114107,0.9805852,0.02598996,0.028228361,0.11254948,0.0929291
X193,0.0045144074,0.016039906,0.03527913,0.0024477097,0.009441761,0.005088235,0.04643992,0.0019118958,2.792243,0.18776473,0.008582836,0.012383892,0.023342516
X194,0.0053425753,0.03173151,0.03267143,0.0014379265,0.013431626,0.012830787,0.07506838,0.0014684696,2.492482,0.009743353,0.013828935,0.014170847,0.2974721
X195,0.1038345,0.03122225,1.3479618,0.0018989976,0.013912552,0.020791404,0.05922371,0.004122305,0.16461919,0.3565293,0.10280781,0.06370944,0.043743595
X196,0.021071423,0.04742136,0.2168636,0.008546309,0.03798002,0.08185496,0.16677798,0.0049384814,0.95675665,0.036709227,0.4427717,0.35746408,0.13174036
X197,0.009524918,0.008927713,2.7204819,0.0016331817,0.0045510717,0.0065072905,0.020808665,0.00058592274,0.027997592,0.21238914,0.011435516,0.007023359,0.010969858
X198,0.0038191378,0.008254112,2.5543687,0.0016651473,0.005051417,0.0053357687,0.020402567,0.00045751195,0.025246322,0.018040093,0.016848525,0.00562684,0.005909461
X199,0.0032227018,0.00925287,0.4587446,0.0038257432,0.033142157,0.017612606,0.03498097,0.0008677219,0.024982534,0.0045105224,0.07468593,0.0042975284,0.044464182
X200,0.0007357393,0.0024817637,0.019631693,0.00068179,0.0031063347,0.0028411867,0.009011777,0.0027126153,0.004976679,0.0011514145,0.21142805,0.0010196078,0.0135806305
X201,0.00041951187,0.0011504759,1.5844318,8.8104214e-05,0.00095147087,0.0008288282,0.002786876,4.7848822e-05,0.0041610952,0.0004609027,0.0007988483,0.00046032187,0.00089917006
X202,0.020246569,0.014603994,0.4575233,0.0014477713,0.021002961,0.02473229,0.033059273,0.0019229297,0.05744408,0.4580431,0.04049752,0.01264005,0.026989201
X203,0.002965396,0.08181048,0.16305852,0.00080666447,0.659829,0.0066191754,0.18008663,0.0003925231,0.1476721,0.010989169,0.011403,0.007055659,0.011115395
X204,0.0067354105,0.030498955,1.2982177,0.0013614269,0.12786075,0.013166686,0.08822046,0.0021422994,0.10422092,0.0061017885,0.020893961,0.022287393,0.02144467
X205,0.01817928,0.032587193,0.11785613,0.0053889873,0.031371653,0.046460595,0.12698966,0.09487099,1.4199377,0.07960484,0.034761243,0.029610112,0.12767299
X206,0.01128784,0.032106616,0.66232204,0.0032886805,0.6945451,0.021551006,0.08716988,0.006011556,0.33788177,0.08931049,0.0488812,0.034542788,0.024440289
X207,0.011513932,0.02756424,1.484632,0.0027943503,0.030622972,0.029761298,0.10840513,0.0013103876,0.155315,0.05472046,0.018753683,0.3344327,0.02661049
X208,0.009158578,0.032424353,2.0877948,0.0030929458,0.01858306,0.011997833,0.034859195,0.0015193389,0.08366173,0.014307761,0.01409518,0.18018277,0.01722457
X209,0.0092432825,0.019011987,1.1326686,0.0013133035,0.027324641,0.009446362,0.04080671,0.0012861923,0.935109,0.008733418,0.01428381,0.015454887,0.014255071
X210,0.008831488,0.023435995,1.2055188,0.0019884866,0.023446124,0.049290076,0.058455475,0.04074314,0.21389651,0.009787172,0.02974819,0.34120315,0.39023226
X211,0.0047114966,0.02432262,2.3029892,0.0013478621,0.03567842,0.014305482,0.10877006,0.002160939,0.072474435,0.023513759,0.0631113,0.009139971,0.039584283
X212,0.007082923,0.05307086,1.5230241,0.0029201393,0.029557133,0.018237906,0.09366368,0.0059730895,0.5566241,0.052673493,0.038697496,0.019892463,0.042855058
X213,0.0047570914,0.005592356,2.7837996,0.0008516583,0.0038835923,0.0028800066,0.0164557,0.00039478394,0.022316381,0.003141581,0.00556871,0.003625015,0.0063155554
X214,0.004404954,0.010426658,2.2274685,0.0008896449,0.006942946,0.0030842454,0.022203978,0.0006741046,0.020684725,0.21058609,0.011752244,0.021185072,0.010398225
X215,0.004566675,0.0050574485,1.9881315,0.00036567688,0.0030979172,0.0019706995,0.010598814,0.00049036526,0.0128222,0.005279821,0.0031674597,0.0022892745,0.0019748155
X216,0.00082736806,0.0045797806,1.319475,0.00027783588,0.0012852392,0.0017932708,0.010027532,0.00043169773,0.008089392,0.0020794538,0.0039682,0.0015782304,0.0021681595
