"","Amnioserosa","CNS","Epidermis","Fat body","Foregut","Hemolymph cells","Midgut","Salivary gland body","Somatic muscle","Stomatogastric nervous system","Trachea","Visceral branch","Visceral muscle"
"X0",6.13786651182753e-05,0.0607043184418934,6.13786669707964e-05,6.13786657143342e-05,6.1378654708942e-05,6.13786663793907e-05,6.13786663827789e-05,0.0292275256015649,0.000397390703733195,6.13786663843104e-05,6.13786663203003e-05,6.13786663589366e-05,6.13786668038347e-05
"X1",0.0938645571689019,8.76838100311697e-05,8.76838220110986e-05,8.76838087845122e-05,8.76838089965987e-05,8.76838091270889e-05,8.76838109972067e-05,8.76838130033808e-05,8.76838091698226e-05,8.76838091265518e-05,8.76838091469867e-05,8.76838091848965e-05,0.0435051947280644
"X2",8.76838077880873e-05,8.76838035589819e-05,8.76838013721871e-05,9.91689531208439e-05,8.76838091238695e-05,8.76838091162674e-05,8.76838091188163e-05,8.76838086834689e-05,8.76838093285743e-05,0.108002168610579,8.76838090804513e-05,8.76838091239279e-05,8.7683807473077e-05
"X3",6.13786622783981e-05,0.00964767052811399,0.0607260455900675,6.13786653990559e-05,6.13786595652396e-05,6.13786675413422e-05,6.13786664049782e-05,6.13786677926561e-05,6.13786663890662e-05,0.0571252956712264,6.13786663825676e-05,6.1378666377886e-05,6.13786663643317e-05
"X4",0.000125262586835015,0.000125262592598298,0.090429829638885,0.000125262584664922,0.000125262584461255,0.00012526255636138,0.0193893002836329,0.0272188456885142,0.000125262584449559,0.000125262584460896,0.000125262584473113,0.000125262584465628,0.000125262584420372
"X5",0.0638875286109058,8.76838613388942e-05,0.0903321053828328,8.76838091142671e-05,8.76838091156059e-05,8.76838222796854e-05,8.76838091244051e-05,8.76838091249123e-05,8.76838091351674e-05,8.76838091323094e-05,8.76838091188437e-05,0.0145249160673451,8.7683809094948e-05
"X6",0.0563354101693705,0.000125262564252673,0.000125262586049467,0.022332021618455,0.00767847833075921,0.0050192659951287,0.000125262517073678,0.00231181003522704,0.000125262584483241,0.000125262584428485,0.000125262584415219,0.000125262584585322,0.00012526258434831
"X7",0.0742657565630555,0.00012526258445512,0.0135477745888775,0.000125262583838109,0.00133663707067206,0.000125262673554016,0.000125262584512526,0.000125262578476297,0.0110519744228699,0.000125262647762012,0.000125262584465419,0.00366147488011423,0.000125262584439413
"X8",6.13786664149144e-05,0.0509264145520424,0.047137825572367,0.00163302114840858,0.0153448727013115,6.13786663795428e-05,6.13786663792412e-05,6.13786669948809e-05,6.13786663807158e-05,0.067347234212157,6.13786659628786e-05,6.13786664584688e-05,6.13786663903719e-05
"X9",0.0440955141116727,0.0234244739388716,0.000125262553062203,0.000125262584760936,0.000125262584472195,0.000125262584292747,0.000125262586409484,0.000125262583475475,0.00012526258438199,0.000125262584464019,0.000125262584450103,0.00012526258444358,0.0120548821317741
"X10",0.0351471609512373,8.76837614616613e-05,8.76838118668975e-05,0.0385119135366387,8.7683809389977e-05,8.76838085029041e-05,8.76838091138761e-05,8.76838078343153e-05,8.76838090930061e-05,8.76838091260202e-05,8.76838091725551e-05,8.76838091140359e-05,8.76838110235911e-05
"X11",0.156893088394917,8.76838091237671e-05,8.76838102912246e-05,8.76838090988723e-05,8.76838091522842e-05,8.76838091154434e-05,8.7683809122391e-05,8.76838091208969e-05,8.76838091385132e-05,8.76838092403661e-05,8.76838094808917e-05,0.0485166504310594,8.76838091222436e-05
"X12",8.76838056680038e-05,8.76838139031323e-05,0.117528989292799,0.014335135303062,0.0143167638631899,8.76838135135619e-05,8.76838090971584e-05,8.76838093411681e-05,8.76838091218152e-05,8.76838091191701e-05,8.76838093426955e-05,8.76838091230651e-05,8.7683809125456e-05
"X13",8.76838289048778e-05,8.76838095648345e-05,0.0242302151622043,8.76838065239399e-05,8.7683809117975e-05,8.76838090730307e-05,8.76838091208764e-05,8.76838094928398e-05,8.76838102601035e-05,8.76838091288102e-05,0.134644642155236,8.7683807397877e-05,8.76838090669033e-05
"X14",0.0313704201904578,8.76837488560545e-05,8.76837639417621e-05,8.76838086509397e-05,8.76838091211512e-05,8.76838466060396e-05,8.76838092304615e-05,8.76838101711105e-05,8.76838091191756e-05,8.76838090925344e-05,8.76838091201622e-05,8.7683809098988e-05,0.0634813383404925
"X15",0.000125262584369057,0.0320299208703347,0.0165952046210743,0.0001252625848376,0.0247930588233924,0.000125262585366856,0.000125262584441137,0.000938604171023929,0.000125262584454183,0.000125262584513554,0.0641073084968955,0.000125262584416521,0.000125262584468714
"X16",8.7683820080652e-05,0.0129115642971571,8.76838444619462e-05,8.76838122387539e-05,8.76838048028478e-05,8.76838051034863e-05,0.0527438323822035,8.76838101656025e-05,8.76838091290574e-05,8.76838091191578e-05,8.76838091183982e-05,8.76838083386975e-05,0.011301910952098
"X17",8.76838106089694e-05,8.76836660433136e-05,0.04979096752691,8.76838090490054e-05,0.0235069297884975,8.76838123260572e-05,8.76838091212869e-05,8.76838110863139e-05,8.76838091124241e-05,8.76838091455641e-05,8.76838091174537e-05,8.76838103277336e-05,0.0298852582521482
"X18",0.000125262584089349,0.000125262579432655,0.0183473093730244,0.000125262584834143,0.000125262584454563,0.000125262586423384,0.0237636568218499,0.00513715007241529,0.00012526258426462,0.0472691819133391,0.000125262584453848,0.0107175890791026,0.00012526258357126
"X19",6.13786675491244e-05,0.137359774300597,6.13786896790271e-05,6.13786665194611e-05,6.1378683002817e-05,6.137866553823e-05,6.13786663861163e-05,6.13786621132255e-05,6.13786663833425e-05,6.1378666374254e-05,6.13786663294108e-05,6.13786663527506e-05,6.13786663821615e-05
"X20",0.000125262372302255,0.0221128747804828,0.0130108679457885,0.000125262584244752,0.000125262566595926,0.000125262591458643,0.000125262584427309,0.00090396915963997,0.000125262584457691,0.0247301888848219,0.000125262584436346,0.0556704976668916,0.000125262584505736
"X21",6.13786664420211e-05,0.123482074215995,6.13786704206378e-05,6.13786675122744e-05,6.13786663836228e-05,0.0130772108224002,0.000130578303383505,6.13786663592281e-05,6.13786663575164e-05,6.13786663600388e-05,6.13786662217837e-05,0.0042267332689838,6.13786663826714e-05
"X22",8.76837995700948e-05,8.76838091176224e-05,8.76837974167939e-05,0.00320507725903356,8.76840451221146e-05,0.000257271568609318,8.76838091188306e-05,0.00756997202541123,8.76838089303522e-05,0.157896833670565,8.76838091583173e-05,8.76838082329128e-05,8.76838091430337e-05
"X23",0.000125262588194144,0.00286615425032216,0.000125262360925706,0.000125262584230937,0.000125262590940562,0.000125262584457069,0.0248510254693875,0.00468648713046146,0.000125262584443847,0.0542097692756341,0.00823320620294644,0.000125262584240503,0.000125262584423472
"X24",4.29650659116824e-05,4.29650672313704e-05,0.102554882207448,4.29650681344101e-05,4.29651123206495e-05,4.29650351794922e-05,4.2965068371512e-05,0.0145340811509299,4.2965066466714e-05,4.29650664601368e-05,0.00465042383423256,0.0306801458447909,4.2965066468191e-05
"X25",0.00012526258492523,0.000125262582678161,0.077547096560887,0.00129365507710294,0.000125262584454645,0.0216172992880115,0.000125262584435979,0.00461232955925476,0.000125262584482795,0.0464132307733578,0.000125262584457371,0.0296735079408657,0.000125262584547548
"X26",0.0803671002649815,6.13786663842884e-05,6.13786675964713e-05,0.0963415412902664,6.13786663654032e-05,6.13786663839631e-05,6.13786663827763e-05,6.13786649641527e-05,6.13786663604164e-05,6.13786677211293e-05,6.13786661473511e-05,6.13786676778873e-05,6.13786657028227e-05
"X27",8.76838091182551e-05,8.76838091148934e-05,8.76838084069018e-05,0.138895167691189,8.76838091254157e-05,8.76838094365081e-05,8.76838079074672e-05,8.7683807755146e-05,8.76838073079988e-05,8.76838091182548e-05,8.76838120260963e-05,8.76838122392857e-05,8.76838117288356e-05
"X28",0.120044421066875,8.76838091442136e-05,8.76838091210417e-05,0.0417155959844122,0.019755222960786,8.76838091108533e-05,8.76838091195614e-05,8.76838061529385e-05,8.76838091182589e-05,8.76838091595115e-05,8.76838091549301e-05,8.76838091483747e-05,8.7683809471326e-05
"X29",0.131648266870647,8.7683805887127e-05,8.76837916025437e-05,8.76838094097694e-05,8.76838103786272e-05,8.76838091182586e-05,8.76837659717517e-05,8.76838069216073e-05,0.0439056961516738,8.7683809145749e-05,8.768380912247e-05,8.76838091077494e-05,8.76838091037368e-05
"X30",0.0362480328773186,0.000125262584979786,0.000125262584456636,0.000125262583190829,0.0471856715980341,0.000125262584389758,0.000125262584521872,0.00332402579350123,0.000125262584453302,0.000125262584500093,0.000125262584455578,0.000125262584334796,0.000125262584469225
"X31",8.76838091182541e-05,0.0273982300449252,8.76838093510507e-05,0.121372833449027,8.76838090885083e-05,8.76838086204874e-05,8.76838091182564e-05,8.76838092813961e-05,8.76838091164758e-05,8.76838096201776e-05,8.76838087756164e-05,8.7683809113141e-05,8.76838091284594e-05
"X32",0.000125262577826301,0.000125262584472985,0.0346048594745454,0.0877338580439704,0.000125262584328945,0.000125262589479983,0.000125262584473311,0.0161321083815219,0.000125262583816027,0.000125262584455413,0.000125262584441311,0.000125262584439173,0.000125262584088403
"X33",0.000125262581495447,0.000125262588093818,0.00012526258515249,0.0741208814282783,0.000125262582005409,0.0742435151521693,0.0001252625821311,0.0103585575294611,0.000125262584490235,0.000125262584450325,0.000125262584441054,0.000125262584443577,0.000125262584492105
"X34",0.0564277141911887,0.035876583050483,8.76838199504067e-05,0.020621446777829,8.76838091147389e-05,8.7683809110984e-05,0.00181907188684021,8.76838101214956e-05,8.7683808516346e-05,0.011676562458408,8.7683809127692e-05,8.76838091166808e-05,8.76838091297997e-05
"X35",0.038261288270545,8.7683809071972e-05,8.76838109276465e-05,8.76838094203143e-05,0.15791702942605,8.76838091159331e-05,8.76838091172967e-05,0.00136281307564075,8.76838091152289e-05,8.76838081680803e-05,8.76838091268837e-05,8.76838091195136e-05,8.76838092249037e-05
"X36",0.0444690900548233,0.000125262620863717,0.000125262581554591,0.00012526260072989,0.000125262570706406,0.000125262357144705,0.0001252625843298,0.0127974228818148,0.000125262584545664,0.000125262628677174,0.00734679081590633,0.0315618153413954,0.000125262584235674
"X37",6.13786997576185e-05,6.13781959048679e-05,6.1379452028939e-05,6.13786671545214e-05,0.00580834098011925,6.13808094518814e-05,6.1378683934211e-05,0.000850872290873223,0.075592805644057,0.00201348496500196,0.0404586495234375,6.13786663728304e-05,6.13786663837636e-05
"X38",8.76838101141843e-05,8.76838104122166e-05,0.0971445213104082,0.000882644833685837,8.76838091143019e-05,8.76838087075017e-05,8.76838090862242e-05,8.76838071352509e-05,8.76838091512288e-05,8.76838089689696e-05,0.00042034403571977,0.0379084733804678,8.76838091487374e-05
"X39",0.000125262554993263,0.000125262952417838,0.0941425349468433,0.00202360830399733,0.000125259873435069,0.000125262610012165,0.000125262585403314,0.00863913570767846,0.000125262584458263,0.000125262584446633,0.000125262584430294,0.000125262584383881,0.0283423308850385
"X40",6.13778167378897e-05,6.13786939299717e-05,6.13784339400256e-05,6.13786663773714e-05,6.13786663815118e-05,6.13795376949683e-05,6.13786831670908e-05,6.13786677766074e-05,0.159487509016439,6.13786663862745e-05,6.13786661992971e-05,6.13786663855275e-05,6.13786663832422e-05
"X41",8.7683810580157e-05,0.0233230766120478,0.0675825561124779,8.7683809259156e-05,8.76838136737813e-05,8.768381106603e-05,8.7683809150924e-05,8.76838054578291e-05,8.76838091362564e-05,0.0346862167653266,8.76838091176879e-05,8.76838091067195e-05,8.76838089503308e-05
"X42",8.76838300715306e-05,0.0639915406074657,8.76838211551579e-05,8.76838190767015e-05,8.7683813853164e-05,8.76838386584551e-05,8.76838091146608e-05,8.76838104667115e-05,8.76838091340143e-05,8.76838091169363e-05,8.76838090893344e-05,0.0281337642325619,8.7683809043441e-05
"X43",6.13786745144106e-05,0.119538322931468,6.13786277662895e-05,0.00139238744213421,6.13786680587938e-05,0.000809749056300283,6.13786663568628e-05,6.1378665463287e-05,0.0253597685676989,6.13786658528786e-05,6.13786666830367e-05,6.13786663781756e-05,6.13786663744643e-05
"X44",6.13786694357699e-05,0.11609249416492,6.13786681941101e-05,6.13786665046444e-05,6.13786789842767e-05,0.0206370216532364,6.13786663721505e-05,0.000927127379998364,6.13786663902248e-05,6.13786663807188e-05,6.13786663874779e-05,6.13786663542299e-05,6.13786664046482e-05
"X45",6.13786706322646e-05,0.077975431374547,6.13786461370107e-05,6.13786675637575e-05,6.1378666382776e-05,0.0163297745366728,0.000213014726708786,6.13786758289264e-05,6.13786663566682e-05,6.13786663673671e-05,6.13786663917108e-05,6.13786663880393e-05,6.13786663595625e-05
"X46",8.76838073504495e-05,0.0862019730632354,8.76839167761876e-05,8.76838090412492e-05,8.7683809118254e-05,8.76837969477674e-05,8.76838090637542e-05,0.000516171198480177,8.76838091452257e-05,0.0251237035310854,8.76838091023363e-05,8.76838091029126e-05,8.76838091413054e-05
"X47",5.05479737751389e-06,5.05479840742973e-06,0.031343468170151,5.05479865432881e-06,0.103763934538215,5.05479694450947e-06,5.0547971645158e-06,5.05479280886786e-06,0.0205584213723235,5.05479710491075e-06,5.05479710354889e-06,5.05479710612304e-06,5.05479708348262e-06
"X48",8.76838017419657e-05,8.76838341184977e-05,8.7683813680616e-05,0.00306034122372259,0.113763832176151,0.0207025327362766,8.76838091186321e-05,0.00474673740754495,0.0331566458316706,8.76838091209396e-05,8.76838091175295e-05,8.76838091399302e-05,8.76838091388827e-05
"X49",0.000125262552211974,0.0203247805544038,0.000125262532011715,0.0315546250250719,0.000125262584446493,0.000125262579427997,0.000125262584435094,0.000125262584447635,0.000125262584501934,0.0443343087819421,0.000125262584369004,0.0214104042974891,0.000125262584441484
"X50",8.76838091160837e-05,8.76838108808186e-05,8.76838093646226e-05,0.12530160611327,0.0191987803670434,0.00820960546928268,8.76838091162884e-05,8.76838077915515e-05,8.76838091304035e-05,8.76838091185566e-05,8.76838091457484e-05,8.76838094466312e-05,8.76838090203381e-05
"X51",6.13786662873484e-05,0.0119814302415088,6.1378666004005e-05,0.0865405870877843,6.13786664434496e-05,6.13786669300276e-05,0.0361312406113888,6.13786663839062e-05,6.13786663817352e-05,0.00808430526858977,6.13786664674916e-05,6.13786664254148e-05,6.13786656938173e-05
"X52",6.137866690537e-05,6.13786665562847e-05,6.13786679162329e-05,6.13786374203511e-05,6.13786674467879e-05,6.13786641176377e-05,0.147962646404208,6.13786681684473e-05,6.13786662907697e-05,6.1378665060635e-05,6.13786667346448e-05,6.13786663822849e-05,6.13786663854409e-05
"X54",8.76838156256586e-05,8.76838155378235e-05,8.76838167087151e-05,8.76838095600017e-05,8.76838373508573e-05,0.0306927737033511,0.00708198478408759,8.76838096760306e-05,8.76838097937269e-05,0.0387202110041785,8.76838091164534e-05,8.7683809192266e-05,8.76838095677757e-05
"X55",8.76838095276694e-05,8.76837994701326e-05,8.76838007123355e-05,8.76838109961044e-05,8.76838092534618e-05,0.0417658906642988,8.76830197310894e-05,8.76838118267719e-05,0.0110238688209033,8.76838091193316e-05,8.76838091236233e-05,8.76838091377839e-05,0.0706778092622316
"X56",6.13786610242244e-05,6.13781945948159e-05,6.13786222234536e-05,6.13786685736579e-05,6.1374703178936e-05,6.13786146891423e-05,0.0534350244833089,6.13786658753561e-05,6.13786663741102e-05,6.13786663835695e-05,6.13786663822671e-05,0.0445878671731291,0.0320999808874306
"X57",0.00012526254725973,0.000125263535954832,0.000125262603355308,0.000125262584241575,0.000125260356817235,0.000125262590492479,0.0734956842318646,0.00185764336867723,0.000125262584422792,0.00012526258445706,0.0228805466120314,0.0256792644728102,0.00846308606911418
"X58",8.7683808632611e-05,8.76838189608726e-05,0.0475051337073943,8.76838104875617e-05,8.76833214149209e-05,8.76838103185527e-05,8.76838090969401e-05,8.76838090941753e-05,8.76838090906405e-05,8.76838091037195e-05,0.0132577009596885,0.0393012273960643,8.76838090810538e-05
"X59",0.0283258811220263,0.0389848597046529,0.0655661928048737,0.000686016742471291,0.000125262584987354,0.000125262584467877,0.000125262584449678,0.000125262584414082,0.000125262584463712,0.000125262584461648,0.0481297286625126,0.000125262584461321,0.000125262584458062
"X60",8.76838260023115e-05,8.76838158412512e-05,0.0773523956948265,8.76838078089467e-05,8.7684113040077e-05,8.76838059898674e-05,8.7683808933883e-05,8.76838099355262e-05,8.76838063307271e-05,8.76838091098903e-05,0.0211852328449178,8.76838095935452e-05,8.76838115857347e-05
"X61",8.7683809185564e-05,8.76838081424921e-05,8.76838101103915e-05,0.00215480471181636,8.76838093652099e-05,8.76838091249931e-05,8.76838091035015e-05,8.76838096683247e-05,0.0391220959534524,8.76838135517905e-05,0.0269067612231504,8.76838091251831e-05,8.76838083315495e-05
"X62",8.76838077522767e-05,8.76846787153682e-05,8.76837380102154e-05,8.76837959882789e-05,8.76839236432025e-05,0.113774701129049,8.76838088890924e-05,8.76838110361292e-05,8.76838091151082e-05,0.00375417063682343,8.76838098945052e-05,8.76838091281125e-05,8.76838090873855e-05
"X63",0.00012526257975518,0.105901421625579,0.00452489690942644,0.00737594125271624,0.00012526258445589,0.000125262505890663,0.000125262584350532,0.00454989248911444,0.00012526258406966,0.00012526258447658,0.000125262584451331,0.0178411289703933,0.000125262584454672
"X64",8.76838085785028e-05,0.0657807407228714,0.0548273654848544,8.76838091038476e-05,8.76838103073308e-05,8.76838077642877e-05,0.110483126043434,8.76838056617777e-05,0.00511244524766366,8.76838091041016e-05,8.76838091418465e-05,8.76838091182491e-05,8.76838091836024e-05
"X65",0.00156397596455303,0.0580354881212064,8.76837583305145e-05,0.000611994014602686,8.76838090434374e-05,8.76837926284608e-05,8.76838091144938e-05,8.76838077439667e-05,0.0279713978346148,8.76838091372283e-05,0.0122399641210554,8.76838090950936e-05,8.76838092301241e-05
"X66",8.76838091200802e-05,0.127433233379612,8.76838046952747e-05,8.76838089405394e-05,8.76838090926451e-05,0.0184764838482879,8.76838091193365e-05,0.00288431081088187,8.76838090875004e-05,8.76838091326141e-05,8.76838091224944e-05,8.76838091182601e-05,8.76838090957762e-05
"X67",8.76838052902235e-05,8.76838071809428e-05,8.76837992886728e-05,0.0101915649388008,8.76837823156503e-05,8.76838091111681e-05,8.76838153780825e-05,8.76838090746341e-05,0.0764849078738683,0.0859360918891125,8.76838089884956e-05,8.7683809094069e-05,8.76838091229017e-05
"X68",4.29650671060678e-05,0.0113610394502441,4.29650733734664e-05,4.29650664434413e-05,4.29650665751579e-05,4.29650579419214e-05,0.00508890091416644,4.2965066779199e-05,4.29650664672896e-05,4.29650664760836e-05,4.29650664933162e-05,0.0496136113702317,0.0592584113539795
"X69",8.76837737472192e-05,8.76774056978413e-05,8.7679739452724e-05,0.000892692145500491,0.00353249789341785,8.76837340428085e-05,8.76837891637196e-05,8.76838091641805e-05,8.7683809077378e-05,0.0346558084080968,0.0433040663276583,8.76838091201258e-05,0.0766701550721978
"X70",0.000125262583903411,0.0116577161215006,0.000125262592270572,0.0452784926624565,0.000125262584454277,0.000125262584336781,0.015471697237175,0.000125262584521057,0.000125262584463716,0.0380555882287518,0.000125262584498866,0.000125262584565154,0.000125262584419797
"X71",0.000125262612926021,0.000125262533841957,0.000125262513684147,0.0486501351980034,0.0141838177190918,0.0420381210427706,0.000125262584488543,0.0055482657739323,0.000125262584466327,0.000125262584233134,0.000125262584331683,0.000125262583552111,0.0132348298128867
"X72",0.000125262584455426,0.00763714502647725,0.000125262584882635,0.0656145962627908,0.000125262584238646,0.00012526258429483,0.000125262585355515,0.0136362736493149,0.000125262583992302,0.000125262591394124,0.000125262584424908,0.000125262584092873,0.000125262584424891
"X73",8.7683814046028e-05,8.76838014130893e-05,8.7683809158187e-05,0.140610303257235,8.7683807298993e-05,8.76838162557012e-05,8.76838091182561e-05,8.76838079741158e-05,0.0229023571032789,8.76838091255608e-05,8.76838091228659e-05,8.76838085978671e-05,8.76838090357684e-05
"X74",0.000125262584301327,0.000125262584826479,0.000125262583934252,0.121414483919363,0.00568300367304084,0.000125262585141227,0.000125262585241531,0.000125262582102762,0.000125262583838658,0.000125262584002821,0.000125262584422535,0.000125262584454649,0.000125262584487498
"X75",2.10528822742417e-05,0.0200300924561643,7.12090113609018e-05,2.10528825218402e-05,2.10528826406709e-05,2.10528855851482e-05,0.107760247902281,2.10528830575553e-05,2.10528825683418e-05,2.10528825766886e-05,2.10528825635174e-05,0.00108897754555602,0.00261134319309103
"X76",8.76838084505191e-05,8.76838049077473e-05,0.0332303110303247,8.76838091511142e-05,0.0593764258010518,8.76838065017917e-05,8.76838091198261e-05,0.00151586529209593,0.0166789383870208,8.76838087351082e-05,8.76838091454266e-05,0.062409603025849,8.7683809111406e-05
"X77",6.13786663939849e-05,0.000695638603945767,6.13786611005927e-05,0.0162732632506986,0.0259563945701555,6.13786637516725e-05,0.0179630308396341,6.13786662837237e-05,6.13786664019121e-05,6.13786664338192e-05,6.1378666391699e-05,6.137866588627e-05,0.0272173570101028
"X78",0.0104934036936849,0.00339863190149297,0.0754736569693915,0.000395068554563915,0.000125263257951469,0.000125262579147951,0.000125262584442715,0.000125262584363883,0.000125262584363635,0.000125262584523438,0.000125262584482321,0.00694590316342242,0.000125262584345898
"X79",8.76850525752767e-05,8.76832914665668e-05,8.76836666308695e-05,8.76838937639704e-05,8.76838091213267e-05,8.76838078906354e-05,8.76838089949259e-05,0.00479033484449625,8.76838091685809e-05,8.76838102624044e-05,0.108888457658763,8.76838090883853e-05,8.76838097946364e-05
"X80",0.045386736333752,0.0928590839531921,3.0075546249859e-05,3.00755465285904e-05,3.0075546343731e-05,0.0256254475730889,0.000284702631373144,3.00755457277146e-05,3.00755467199787e-05,3.00755446222513e-05,3.24234102849913e-05,3.00755465276038e-05,3.00755465442531e-05
"X81",8.76838088446007e-05,0.105829559142967,8.76838091796935e-05,8.76838080610733e-05,0.0604966306350705,8.76838158079219e-05,8.76838091313182e-05,8.76838042065362e-05,8.76838091181704e-05,8.7683809118435e-05,8.76838091204019e-05,8.76838083836713e-05,8.7683809129024e-05
"X82",0.00012526258896126,0.00411135733329305,0.000125262582249796,0.0134540600828367,0.00927654845921958,0.000125262649398624,0.011993950325945,0.00417617895514896,0.000125262584483018,0.000125262584103362,0.0001252625842603,0.000125262584417243,0.0338293708847055
"X83",8.76838091137546e-05,8.76838091110037e-05,0.0849987275604918,8.76838091638933e-05,8.76838091182532e-05,0.00253670699064165,8.76838090996321e-05,8.76838091081763e-05,8.7683810034734e-05,0.0552769071536934,8.76838091263235e-05,0.0273907492470631,8.76838091154222e-05
"X84",8.76838116031302e-05,8.76838047641841e-05,0.00179215652967027,8.76838084591295e-05,8.7683809125659e-05,8.76837967978089e-05,8.76836838004957e-05,0.00820189946514549,0.00910684918801541,8.7683809097826e-05,0.132089663784848,8.76838091220658e-05,8.76838091028915e-05
"X85",1.47370177094365e-05,1.4737000876571e-05,0.0166710445344293,1.47370156132553e-05,0.00792203518797924,0.0516011908486055,1.47370185943804e-05,1.47370179696318e-05,0.0422011915281082,1.47370178028873e-05,1.47370177994524e-05,0.029394260507428,0.0119133885602156
"X86",0.000696320993447902,8.76837873020928e-05,8.76837491481844e-05,0.0036818079573418,8.7683809150435e-05,0.0830935908692885,8.76838091735764e-05,8.76838083455982e-05,8.76838090701534e-05,8.76838091260624e-05,0.016299326361297,0.0027503778268031,8.76838091033934e-05
"X87",4.29650661386289e-05,0.0297456375462803,4.29650625641907e-05,4.29650645600858e-05,4.29650656479818e-05,4.29650251087206e-05,0.121355541962849,4.29650662567161e-05,4.29650664348888e-05,4.29650664679444e-05,4.29650664982417e-05,0.0128775957299249,4.29650664694781e-05
"X88",8.76838118478687e-05,8.76837646529394e-05,8.76839533043555e-05,8.76838107842853e-05,8.7683809084963e-05,8.76887307948498e-05,8.76838091112109e-05,0.00723765014604013,0.0558533583068373,8.76838088313932e-05,8.76838091922826e-05,8.76838091687804e-05,8.7683809060429e-05
"X89",4.29650552140234e-05,0.0446495641327973,4.29650649379583e-05,4.29650663867826e-05,0.0341746146699616,0.000995036361309729,4.29650664638799e-05,4.29650673627719e-05,4.29650664899453e-05,4.29650664380955e-05,4.29650664667169e-05,0.0440523481492512,0.020532551825782
"X90",6.13786541436957e-05,6.13785434932943e-05,6.13787148389702e-05,6.13786657637975e-05,6.13787059209958e-05,6.13786383327477e-05,0.0302361601591446,0.000662935077191485,0.0196937073227714,6.13786662802436e-05,0.046119400605951,6.13786663306403e-05,0.0218149296049675
"X91",6.13786667743735e-05,0.020214170724436,0.00490128613541546,0.015785560560961,6.13786663837412e-05,6.13786681446074e-05,0.0324848901274105,6.13786663572538e-05,6.13786663547927e-05,0.0117739719441648,6.13786663850524e-05,0.0106479726626696,6.13786663650683e-05
"X92",0.000125262584359123,0.0281388800650493,0.0084635613051632,0.0743532524498895,0.000125262584472501,0.000125262584454676,0.000125262584505986,0.0226742467452177,0.000125262584358136,0.000125262584487879,0.000125262584444439,0.0159738381845887,0.000125262584476436
"X93",8.76838194167401e-05,0.00564560517691491,8.76838013952404e-05,0.108578065535081,8.76838091101007e-05,8.76838166938276e-05,8.76838091182492e-05,8.76838091053133e-05,8.76838090205239e-05,8.76838090862933e-05,8.76838090977068e-05,8.76838091281435e-05,8.76838093774854e-05
"X94",8.76838531117953e-05,8.76838091128225e-05,8.76838092872083e-05,0.0945850055218059,8.76838287039202e-05,8.76838093870164e-05,8.76838091182535e-05,0.0104590697350746,8.768380868177e-05,8.76838091123128e-05,8.76838091263951e-05,8.76838092121213e-05,8.76838091640449e-05
"X95",8.76837798421573e-05,8.76838091201265e-05,8.76838091918703e-05,0.123148488481481,8.76838020479207e-05,8.76838131136011e-05,8.76838091177215e-05,8.76838068648526e-05,8.76838091241939e-05,8.76838070712144e-05,8.76838089683236e-05,8.76838097458164e-05,8.76838082699954e-05
"X96",8.76837837109723e-05,8.76838091459176e-05,8.76838090749502e-05,0.130030392782731,8.76838108928229e-05,8.76838089714112e-05,8.76838110051855e-05,8.76838087937938e-05,8.76838092244059e-05,8.76838091182449e-05,8.76838091621997e-05,8.76838071731039e-05,8.76838091315006e-05
"X97",8.76836352551538e-05,8.76839393194494e-05,8.76837566974121e-05,8.76838090908463e-05,8.76838140485e-05,8.76837904261044e-05,0.0933587518802869,8.7683809911807e-05,8.76838090695964e-05,8.76838091196815e-05,8.76838091118222e-05,8.76838091192314e-05,0.0728827873853377
"X98",0.0283498963192775,8.76838089485059e-05,8.76838091135975e-05,0.116827173642646,8.76838091106615e-05,8.76838127052123e-05,8.76838092363134e-05,8.76838085264315e-05,8.76838091203157e-05,8.76838091046965e-05,8.76838091082845e-05,8.76838091275924e-05,8.76838091683101e-05
"X99",8.76838060607125e-05,8.76836122737579e-05,0.0109206629543161,8.7683809086665e-05,8.76832453849052e-05,8.76838246411246e-05,0.0777693602627999,0.00633263962882622,8.76838091106232e-05,0.010443526550822,0.000276219977984384,8.7683809082684e-05,8.76838090884416e-05
"X100",8.7683809008955e-05,8.76837994989576e-05,8.76837875367232e-05,8.76838095289572e-05,0.00431241174880021,8.76837952774337e-05,0.111509600262837,0.00122854448841708,0.00943150415916898,8.7683809061405e-05,8.76838091275959e-05,0.0115920492834992,0.00744625600331887
"X101",6.13786660180668e-05,6.13786606288374e-05,6.13786610433337e-05,0.00494063643600987,0.0190165665431972,6.13786673430525e-05,0.0205754895313235,6.13786680893534e-05,0.016966152179557,6.13786663158906e-05,6.13786664071654e-05,6.13786663768281e-05,0.0567487433638635
"X102",6.13786636674815e-05,6.13787290281712e-05,6.13786244839893e-05,6.1378666925025e-05,6.13786328416191e-05,6.13786663694695e-05,0.114836148568636,6.13786628901808e-05,6.13786663860404e-05,6.13786663825969e-05,0.0227354679826411,6.13786662752206e-05,6.13786663677339e-05
"X103",0.023470091065609,0.0284315824239147,3.00755144242133e-05,0.02890759160743,3.0075546542704e-05,3.00755559770566e-05,3.00755465219073e-05,3.007554467144e-05,3.00754207814621e-05,0.0148820492785017,3.0075546521586e-05,0.00151755814013564,3.00755465392899e-05
"X104",6.13786662808495e-05,6.13785378026886e-05,0.00075308112981151,0.00567285635826569,6.13787057341048e-05,6.13786656258269e-05,0.0730216968218194,6.13786593430886e-05,6.13786664014862e-05,6.13786664087737e-05,0.101018627831184,0.0319548464427901,6.13786663474637e-05
"X105",8.76836722765439e-05,0.0794084515975383,8.76836015966524e-05,8.76838091986099e-05,8.76839555945518e-05,8.76837867326497e-05,8.76838091259953e-05,0.00822872300986884,8.76838091913799e-05,8.76838091446092e-05,0.0191783949194211,0.000546800744509838,8.76838091442635e-05
"X106",0.000124460845499042,0.000125258700586506,0.00012444574064453,0.000125262582042046,0.00012525569697055,0.000125262583909192,0.00012526502672662,0.0244889611552918,0.000125275923054862,0.000125253424059137,0.000125262582053554,0.000125262583909426,0.000125262585400182
"X107",6.13786666087847e-05,6.13786663809454e-05,0.0650358681750101,0.0089677071761307,6.13786662341062e-05,0.00871581336590874,6.13786669884294e-05,6.13786677716446e-05,6.13786661845463e-05,0.0457791577372596,6.13786663827325e-05,6.13786664042499e-05,6.13786669608722e-05
"X108",3.00755462896956e-05,3.00764839683577e-05,3.00765513959198e-05,3.00755465459542e-05,3.00755133868594e-05,0.0558042168609395,3.00755465271267e-05,3.00755454586056e-05,3.00755465320789e-05,0.0110819938282961,0.0255364108530563,3.00755465235485e-05,0.00336016011469293
"X109",8.76838088582048e-05,8.7683805739365e-05,0.0977499516504817,8.76838095334429e-05,0.00563424267783313,8.76838113405218e-05,8.76838092631369e-05,0.00253032300709923,8.76838090841421e-05,0.0196948805443172,8.76838091266514e-05,8.76838091301696e-05,8.76838081433585e-05
"X110",0.00154450745119513,6.13814873966571e-05,0.0497773443602367,6.13786665552811e-05,0.0241926936711799,6.13786664100446e-05,0.0317768082936508,6.13786688024294e-05,6.13786663709001e-05,6.13786662326393e-05,6.13786663787136e-05,0.0478276192073406,6.13786662931382e-05
"X111",6.13786693070054e-05,6.13786013139154e-05,6.13786903866016e-05,6.13786659661295e-05,6.13786691325041e-05,0.119459136559428,6.13786660695551e-05,0.000273831165682819,6.1378666380125e-05,6.13786601784509e-05,6.13786663807686e-05,0.0422683044843584,0.00599123111353955
"X112",8.76838087014445e-05,8.76838089755315e-05,0.0422549675351091,8.76838091593934e-05,8.7683809124224e-05,0.0694212235263081,0.0459585272371455,0.00790071450484912,8.76838091133304e-05,8.76838091022652e-05,8.76838090959359e-05,8.76838091486451e-05,0.0017050097288135
"X113",3.00755287875061e-05,3.00756021427208e-05,3.00755813424735e-05,3.00755465942799e-05,3.00755465313848e-05,3.00755442925912e-05,0.0450368278364598,3.00755465539714e-05,0.0381147364795632,3.00755465391216e-05,3.00755465231586e-05,3.00755465067736e-05,0.0049957378496107
"X114",8.76838124940304e-05,8.76838364549701e-05,8.76838247124607e-05,8.76838091333199e-05,8.76838030996245e-05,8.76838566056107e-05,0.0516721425629676,0.00228429277868902,8.76838091558744e-05,0.0277553130296833,8.76838091102607e-05,8.76838090782334e-05,0.0244727254507511
"X115",2.1052883660362e-05,2.10529407272048e-05,2.10531544253298e-05,2.10528137988003e-05,2.10528824766703e-05,2.10529827429477e-05,0.0616415381394807,0.00216883383324727,0.0394582157233543,2.10528821307477e-05,2.10528825672683e-05,0.00193411215727328,2.10528825578315e-05
"X116",8.76838091182552e-05,0.00965539197280852,8.76838090561882e-05,0.139920914406699,8.7683809118237e-05,8.76838084661892e-05,8.76838091177737e-05,0.00105534614791062,8.76838091146284e-05,8.768380913963e-05,8.76838091110864e-05,8.76838090830038e-05,8.76838091214177e-05
"X117",0.000125262585277797,0.0218236331729643,0.000125262584944265,0.0940781098184047,0.000125262583938482,0.000125262584452701,0.00012526258442966,0.00574090787747794,0.0162451289248982,0.000125262584404733,0.000125262584453143,0.000125262584462127,0.00012526258445138
"X118",8.76838091182546e-05,8.76838091182536e-05,8.76838091182436e-05,0.176422855065694,8.76838089579524e-05,8.76838078069528e-05,8.76838091183122e-05,0.0065693607534758,8.76838087745162e-05,8.76838091127816e-05,8.76838091226377e-05,8.76838091457618e-05,8.76838091186412e-05
"X119",8.76838161729076e-05,8.76838091182543e-05,8.76838127364876e-05,0.111286911352184,8.76838227248161e-05,8.76838072182451e-05,8.7683809582009e-05,8.76838091276141e-05,8.7683810589445e-05,8.7683809111615e-05,8.76838090759113e-05,8.76838065540795e-05,8.7683809142573e-05
"X120",0.000125262583971169,0.000125262585354881,0.000125262589653246,0.107514241493331,0.0122337032452183,0.000125262583954445,0.0183015549830924,0.000125262584404664,0.000125262584443011,0.0427565270121364,0.000125262584467715,0.0158527976593168,0.00012526258448225
"X121",0.000125262583639529,0.000125262634581747,0.0459849825266232,0.0725995863859623,0.000125262584460703,0.000125262587350328,0.0135948083766254,0.000125262584440247,0.000125262584445044,0.0168268684359287,0.000125262584564174,0.000125262584422322,0.000125262584312662
"X122",8.76838104861529e-05,8.7683810192543e-05,8.76838165224666e-05,0.044943130252874,8.76838090942394e-05,8.76838091188812e-05,0.0794287144713933,8.76838091611949e-05,8.7683809133075e-05,8.76838091044361e-05,8.76838091204461e-05,0.0130727031397684,8.76838087117338e-05
"X123",6.13790925766054e-05,6.13786403669011e-05,6.13785516941716e-05,6.13786663905613e-05,6.13792534264251e-05,6.13785922566187e-05,0.109684707446763,0.000647232865339859,6.13786663744071e-05,0.00603000326967133,6.13786663755856e-05,6.13786663980379e-05,6.13786663840202e-05
"X124",4.29650707162515e-05,4.29711350328299e-05,0.000713487511992679,4.29650650325094e-05,4.29650661873198e-05,4.29650664657203e-05,0.0771421234160601,4.29650707537074e-05,4.29650664843495e-05,5.03751033986801e-05,0.000434307461879311,4.29650662363342e-05,4.29650664769755e-05
"X125",6.13786572978321e-05,6.13775715711727e-05,6.13778725157888e-05,6.13786646437769e-05,6.1378666375946e-05,6.13786663478002e-05,0.0971535521125063,6.13786613192901e-05,6.13786663652805e-05,6.13786663780319e-05,6.13786663115403e-05,6.13786663851169e-05,6.13786653443399e-05
"X126",8.76838121376064e-05,0.00898116159791444,8.76838186689581e-05,0.000702965739532817,8.76837817820854e-05,0.0129864946207297,0.0521343269833857,8.76838098826907e-05,8.76838090946165e-05,0.0388102275620362,8.76838091694702e-05,8.76838090724546e-05,8.768380909902e-05
"X127",6.13786663778453e-05,6.13786665391157e-05,6.13786663827844e-05,0.00249626792017889,0.000203894098766854,0.0198844876705032,0.123056368907289,6.13786676211474e-05,6.13786661397901e-05,6.13786664193886e-05,6.13786663773641e-05,0.0631372408591174,6.13786663781075e-05
"X128",8.76830849095791e-05,0.0238227255079372,8.76833021739675e-05,0.00259427523082995,8.76838091238711e-05,8.76832921234963e-05,8.76838091290034e-05,8.76838096273239e-05,8.76838091453174e-05,8.76838089759941e-05,8.76838090242688e-05,0.0494126679148734,8.76838090957878e-05
"X129",8.76838014486062e-05,0.0304816704186044,8.76837941060024e-05,0.000182311008370282,8.76837720010291e-05,8.7683809118796e-05,0.0227444761324994,0.00662504676291186,8.76838091021238e-05,8.76838091423221e-05,0.0551317413038775,8.76838091575364e-05,8.76838091048991e-05
"X130",0.00350561048671356,8.76838055976508e-05,0.0597377432154955,8.76838062467718e-05,0.00755966784883382,8.76838102129722e-05,8.76838091129047e-05,8.76838116834343e-05,8.76838091508465e-05,0.0387328579476565,8.76838091250284e-05,8.76838091257319e-05,8.76838091650878e-05
"X131",3.00755370619637e-05,3.00755147959337e-05,3.0075532017573e-05,3.00755435327416e-05,3.00755363500756e-05,3.00755416594108e-05,3.00755452503099e-05,3.00755459420847e-05,3.00755465278056e-05,3.00755469681576e-05,3.00755465273294e-05,0.105692386709001,0.023009424405957
"X132",4.29654381251287e-05,4.29649489787716e-05,0.0162333053956292,4.29650642164089e-05,0.0476339769424384,4.29648479254737e-05,4.29650664687804e-05,4.29650644161566e-05,4.29650664816433e-05,0.0122919079378793,4.29650664932251e-05,4.29650664675017e-05,4.29650664428759e-05
"X133",8.7683808042686e-05,8.76841639893715e-05,8.76837981205156e-05,8.76838089971802e-05,0.0579970753566945,8.76838529237696e-05,8.768385135236e-05,8.7683802960341e-05,0.0466629051910757,8.76838091554075e-05,8.76838091340769e-05,8.76838091456931e-05,8.76838091752232e-05
"X134",6.13786675083876e-05,0.0042567871196204,6.13786694562898e-05,6.13786663702243e-05,0.0379005532102928,0.0517428157901837,6.1378666386631e-05,6.13786584828953e-05,0.00480401011360464,6.1378666367824e-05,6.13786664071073e-05,0.0681720837238056,6.13786663761666e-05
"X135",8.76838082108883e-05,0.174108526015021,8.76837648872773e-05,8.76838095571418e-05,0.00311852496147609,8.76838568135356e-05,8.76838091231221e-05,0.00143265898669493,8.76838091183301e-05,8.76838091231398e-05,8.76838091036227e-05,0.00216113531037505,8.76838091166107e-05
"X136",6.13786658110916e-05,6.13786344197613e-05,0.00910225409915756,6.13786672790822e-05,6.13786663525203e-05,6.13786663855364e-05,6.13786660311549e-05,6.1378662205565e-05,6.13786663831472e-05,0.010219818533826,6.1378666404066e-05,0.0283620820159904,0.103929128992521
"X137",3.00755458409073e-05,3.00755423324e-05,0.0422314800550771,0.0111271680255753,0.0560914017043375,3.00755461415472e-05,3.00755465159827e-05,3.00755463430299e-05,4.66738421387543e-05,3.00755562202502e-05,3.00755465240191e-05,0.0130597303779098,3.00755465234171e-05
"X138",8.76838075889368e-05,8.76838096394553e-05,0.00428088805479493,8.7683807919567e-05,8.76838089184365e-05,8.7683811693244e-05,8.76838087648135e-05,0.141667105748475,8.76838090894889e-05,8.76838091798737e-05,8.76838091298477e-05,8.76838090977325e-05,8.76838090960566e-05
"X139",8.76837973676274e-05,8.76838026850381e-05,0.0263424598309899,8.76838084090952e-05,8.76838091118535e-05,0.0107643214950962,8.76838091197906e-05,0.0712249422475214,8.76838087410578e-05,0.00962365039434813,8.76838091183333e-05,8.76838091134046e-05,8.76838088541878e-05
"X140",8.76837842071087e-05,8.76837702772255e-05,8.76837901022355e-05,8.76838123251585e-05,8.76838091191754e-05,8.76838090123842e-05,0.036092716291662,0.00311117698992545,8.76838090330049e-05,8.76838091154873e-05,0.0683544870626336,8.76838091231375e-05,8.76838097749069e-05
"X141",0.000125262856460468,0.000125262608882234,0.000125262722267541,0.00293605828553832,0.000852929404296374,0.00012526253874606,0.0928213976278955,0.00230282712110451,0.00909074514711861,0.00460500006907642,0.000125262584420009,0.000125262584390541,0.000125262584450784
"X142",0.0260078280602643,4.2965038460467e-05,4.2965066517939e-05,0.021502184700784,0.00158038969438765,0.0592778105890647,4.29650664656501e-05,4.29650671826771e-05,0.0154746007943683,4.29650664651304e-05,0.0221188404319798,4.29650670441104e-05,4.29650664617336e-05
"X143",8.76838114453948e-05,8.76838087967146e-05,8.76837741415498e-05,0.0935698500033116,8.76838091371695e-05,8.76838201565842e-05,8.76838091141419e-05,8.76838092579259e-05,8.76838091211241e-05,8.76838084704613e-05,0.00224115660369479,8.76838090165649e-05,8.76838091335572e-05
"X144",0.000125262584510788,0.0205975114758356,0.000125262585032296,0.0243492397193423,0.000125262587605553,0.0356082365490885,0.000125262584462637,0.000125262584453122,0.000125262584358996,0.000125262584724064,0.000125262584468655,0.000125262584468657,0.000125262584491046
"X145",3.00755371214706e-05,3.00754982182868e-05,0.00952827975463439,0.0039162566952373,0.0263385208033279,0.0271807991829676,3.00755465427238e-05,3.0075545039864e-05,3.00755465462677e-05,0.00325000340076767,3.00755465280135e-05,3.00755465041337e-05,3.00755464908114e-05
"X146",6.13786650140523e-05,6.13786665771074e-05,6.13785434976944e-05,6.13786665680129e-05,0.123346071531383,6.13786664664787e-05,0.0222393299926902,6.13786654207816e-05,6.13786663808826e-05,0.00406202663668859,6.13786663712978e-05,6.13786663884908e-05,6.13786664935998e-05
"X147",4.29650666215346e-05,0.0187289067738081,4.29650678637068e-05,4.29650629356289e-05,4.29650666585859e-05,4.29650653423378e-05,0.025879550280802,4.29650597767489e-05,0.0420137180463891,4.29650664732847e-05,4.29650664741276e-05,4.29650664784179e-05,0.0513374623039088
"X148",0.00372329973281229,8.76838133478055e-05,8.76837973172375e-05,0.00316051262439259,8.76839173709367e-05,8.76837998636502e-05,8.76838091387527e-05,0.000849041042200781,8.76838091144098e-05,8.76838089923742e-05,8.76838096952249e-05,8.76838090599124e-05,0.100206916316204
"X149",8.76838096895597e-05,0.0136362809197942,8.76838004098367e-05,8.76838091603803e-05,8.76838168084101e-05,0.0367132188910961,8.76838091196506e-05,8.76838091858001e-05,0.0234191477739761,8.76838092262678e-05,0.000109842018138116,0.0406114235431432,8.76838091015415e-05
"X150",8.76838061805386e-05,8.76838112548601e-05,8.76837876809532e-05,0.00918116271049381,8.76838091139779e-05,0.0385584447721877,8.76838001476064e-05,8.76838091647781e-05,8.76838090778098e-05,8.76838091467794e-05,8.76838091377555e-05,8.76838091299042e-05,0.0957221907709478
"X151",8.7683809071882e-05,8.76838531631709e-05,0.0230469365170546,8.76838076532755e-05,8.76838224070559e-05,8.76838092896625e-05,8.7683809163601e-05,8.76838078542778e-05,0.0274339889035406,8.76838091153743e-05,8.7683809063478e-05,8.7683809162283e-05,0.0310521638960451
"X152",8.76838045105122e-05,8.76839213369202e-05,8.76838857217201e-05,8.7683809162947e-05,8.76838054189314e-05,8.76838103335444e-05,8.76838091174542e-05,0.000271489133527765,0.0341305558493647,0.0307924838306522,0.0674578232038427,8.76838089403855e-05,0.0307339217690019
"X153",0.000125262625589834,0.0392367723159421,0.000125262647490216,0.000125262587823601,0.000125262584371625,0.000125262584988101,0.000125262584401268,0.00747705853629039,0.000125262584457548,0.00807003166904494,0.000125262584487908,0.000125262584493478,0.0442903306045791
"X154",8.76838091559188e-05,0.0719270483717339,0.0395796806004064,8.76838089559546e-05,8.76838091072987e-05,8.76838091178329e-05,8.76838091127686e-05,0.001346137525736,8.7683809092743e-05,0.0442014727047982,8.76838091182528e-05,8.76838091066276e-05,8.76838091186617e-05
"X155",3.00759089762703e-05,3.00755471482482e-05,3.0075722133786e-05,3.00755499296839e-05,3.00755800258106e-05,3.00755481475516e-05,3.00755514356151e-05,0.0411684472247706,3.00755465260041e-05,0.0455389824602253,3.0075546527562e-05,3.00755465275502e-05,0.0933352824774832
"X156",4.29650667328386e-05,0.00213712697554176,0.11501860189489,4.29650670068605e-05,0.0042092448564506,4.29650664375008e-05,0.00402234703028364,4.29650630825997e-05,4.29650664926353e-05,4.29650662351733e-05,4.29650664674247e-05,4.2965066434959e-05,4.2965066461749e-05
"X157",0.00218692620449408,0.0109797976341248,0.049788748932932,6.13786655271826e-05,0.0193772840205075,0.0159521626816246,0.00657401134925702,6.13786677891813e-05,6.1378666352957e-05,6.13786663878857e-05,6.13786663790301e-05,6.13786666766649e-05,6.13786663541895e-05
"X158",0.000125262580862756,0.0454111258886062,0.000125262596483173,0.00737518580180085,0.0223340556431833,0.000125262539905004,0.00012526258438569,0.0122187372412079,0.000125262584471093,0.000125262584476642,0.000125262584452207,0.000125262584491184,0.000125262584326823
"X159",6.13786645053319e-05,0.0527193250082139,6.1378647696661e-05,6.13786675504996e-05,6.13786792710713e-05,0.0215621123164149,6.13793736361301e-05,6.13786652287627e-05,6.13786664373024e-05,6.13786662383656e-05,6.13786663683079e-05,6.13786664035605e-05,6.13786664047879e-05
"X160",6.13786662822713e-05,0.0725327676037242,6.13787343027292e-05,6.13786758744141e-05,6.13780801240113e-05,0.0286995151231294,6.13786663754252e-05,6.13786664232097e-05,6.13786663855623e-05,0.0120096730353534,6.13786663729588e-05,6.13786663981791e-05,6.13786664106655e-05
"X161",0.00470634060372894,0.000125262576760207,0.00012526264405905,0.000888515414715189,0.000125262560654144,0.000125262525996526,0.00012526258446669,0.0625708321517283,0.000125262584475148,0.0070807827835345,0.000125262584394616,0.000125262584212501,0.0177506448899148
"X162",8.7683786742254e-05,0.00530705513804895,0.00419007655512177,8.76838108356102e-05,8.76838090976528e-05,8.76838046292956e-05,8.76838064814932e-05,0.0784840991302204,8.76838090785244e-05,8.76838091316651e-05,8.76838090942537e-05,8.76838090850102e-05,0.000478795793338825
"X163",8.76837989746715e-05,8.76838361246774e-05,8.76829385451917e-05,8.76838096740636e-05,8.76838090032361e-05,8.76870784321983e-05,8.76838091145384e-05,0.0966591466047098,0.00166293693654225,8.76838090366646e-05,8.76838091429722e-05,8.76838089394691e-05,8.76838090994785e-05
"X164",6.1441775029334e-05,6.17358526293003e-05,6.89144539740145e-05,6.13786711733937e-05,6.13786663800848e-05,6.11601803740891e-05,6.13786707072284e-05,0.0894784994156561,6.13786669950532e-05,6.14603487300835e-05,6.13786587991599e-05,6.13786658215233e-05,6.13786585848411e-05
"X165",0.000125262562014271,0.00897247577001709,0.000125262585269883,0.000125262583025021,0.000125262584441577,0.000125262583991067,0.000125262584519948,0.0652157261904885,0.000125262584364991,0.00619502959942395,0.000125262584465111,0.000125262584128424,0.00250378069859526
"X166",0.000125262583609978,0.00859393358777452,0.000125262597875494,0.000125262584622275,0.000125262463862878,0.000125262304867101,0.000125262584449443,0.00326083012227462,0.000125262584432227,0.0154307396985266,0.000125262584436398,0.0829641127983321,0.000125262584454649
"X167",4.29650671119806e-05,0.00929923329588516,4.29651456276658e-05,4.29650663683425e-05,4.29651175209107e-05,4.29652453135193e-05,4.29650665036825e-05,4.29650663876176e-05,0.106444277025424,0.0355444124219645,4.29650664660539e-05,4.29650665084046e-05,4.29650664685234e-05
"X168",0.000781499973264378,3.00755466548881e-05,3.00755454071149e-05,3.00755447040259e-05,3.00755465167732e-05,3.00755649405105e-05,0.0424790057122509,3.00755473675054e-05,3.00755465282376e-05,0.0233764557558845,0.000218695933019464,3.00755464801583e-05,0.0398271516404984
"X169",0.000125262581436127,0.0029828591931885,0.00842339464491669,0.000125262584783835,0.000125262549606618,0.000125262592559481,0.0229277249655593,0.00393806700538126,0.025441580698401,0.0530706891920435,0.000125262584446232,0.0222343166629902,0.000125262584459051
"X170",0.0161527535660582,0.00669310351973176,0.000125262585360792,0.000125262584345595,0.000125262584460875,0.000125262584547537,0.000125262581896065,0.00180203180299384,0.000125262584459331,0.000125262583769787,0.000125262584410771,0.00644534044600147,0.0932324679308794
"X171",8.76838099846082e-05,8.76838095754348e-05,0.0150915439498598,0.00181442613721066,0.0293099617997466,8.76832929442343e-05,8.76836588117083e-05,8.7683810615439e-05,0.00018816480912149,8.76838090717284e-05,8.76838091087207e-05,8.76838090635999e-05,0.0833509094814698
"X172",8.76837984977127e-05,8.76838077607239e-05,0.00938583368098213,0.00243475264532633,8.76751539520798e-05,8.76849672440759e-05,8.76838091144705e-05,8.76838091345033e-05,8.76838091039504e-05,8.76838091377757e-05,0.0555457556835771,8.76838091999965e-05,0.0735950422507906
"X173",3.00755456550881e-05,3.00755346512843e-05,3.00755461262223e-05,3.00755485355373e-05,0.0313557521107486,3.00755465314166e-05,3.0075547134257e-05,3.00755475734107e-05,0.0414406745480401,3.00755465104153e-05,0.00665550517353749,3.00755464493845e-05,0.0502789839956966
"X174",4.29650625861339e-05,4.29649555612353e-05,4.29649160901714e-05,4.29650651829289e-05,4.29659526355018e-05,0.0161599548617532,0.0798364802236241,4.2965064120502e-05,0.00504671755321789,4.29650663559327e-05,4.29650664821571e-05,0.00579017156538778,4.29650664918697e-05
"X175",2.10528789841328e-05,2.105288409952e-05,0.0176027716557416,2.10528828231992e-05,2.10528669472603e-05,2.10528648702854e-05,0.023410438252297,2.10528826339157e-05,0.0466212527899861,0.000278563568054923,2.10528825711695e-05,2.10528825646688e-05,2.10528825858763e-05
"X176",6.13786648757006e-05,0.029343084329309,0.0291270552796546,6.13786649378928e-05,6.13786432194926e-05,6.13786515435012e-05,0.00103774894828702,6.13786657942326e-05,6.13786664075273e-05,0.0261316902929105,6.13786664291341e-05,6.13786664001087e-05,6.13786663766857e-05
"X177",0.000125262586275319,0.0281981254129264,0.000125262584051143,0.00275601464312677,0.0351910689319416,0.00293937663963458,0.000125262411192694,0.000125262584381396,0.000125262584434009,0.000125262584584793,0.000125262584390121,0.000125262584507531,0.00708127206327597
"X178",4.29650663545652e-05,0.0732307762055158,4.29650648354244e-05,4.29650664080209e-05,0.0731811651782763,4.29650664755857e-05,4.29650664696235e-05,4.29650641777776e-05,4.29650661599875e-05,4.29650664675805e-05,4.29650664665137e-05,4.29650664612271e-05,4.29650665260667e-05
"X179",0.000125262657248715,0.000125262594772846,0.0307005915701262,0.000125262584729231,0.000125262584344766,0.000125262649143675,0.000125262408149586,0.000125262586709468,0.000125262584538917,0.0139064199191647,0.000125262584451172,0.0250737792844105,0.000125262585634088
"X180",6.13786769511966e-05,0.0679704517902075,0.0207219030653539,6.13786663325989e-05,0.0275215819559967,6.137866731138e-05,6.137866638194e-05,0.000389722054014229,6.13786663663606e-05,0.000136657798464736,6.1378666365994e-05,6.13786658922799e-05,6.13786663639279e-05
"X181",2.1052880702101e-05,2.10529624323763e-05,2.10528962263574e-05,2.10528820667477e-05,2.10527908970137e-05,2.10528825667981e-05,0.000158437814676797,2.1052883379148e-05,0.0324402924405438,0.0607943524321898,2.10528825821069e-05,2.10528825741082e-05,2.10528825694749e-05
"X182",8.76837954295992e-05,0.121679432231963,8.76838075407147e-05,0.000703659440456333,8.76837562282382e-05,8.76830920572082e-05,8.76838090917824e-05,0.00520685982773724,8.76838091526016e-05,8.76838091198453e-05,8.76838091678644e-05,8.76838091238235e-05,8.76838091182576e-05
"X183",8.76838074427669e-05,0.059712591940287,8.76838091852351e-05,8.76838115164508e-05,8.76838090923187e-05,8.76838077939619e-05,8.76838088893065e-05,0.0113473828793662,8.76838090853048e-05,8.76838090035869e-05,8.76838090710867e-05,0.0689280162074019,8.76838090607453e-05
"X184",8.768577502888e-05,0.0333572877139733,8.76838034046298e-05,8.7683809155325e-05,8.76838091281693e-05,8.76838091104457e-05,0.0262403487612369,0.0195036769446865,8.76838090955506e-05,8.768380910851e-05,8.76838091332169e-05,8.76838091312481e-05,0.0716442199113147
"X185",0.000985895168600092,0.0217235452080826,0.000125262667571897,0.00012526259765215,0.0473235762523275,0.000125262584433265,0.0363301850985607,0.00376096031585071,0.000125262584500462,0.00475737375662353,0.000125262584468769,0.00012526258454585,0.000125262584461352
"X186",0.000125262464759946,0.000125262548300479,0.000125262997093715,0.000925499214058,0.000125262592206944,0.00679437717457524,0.0001252625844961,0.0393849008461232,0.000125262584449392,0.0194623076460948,0.000125262584504965,0.00674318831641682,0.00012526258453115
"X187",6.13786651568626e-05,0.0155065367366384,0.00383429961063162,6.13786683823687e-05,6.13786663972447e-05,6.1378666364478e-05,6.13786663774717e-05,0.0276721149327002,0.0639044722090172,6.1378666437446e-05,6.1378666456443e-05,6.13786664209362e-05,6.13786661234878e-05
"X188",2.1052882746625e-05,2.10528825651162e-05,0.0144157082049327,2.10528785594401e-05,0.0267822217245569,2.10528831431392e-05,2.10528825679838e-05,2.10528810832945e-05,0.0242373135947075,0.0552687060451606,2.10528826369011e-05,2.1052882545549e-05,2.10528825544585e-05
"X189",0.00747111164698521,8.76838217194315e-05,8.76838034416654e-05,8.76838094947682e-05,8.76838091219786e-05,8.76838119838544e-05,8.76838597103326e-05,0.00218064824612437,0.114155683795378,8.7683809187286e-05,8.76838091061037e-05,0.00170354607415265,8.76838091385061e-05
"X190",0.000125262578073736,0.000125262581592545,0.00128178582532468,0.0235060070325246,0.000125262576359391,0.000125262639678845,0.000125262584445042,0.000125262584490781,0.0537634661320082,0.0168981143342355,0.000125262584398369,0.000125262584465193,0.000125262584467664
"X191",1.03159134831749e-05,1.06016356427128e-05,1.03159108775437e-05,1.03159099464435e-05,0.106327050209966,1.03159124567005e-05,1.03159124582579e-05,1.03159114641563e-05,1.0315912460729e-05,0.0151725639332855,1.03159124541393e-05,1.03159124629588e-05,0.0269004575015552
"X192",8.76838344810157e-05,8.76837750665826e-05,8.76839082331426e-05,0.00755510012507294,8.76838143603813e-05,8.7683805420071e-05,8.76838091295672e-05,8.76838094001927e-05,0.0319137980566132,8.76838090455522e-05,8.76838091111898e-05,0.0124560012862401,0.0519213433700667
"X193",0.000125262591425158,0.00012526259269354,0.00687954096129729,0.000268455199215522,0.000125262637772896,0.000125262611623124,0.000125262584451607,0.00469960833235681,0.0175011963618669,0.0182496611305646,0.000125262584499217,0.000125262584506942,0.0276626229394281
"X194",6.13786663803224e-05,6.13653754646077e-05,6.1378628016081e-05,6.13786665852014e-05,6.13786663856541e-05,0.0137598140214799,6.13786663708696e-05,6.13786664067423e-05,0.0177456945010782,6.13786664138185e-05,6.13786664405443e-05,0.0174961622426131,0.0464581221115935
"X195",5.05480035151037e-06,0.00273096616988731,0.0904877896550343,5.05479394333411e-06,5.05419949445828e-06,5.05479765371563e-06,5.05509492115646e-06,5.05479658362942e-06,5.05479728210768e-06,5.05479711245413e-06,0.00504055679596845,5.05479710170016e-06,0.00476781423132671
"X196",3.00755442118116e-05,3.00755642454701e-05,0.0224061611166999,3.00755416905307e-05,0.0271004940127848,3.00755465969198e-05,0.0553228484479164,3.00755456628333e-05,0.00658729805826056,3.00755466658969e-05,3.00755465400279e-05,3.00755464814241e-05,0.00794133349603052
"X197",6.13786306681925e-05,0.0123181755623968,0.0725720588791061,0.00225692331662208,6.13786751600515e-05,6.13786597089026e-05,6.13787244335681e-05,6.13786663844365e-05,6.1378704879586e-05,0.00931891345013652,6.13786664055778e-05,6.13786662590845e-05,6.13786663962253e-05
"X198",6.13786662022656e-05,6.13786664011774e-05,0.171192440019069,6.13786663239214e-05,6.13786675148046e-05,6.13786663827735e-05,6.13786639230448e-05,6.13786663289824e-05,6.13786643586641e-05,6.13786663941342e-05,6.13786663837988e-05,6.1378666381601e-05,6.13786663714299e-05
"X199",6.13786684296356e-05,6.13786620143178e-05,0.158601827038535,0.0116204361216673,6.13786663836687e-05,6.13786664752906e-05,6.13786663826753e-05,6.13786678255574e-05,6.13786671427694e-05,0.00284530543191775,6.13786663860414e-05,6.13786663929547e-05,6.13786663443e-05
"X200",0.000125262541064937,0.000125262585203941,0.000125262591286766,0.0048566346728851,0.000125262592931464,0.000125262583918953,0.000125262578283773,0.0113041458427188,0.000125262584458592,0.0120989307170933,0.0556240675371569,0.000125262584445451,0.0107849115124514
"X201",6.13787811703712e-05,6.13786907888135e-05,0.148062623281149,6.13786648063282e-05,6.13786661321533e-05,6.13796830528674e-05,6.13786663581584e-05,6.13786653120211e-05,6.13786663792338e-05,6.13786663932669e-05,6.1378666383168e-05,6.13786663857986e-05,6.13786664517412e-05
"X202",0.000125262612577986,0.000125262587511766,0.018713092093135,0.000125262583730271,0.000125262584439119,0.0743113741119353,0.000125262584452421,0.000125262583776538,0.000125262567979592,0.00458515227488126,0.000125262584452045,0.0123757441829081,0.000125262584653859
"X203",4.29651367189223e-05,0.0597266544929866,4.29650721283683e-05,4.29650649871013e-05,0.00800013163550698,4.29650548154193e-05,0.0497535234803798,4.29650597916039e-05,4.29650664743382e-05,4.29650664405964e-05,0.00383365821396322,0.000496059961544329,4.29650657418467e-05
"X204",6.13786676381806e-05,0.0714638860295057,0.0147634529200405,6.13786673342995e-05,6.1378657537251e-05,0.00983430540992589,6.1378666377552e-05,6.13786659489671e-05,6.13786664157558e-05,6.13786664327208e-05,6.1378666388919e-05,6.13786663530166e-05,6.13786663699369e-05
"X205",3.00755474961471e-05,0.0288416628806414,3.00755451965715e-05,3.00755456448187e-05,3.00755621910907e-05,0.0155321364832107,3.0075546750688e-05,3.00755449008426e-05,0.00697079382462135,3.0075546547815e-05,3.00755465021387e-05,0.0986471666935825,0.000267102875207886
"X206",6.13786315622333e-05,0.0314055711906,6.13786792958994e-05,6.13786816163424e-05,0.0143152276986504,6.13786663815739e-05,6.13786664030468e-05,6.13786663034668e-05,6.13786664005717e-05,0.040660913785859,6.13786663241792e-05,6.1378666289251e-05,6.13786664418838e-05
"X207",3.00755469996694e-05,0.0205924311621222,0.0174350699109034,3.00755465822417e-05,3.00755358177089e-05,0.0137004441837917,3.00755465250671e-05,3.00755432923793e-05,3.00755465034244e-05,3.00755465361632e-05,0.00728095907670977,0.029621622119625,0.0158120503270781
"X208",8.76837437049476e-05,0.0447962999493663,8.76838091186165e-05,8.76838091504903e-05,8.76838090251186e-05,8.76837631828984e-05,8.76838091096276e-05,0.000232557104445335,0.086320697255489,0.020274067098875,8.7683809207649e-05,8.76838091108094e-05,8.76838090797806e-05
"X209",7.22113852703498e-06,7.2205239219691e-06,0.0274560389294198,7.22113408776175e-06,7.2211280198404e-06,7.22085282869344e-06,7.22114097733985e-06,7.22113704470965e-06,0.0649480436355581,7.22113872243684e-06,0.0183518889997351,0.0124188663595665,7.22113872055254e-06
"X210",3.00755465529753e-05,3.00755465237988e-05,0.039586847987885,3.00755465329283e-05,0.00513558508326797,0.0489364583577864,3.0075546531601e-05,0.00104751522982501,0.011768958843565,3.00755466287538e-05,3.00755465214193e-05,3.00755465897122e-05,0.0114154509337442
"X211",8.76837879370445e-05,8.76838492363423e-05,0.0898851152664249,8.76838081615029e-05,0.00803614722455458,8.76838091193095e-05,8.76838091710688e-05,0.000220032494404703,8.76838091370321e-05,8.76838090545536e-05,8.76838091007798e-05,8.76838089357476e-05,8.76838091662486e-05
"X212",6.13786366812488e-05,6.13788711758307e-05,6.13795401269933e-05,6.13786664508243e-05,0.000273413133894821,0.0197657595438011,6.13786664537976e-05,6.13786662172013e-05,0.025139832799076,0.00365493612571818,6.1378666371824e-05,0.00662658500084233,0.0241080620126352
"X213",0.00664530400673417,6.13786488798964e-05,0.0775614066540352,6.13786660660348e-05,6.13786663719615e-05,6.13786663842467e-05,0.0502785968268946,6.13786719298251e-05,6.1378666456162e-05,6.13786664887302e-05,6.13786663872803e-05,6.13786663938434e-05,6.13786661211174e-05
"X214",6.13786587637716e-05,6.13786777520681e-05,0.0843015599722782,0.00218055531455179,6.1378666382203e-05,6.13786755713309e-05,6.13786610627344e-05,6.13786651888381e-05,6.13786663844133e-05,0.00518404521194667,6.13786663947327e-05,0.00871780895411517,6.13786662802556e-05
"X215",0.00907339428915774,6.1377440481779e-05,0.120689013840722,6.13786695927954e-05,6.13784738938975e-05,6.13785154508715e-05,6.13779509378524e-05,6.13786664423278e-05,6.13786663787445e-05,6.1378666384566e-05,6.13786659765364e-05,6.13786663708652e-05,6.13786663769648e-05
"X216",6.13786707031652e-05,6.13787165010493e-05,0.158805955086239,6.1378666356883e-05,6.13786663898334e-05,6.13786649936207e-05,6.13786663763239e-05,6.13786660191868e-05,6.13786663932875e-05,6.13786663827794e-05,6.13786662032227e-05,6.13786663784969e-05,6.13786662767989e-05
