cell_ID,Amnioserosa,CNS,Epidermis,Fat body,Foregut,Hemolymph cells,Midgut,Salivary gland body,Somatic muscle,Stomatogastric nervous system,Trachea,Visceral branch,Visceral muscle
X0,0,0.0319152106564386,0,0,0,0,0.0647461111538532,0,0.389039357140852,0.0333062584876365,0,0.332135219655571,0.148857842905649
X1,0,0,0.0476901214596609,0,0,0,0.228145751593097,0,0,0,0,0.482776084631495,0.241388042315747
X2,0,0.156994056963137,0.0595527486116529,0.0266180280342694,0,0,0.086202910213966,0.0466644574209181,0.146536461158859,0,0,0,0.477431337597198
X3,0,0.144140666596786,0.600573908982852,0,0,0,0,0.0917450850201297,0,0,0,0,0.163540339400232
X4,0.121663923598595,0.0466317107100576,0.12052675463651,0,0,0,0.0649862072331028,0,0.170883280916606,0.475308122905129,0,0,0
X5,0.162358723858632,0,0.0696192101485077,0,0,0,0.0735783495659635,0.0400541066876479,0.654389609739249,0,0,0,0
X6,0,0,0.03507206794093,0,0,0,0.371242180636428,0,0.0490732029599915,0,0,0.544612548462651,0
X7,0.228587485612253,0.0273789570411169,0.227525376022344,0,0,0,0,0.0211037663817625,0,0,0,0,0.495404414942524
X8,0.114736075678995,0.043190943750714,0.0914319058365211,0,0,0,0.0700038309918061,0,0.0368401280023191,0,0,0.643797115739645,0
X9,0.102165341079126,0.166276748669143,0.0784546268141314,0.0281014125422255,0,0.0219357443074393,0.261010832776175,0.0322349581562725,0.0244424028096074,0.1602714635006,0,0,0.125106469345281
X10,0.270244263508512,0,0.133456698741673,0,0,0,0,0,0,0,0,0,0.596299037749815
X11,0,0,0.0541667073067912,0.0289130201229112,0,0,0.0573180178945816,0.0227479098996052,0.0851881446555253,0,0,0.600575751933255,0.151090448187331
X12,0.168283778963327,0,0.0604570864106538,0,0,0,0.0739693999479563,0,0.137394798157877,0.559894936520187,0,0,0
X13,0.0519727498004993,0.0617057651338493,0.214960378172571,0.0623596268721082,0,0,0.167986778928631,0.0464944340561078,0.394520267036234,0,0,0,0
X14,0.0350690621833859,0.0480751902396439,0,0,0,0,0.211144571723382,0,0.291185417304297,0,0,0,0.414525758549291
X15,0,0,0,0,0,0,0.0953275952529106,0,0.0687969171391063,0,0,0.811848057712069,0.0240274298959145
X16,0.03093940828491,0.0536008971983593,0.0713980946855551,0,0,0,0.0879008319020224,0.0215026145180415,0.0702091164858237,0,0,0,0.664449036925288
X17,0,0.0694897191068083,0.0782006198037186,0,0,0,0.205317415307436,0,0.531883317319083,0,0,0,0.115108928462953
X18,0,0.0756392707254823,0.0704339397268298,0,0,0,0.0947509892835857,0,0.182124692508723,0.438293038655652,0,0,0.138758069099727
X19,0,0.175082179848894,0.0366864361627478,0.0268080855267217,0,0,0.131544345886794,0.0341749253700759,0.400626365760853,0,0,0,0.195077661443914
X20,0,0.0500569853141558,0.0405155988308322,0,0,0.0343475875964215,0.0613351046301057,0,0.058422995955406,0.0622019645102374,0,0.693119763162841,0
X21,0.0250936050326739,0.141902239861728,0.0483389778524464,0.0448386629265256,0,0.101600165276856,0.334232143411203,0.0414170574089272,0.0239775499354174,0.132811328940154,0,0,0.105788269354068
X22,0.107801736075436,0.0951221156218374,0.122785865648881,0.0326055678484209,0,0,0.188965656358257,0.0539025679245679,0.110089602087859,0.17602546686334,0,0,0.1127014215714
X23,0,0.333127408883082,0.144486955174842,0,0,0,0,0.144354362206874,0,0,0,0.30062886439408,0.0774024093411232
X24,0,0.0297309367302658,0.0605023975583344,0,0,0,0.0369149085295881,0,0.205934437151047,0,0,0.532653113607224,0.134264206423541
X25,0,0.031172855127427,0.0572250190100082,0,0,0,0.474876190351802,0.0306253292120677,0.166530869676772,0,0,0.0350964167212973,0.204473319900626
X26,0.314892654979119,0.0428946732831093,0.0486997913637726,0.0652410031354612,0,0,0.117832778571977,0,0.0803259534979582,0.060735550438848,0,0,0.269377594729755
X27,0.309747589888998,0.0356649949135899,0.0284533854608119,0.0925526012760376,0,0,0.133056788931784,0.0427510261061227,0,0.0567664504179421,0,0,0.301007163004713
X28,0.321949080407938,0,0.0377397007446649,0.0481209250422217,0,0.0332154283651884,0,0,0.253350379366021,0,0,0.305624486073966,0
X29,0.275909418003557,0.0452234114123257,0.0571980766876802,0.0572721504704267,0,0.0682332604808395,0.157913099215626,0.046282068962609,0.0910840717354925,0.0506937916335111,0,0,0.150190651397932
X30,0.324868535872751,0.063421762600441,0.194998079999741,0,0,0,0,0.0379398237058591,0,0,0,0,0.378771797821208
X31,0.0438596529710345,0.0544626153577641,0.0528846839155482,0.034967638513519,0,0.0314223372882429,0.0320066248931561,0,0.0192403823926963,0.213828959861303,0,0.517327104806736,0
X32,0,0,0.0709831871766153,0.0495729187258625,0,0.0260977047582815,0.151863134679798,0,0.701483054659442,0,0,0,0
X33,0.0295969556014021,0,0.0315562280657507,0,0,0,0.0570149888461243,0,0,0,0,0.881831827486723,0
X34,0.551237573433613,0.0512070804783086,0.063863747887817,0.0270716937211489,0,0.0514848875578255,0.0530766614294963,0.0419488225413939,0.134962255987928,0.0251472769624687,0,0,0
X35,0.37929930769291,0.143543510630293,0.071080492398427,0,0,0.217998762489499,0.163713924245302,0.0243640025435685,0,0,0,0,0
X36,0.0672731807760443,0.0378837450289585,0.0262608220979378,0,0,0.0335016722683905,0.0561911756336635,0,0.131877585073777,0,0,0.647011819121229,0
X37,0.174422838163596,0.126448717265209,0.481237779498852,0,0,0,0,0.0552059073097268,0,0,0,0.11916515239833,0.0435196053642859
X38,0.354222097723353,0.0665169909261567,0.107302583948147,0,0,0,0.145740895721272,0.0363001877718563,0.123619788710373,0,0,0,0.166297455198842
X39,0,0.0475829906362019,0.0739724921322099,0,0,0.0605784490813225,0.125186399173597,0.0363016178191858,0.163526918252162,0,0,0,0.492851132905321
X40,0,0.0316177457707535,0.0415316387111399,0,0,0,0.119057354560709,0,0.140887549110743,0.180145459996467,0,0,0.486760251850187
X41,0,0.0346944206645278,0,0,0,0,0.0720273781129098,0,0.169606464977998,0,0,0.723671736244564,0
X42,0,0.106004866944979,0.0450686805149811,0,0,0,0.392567418162608,0.0316970343881492,0,0,0,0.424661999989283,0
X43,0,0.0781611537475324,0,0,0,0.0809958294470303,0.0977263949321065,0,0.0303533227394648,0,0,0.712763299133866,0
X44,0.201351163515878,0.209980064314247,0.0377250442985554,0,0,0.097180788965775,0.0991553125165046,0.0395683580274336,0.0287598261352726,0.286279442226333,0,0,0
X45,0.101236133067891,0.0529477881423498,0,0,0,0,0.0647363260923944,0,0.297287847555615,0,0,0.483791905141749,0
X46,0.0264690023007773,0.0521909025637066,0,0,0,0,0.198607638257527,0,0.171573617463419,0.032068252928405,0,0.448943689023739,0.0701468974624263
X47,0,0.0477258778068224,0.0940369869134839,0,0,0.048991890487851,0.0777553829700704,0,0.687995369243051,0.0434944925787216,0,0,0
X48,0,0.103599619385738,0.0944691533792935,0.0268558678486434,0,0.0249288375506988,0.141073281365528,0.0395492885985507,0.0688236937357076,0.0229320709185089,0,0,0.477768187217331
X49,0.096717083731933,0,0,0,0,0,0.0249576199912359,0,0.0295844178440545,0.0062883818177356,0,0.756177913582702,0.0862745830323391
X50,0.185266486886532,0.0359444041927803,0.0238127697801672,0.0745756913724951,0,0.0733048084550424,0.0401222869083716,0.0211402708607573,0.545833281543854,0,0,0,0
X51,0.287878014652846,0.105060054552678,0.178900004831667,0.0552092562073664,0,0,0.104439513845176,0.0704357812560974,0.054176744300545,0.143900630353625,0,0,0
X52,0.473368187515537,0.0725167781251394,0.0696492006307114,0.0380184273525102,0,0,0.119722472241919,0.0333412106041534,0.0586611532472709,0,0,0,0.134722570282758
X53,0,0,0,0.027027027027027,0,0,0,0,0,0,0,0.972972972972973,0
X54,0,0.0251031967674731,0.0650510083035255,0,0,0.0832536328355522,0,0.0425030775674857,0,0,0,0.563124369915501,0.220964714610462
X55,0.0613943531350817,0.0453687166291253,0.0990670403567209,0,0,0,0,0,0,0,0,0.591980532169424,0.202189357709648
X56,0,0.046289106784381,0.0338164203838069,0,0,0,0.350321903721174,0,0.543177387546616,0,0,0,0.026395181564022
X57,0,0,0,0,0,0,0.133156913454021,0,0,0,0,0.648824201599808,0.218018884946172
X58,0,0,0,0,0,0,0.0500653797566543,0,0,0,0,0.744265419649387,0.205669200593958
X59,0.131195960302382,0.0241610674731442,0.0613661348150845,0,0,0,0.114272919520106,0.0222419566251844,0,0.025516392354202,0,0.621245568909897,0
X60,0.733895619713873,0.0383478371250053,0.227756543161121,0,0,0,0,0,0,0,0,0,0
X61,0.321414424758553,0.039935867484227,0.100308158937316,0,0,0,0.088363955699287,0.0314754325547946,0.0830142584441976,0,0,0,0.335487902121625
X62,0.254640922116729,0.0913242521987503,0.137447818426542,0,0,0,0,0.0324198981191369,0,0,0,0,0.484167109138841
X63,0.203422979104431,0.152135763905664,0.0569103971633537,0,0,0.0949191443449153,0.0583435542034758,0.0320166606796099,0.40225150059855,0,0,0,0
X64,0.0290419397459129,0.0415035689325867,0.0262490943052942,0,0,0.0813712371506547,0.0571287335383701,0,0.114097453843981,0,0,0.650607972483201,0
X65,0,0.121044963250193,0,0,0,0,0.318120838015326,0,0.0470743204969982,0,0,0.513759878237483,0
X66,0,0.0494376896071855,0,0,0,0.129553932223766,0.0772003178069751,0,0.0286703544868862,0,0,0.715137705875187,0
X67,0.224212921245455,0.0612913692612252,0.0474403735906826,0,0,0.032355827351872,0.144808920099624,0.0340596960980368,0.0442165553586429,0.381885936745376,0,0,0.0297284002490856
X68,0,0,0,0,0,0,0.220332538188053,0,0.179385242971066,0,0,0.331488283495057,0.268793935345824
X69,0,0,0.0430908226938102,0,0,0.0219482170973747,0.107486044768494,0.0224796073822109,0.20313974438916,0.531993861034707,0,0,0.0698617026342432
X70,0,0,0.0320443260254422,0.02275911284592,0,0,0.115158564070198,0,0.657477497506298,0,0,0,0.172560499552142
X71,0.0564580911716333,0.0270667059684632,0.0243049429728001,0.0370628652805145,0,0.0509478895818584,0.369993674883296,0.028404755906603,0.0391245590189489,0,0,0,0.366636515215883
X72,0.701357099907909,0.0369071310741461,0.229956700140237,0,0,0,0,0.0317790688777078,0,0,0,0,0
X73,0.284944187975508,0.0432657970005921,0.122899894084723,0.15793493081533,0,0,0.205353409967149,0.0315668270874043,0.0980634912813915,0.0272081686022429,0,0,0.0287632931856602
X74,0.619878067294097,0,0.105694000457253,0.0723649532823831,0,0,0.157359071873722,0.044703907092545,0,0,0,0,0
X75,0,0.0703758827908141,0.0669296185082533,0,0,0,0.666577497467299,0,0.0318147829118126,0,0,0,0.164302218321821
X76,0,0.0253963520263504,0.0312967845468966,0,0,0,0.152163754332435,0,0.0756986143522618,0,0,0.715444494742056,0
X77,0,0.0644441143874887,0.0507086825139778,0,0,0,0.590967864460162,0.025828840181643,0.0634218381929859,0,0,0,0.204628660263743
X78,0,0.0810922437287858,0.309979430258046,0.0271335610481514,0,0,0.501886697491845,0.0799080674731718,0,0,0,0,0
X79,0.164869424369633,0,0.104762875241347,0,0,0,0,0,0,0,0,0.73036770038902,0
X80,0,0,0.0464466862302273,0,0,0,0.493573682387688,0.0218406484108821,0,0,0,0.438138982971203,0
X81,0,0.0736521186103905,0.0341798697793549,0,0,0,0.654718984149137,0.024294282343708,0.161370840400682,0,0,0,0.0517839047167279
X82,0,0.0517714780790902,0.0285108314606042,0,0,0,0.795306189245745,0.0235000924587284,0.100911408755832,0,0,0,0
X83,0,0.0285988187293824,0.053073654179816,0,0,0.0338310805878121,0,0,0.0594280260914864,0.629453870292831,0,0,0.195614550118672
X84,0,0.0957547637754889,0.379046682327065,0.0375836860114359,0,0,0.0680899849930418,0.128331065971271,0.291193816921697,0,0,0,0
X85,0,0,0.0660621390450368,0,0,0.0359925551493086,0.0250125095862077,0,0.268830020675693,0,0,0.604102775543753,0
X86,0,0,0,0,0,0.146462458379259,0.128489677965399,0,0.725047863655342,0,0,0,0
X87,0.121765278194567,0.045251849687611,0.0654110998565853,0,0,0,0.168367256590065,0,0.599204515671172,0,0,0,0
X88,0,0.0552624452120806,0.169392664552107,0,0,0,0,0.0302955862924375,0,0,0,0,0.745049303943375
X89,0,0.0511332778144544,0.0452191839186555,0.0202112809772776,0,0.0879477967546941,0.258993438155508,0.0467752792947533,0,0,0,0,0.489719743084657
X90,0,0,0.0260253426170949,0,0,0,0.238980530385081,0.0211789625885175,0.559332768938872,0.154482395470435,0,0,0
X91,0.0927785321592382,0,0,0,0,0.0279969219691204,0.156160144504538,0,0.429096720691338,0,0,0.293967680675765,0
X92,0,0.035302280188148,0.11551845654714,0.0701938711098806,0,0.0316866373379796,0.124728985070928,0.0246611758248791,0,0,0,0.597908593921044,0
X93,0.0890594946200083,0.0399108793009844,0.158791282286474,0.15849679972639,0,0,0.179106944150355,0.0217305973089601,0.0856065991738575,0.0242849181329998,0,0,0.243012485299971
X94,0.211986904492157,0.0478934147749828,0.0292197916178862,0.0655546017478515,0,0,0.0911585934619269,0.034377489691604,0.471577318417793,0.0482318857957987,0,0,0
X95,0.0845888742451328,0,0,0.0900623234575473,0,0,0.11050003361617,0,0.71484876868115,0,0,0,0
X96,0.371946363686788,0.0506381328408872,0.12329206132684,0,0,0,0,0.0238000439321781,0,0,0,0,0.430323398213307
X97,0.0466802002961276,0,0.0231546977638338,0,0,0,0.03478506130341,0,0.073899156590407,0,0,0.821480884046222,0
X98,0.0837004807456256,0.0248165159709872,0.0372310699159283,0.0901893415824567,0,0,0.242328091835352,0.0273228668314508,0.352157548628555,0.142254084489644,0,0,0
X99,0,0,0.0489497706976745,0,0,0,0.302454163536273,0,0.384760696912804,0,0,0.263835368853248,0
X100,0,0.0267581380140012,0.0332088183421822,0.00890629280570338,0,0,0.0908292577755811,0,0.459130900712541,0,0,0.368107946371025,0.0130586459789659
X101,0,0,0.0279511217277493,0,0,0.041676498879178,0.246276119903846,0,0.684096259489226,0,0,0,0
X102,0,0.077494805097707,0.0854320180192581,0.0265780181663705,0,0,0.27918351628429,0.0213538816734242,0.24895015138745,0.106545380144488,0,0,0.154462229227013
X103,0.0504309255670737,0.0403793220070266,0.0300314792913203,0,0,0,0.120286361048747,0.0224793512771077,0.447206299777944,0.28918626103078,0,0,0
X104,0.0851054708914258,0,0.0311886076132989,0,0,0,0.0351531672611365,0,0,0,0,0.848552754234139,0
X105,0,0.0392735395258762,0.0443253946302209,0,0,0,0.0989796241658419,0,0.256528540424269,0,0,0.560892901253792,0
X106,0,0.367845630317092,0.403320804331013,0,0,0,0,0.228833565351895,0,0,0,0,0
X107,0,0.0236426324279481,0.0284508258243344,0,0,0.0185362591444368,0.145034191739819,0,0.313570421657451,0.0266859613759316,0,0.444079707830079,0
X108,0.1900898341168,0.0396785921025713,0.0788825452815897,0,0,0,0,0,0,0,0,0.691349028499039,0
X109,0.0262463036773154,0.0862184407035484,0.13551413308946,0,0,0,0.260243155739564,0.0490274051307261,0.138720204814654,0.0332584304882919,0,0,0.27077192635644
X110,0,0.0221402063517777,0,0,0,0,0.0597275395701672,0,0.0633150554412584,0.0266599488050896,0,0.757810688444148,0.0703465613875591
X111,0,0.0512005908423148,0.145749913402204,0.039324794175535,0,0.161124327720477,0.19564409138072,0.0907714816294515,0,0.13475679280854,0,0,0.181428008040758
X112,0.0898411042961252,0,0,0,0,0,0.0315383553579459,0,0.0187387341936687,5.44782128517839e-18,0,0.812973914365917,0.046907891786343
X113,0.0557501654711193,0,0.0352988887693235,0,0,0,0.123533985541494,0,0.0803665431701426,0,0,0.705050417047921,0
X114,0,0.0365301000468802,0.0844790434055148,0,0,0,0.48404462430122,0,0.394946232246385,0,0,0,0
X115,0.250864179094512,0.0382577332270501,0,0,0,0,0.45145268898916,0.0257003695166626,0.233725029172616,0,0,0,0
X116,0,0.0370301593119421,0.0505016409105926,0.0663378559995905,0,0,0.266711750567653,0,0.382049703128462,0,0,0,0.197368890081759
X117,0,0.12246772837314,0.0431502639282393,0.0608370770979005,0,0,0.428312582739701,0.0589360965544837,0.286296251306535,0,0,0,0
X118,0.331389171339855,0.118375038515939,0.029841670618234,0.134752738778992,0,0,0.213539981977509,0.0576706999405993,0.0235905614282222,0,0,0,0.0908401374006497
X119,0.46442493822491,0.0453128193155213,0,0.186256766985895,0,0.0691441911159398,0.0275232369014451,0.0346074141731363,0.0663527052084119,0.10637792807474,0,0,0
X120,0,0.0203257476014444,0.0232653249955332,0.036009838086606,0,0,0.0647155910958185,0,0.368278084612433,0.112865270021343,0,0.374540143586822,0
X121,0.144784968584579,0.030464980214361,0.0615957776874174,0.0390657262090546,0,0.0716065973626492,0.110047152048906,0.0314136873191112,0.0562506498153848,0.454770460758537,0,0,0
X122,0,0.155280222511598,0.0676781207765196,0.0547165241820741,0,0.193580741534939,0.371083200675786,0.0557242225987499,0.0683929988772461,0,0,0,0.0335439688430873
X123,0,0,0,0,0,0,0,0,0.348178137651822,0,0,0.651821862348178,0
X124,0.146874387674542,0.0757971679280238,0.158226292685546,0,0,0,0,0.0315895985211777,0,0,0,0,0.587512553190711
X125,0,0,0,0,0,0,0.303625222492092,0,0.219519678516157,0,0,0.476855098991751,0
X126,0,0.0271181211248294,0.0349042077953413,0,0,0,0.0426189158605346,0,0.265298936891123,0.164669513180609,0,0.465390305147563,0
X127,0,0.0545742633160433,0.0225570504212847,0,0,0,0.304828899615744,0,0.0228966340155457,0,0,0.509827571809903,0.085315580821479
X128,0,0,0.0268826109628539,0,0,0,0,0,0.378650961626944,0,0,0.594466427410202,0
X129,0,0.0544979901390919,0.0539159996434546,0,0,0,0.143802421405026,0.021319511109486,0,0,0,0.726464077702941,0
X130,0,0,0.0401712268295048,0,0,0,0.0441481677796816,0,0.0419352663730215,0.390469643873911,0,0.483275695143881,0
X131,0,0.0370950495241315,0.048438015769982,0,0,0,0.190749817563119,0.0272865121113059,0,0,0,0,0.696430605031461
X132,0,0,0.0501990385130262,0,0,0,0.0296870516737538,0,0.0592026010270352,0.546561847220513,0,0.314349461565672,0
X133,0,0.0611569849680836,0.0451025937852846,0,0,0,0.159471557725008,0,0.667316505895844,0.0493246859993003,0,0,0.0176276716264798
X134,0,0.0379732390809196,0.0514260669129642,0,0,0.0494170551081888,0.147207466855791,0,0.0403454138996738,0,0,0.626406198876181,0.0472245592662812
X135,0.059072323887362,0.0748064642347879,0.0671580033981111,0,0,0.023547739246728,0.176311017170408,0.0264913262639209,0.110286424318681,0.319454076244334,0,0,0.142872625235667
X136,0.108517864274523,0,0.0345796484998031,0,0,0.0878042471673217,0.113115137894545,0,0.537362618673311,0,0,0,0.118620483490497
X137,0,0,0.0232718704680519,0,0,0,0.0491955475260299,0,0,0,0,0.927532582005918,0
X138,0,0.0629322876963653,0.103934261348296,0,0,0,0.591814614520924,0.202115466893763,0.0392033695406525,0,0,0,0
X139,0,0,0.0345774240182299,0,0,0.0318469581911261,0.106944425509362,0.0385648955453026,0.0636653774657611,0.0225190578053663,0,0.633018890181927,0.068862971282925
X140,0,0,0.0276363987011335,0,0,0,0.232471564151575,0,0.0477158601167115,0,0,0.69217617703058,0
X141,0.0380177175646191,0.0843960901595878,0.0496140006392608,0,0,0,0.330325629701786,0.0256940331512366,0.26557611084523,0.032249837228345,0,0,0.174126580709935
X142,0,0.0593003498809087,0.0283054375583606,0.0280143372764588,0,0.0538642957258273,0.12285712022195,0.034303083729,0.630065312950024,0.0432900626574704,0,0,0
X143,0.0729710382484052,0.278762740624166,0.53430816211371,0,0,0,0,0.113958059013719,0,0,0,0,0
X144,0.0380408417034852,0.0328109759537941,0,0.0231263638814404,0,0,0.229751183406626,0,0.646123111961117,0,0,0.0301475230935372,0
X145,0,0.0309506512094916,0.0919145714291918,0,0,0,0.756073416286304,0.0229418833151555,0,0,0,0,0.0981194777598567
X146,0,0.134613009182175,0.0324159765764791,0,0,0.0656582552922452,0.578746798495565,0.0499046026304951,0.0399918994599444,0,0,0,0.0986694583630961
X147,0,0,0,0,0,0.0346165347267033,0.0511744193105247,0,0.424632340542254,0,0,0.489576705420518,0
X148,0,0.117729683664934,0.0527316822766435,0,0,0,0.684707074638245,0.0265644029691283,0.0659015357324964,0,0,0,0.0523656207185532
X149,0.324930514244262,0.0815178088980126,0.438429588383696,0,0,0,0,0.0786199026801671,0,0,0,0,0.0765021857938629
X150,0,0.0352393670697845,0,0,0,0.044222293142446,0.185480459304955,0,0.421448278770525,0,0,0,0.31360960171229
X151,0.248137155249671,0.0499987507515018,0.0286873753366857,0,0,0.0350737541702749,0.157346898721486,0,0.427765077491374,0,0,0,0.0529909882790069
X152,0,0.0970248832157198,0.0321214242900402,0,0,0.0419604676353754,0.0963293578874367,0.0370978498692437,0.307023039632029,0,0,0,0.388442977470155
X153,0,0.256172663557654,0.547786233768139,0,0,0,0,0.0968462226538009,0,0,0,0,0.0991948800204062
X154,0,0.0218256249558412,0.0287405038175001,0,0,0,0.0812623902850277,0,0.505183681346023,0,0,0.362987799595609,0
X155,0,0.0279378413605851,0,0,0,0,0.0639372962319731,0,0,0,0,0.908124862407442,0
X156,0,0,0.0411203429405938,0,0,0,0.252369603332685,0,0.435119875494155,0,0,0,0.271390178232565
X157,0.0575736677562611,0.0324938068830222,0.0214176397801278,0,0,0,0,0,0.210456749748743,0.188912198827988,0,0.489145937003857,0
X158,0.150215974131927,0.336254286402267,0.43849440347431,0,0,0,0,0.0750353359914972,0,0,0,0,0
X159,0,0,0,0,0,0,0.119964577885598,0,0.295057850823435,0,0,0.584977571290967,0
X160,0,0.0227998824301339,0,0,0,0,0.321814349986117,0,0.194174426671447,0,0,0.461211340912302,0
X161,0,0,0,0,0,0,0.183402230670986,0.0247101985410265,0.308866829431204,0,0,0.483020741356784,0
X162,0,0,0.0397900077256245,0.116268327821188,0,0,0.0739415723188099,0.16131540245248,0.0871879550375602,0,0,0.521496734644338,0
X163,0,0,0,0.100208277400056,0,0,0.0592828697460885,0.130486343951682,0.193546727510371,0,0,0.516475781391802,0
X164,0,0,0.0415877842580906,0.117627602275558,0,0,0.150883143159039,0.177433227987825,0.512468242319488,0,0,0,0
X165,0,0.024219548919577,0,0,0,0,0.310312627609954,0.0418399484847746,0.53276260427589,0,0,0,0.0908652707098042
X166,0,0.0903441634129074,0.0665452022374619,0,0,0,0.353426839612105,0.0719846739382658,0.378736794819318,0.0389623259799415,0,0,0
X167,0,0.0602620451401706,0.0265318814167449,0,0,0,0.0588450576799067,0,0.38918030184249,0.0846851469451284,0,0,0.380495566975559
X168,0.416746520850401,0.104485148928415,0.0217086165501444,0,0,0,0.234762070089989,0.0649897962806785,0.118654515228656,0.0386533320717165,0,0,0
X169,0,0,0,0,0,0,0.0548638260868154,0,0.336782555978117,0,0,0.608353617935067,0
X170,0.284659327968958,0.0398518989664577,0.0365140306918546,0,0,0.0699812220734761,0.225888416270463,0.0242672898397291,0.318837814189062,0,0,0,0
X171,0.208233266355699,0,0.0328886167932365,0,0,0.0958269941437455,0.207030228760663,0.0274414528221275,0.208430964625476,0,0,0,0.220148476499052
X172,0.0327844030882643,0.222897343156825,0.570235048470988,0,0,0,0,0.112800692477256,0,0,0,0,0.061282512806667
X173,0.210551307991753,0.0306324377539067,0.0250639422650399,0,0,0,0.0900210460487888,0.0290299736879188,0,0,0,0,0.614701292252593
X174,0,0,0,0,0,0,0.203801267747378,0,0.178905201546216,0,0,0.617293530706406,0
X175,0,0.0469488263080209,0.0289585933335609,0,0,0,0.47954238517034,0,0.444550195188078,0,0,0,0
X176,0,0.0773305882354048,0.094930338375614,0,0,0,0.563754167381854,0.0228727060452937,0.0392870213897723,0,0,0,0.201825178572061
X177,0,0.118610515543976,0.090451094385601,0,0,0,0.781236285351785,0,0,0,0,0,0.00970210471863812
X178,0,0.0569920363215483,0,0,0,0,0.0708958077240903,0,0.114415901854082,0,0,0.678092798007093,0.0796034560931866
X179,0,0,0.0579263700342001,0,0,0,0.0431102166466373,0,0.213174100287149,0,0,0.685789313032014,0
X180,0.246553834722185,0.136934637669849,0.124676681376286,0.0402025201369602,0,0,0.351159860395057,0.0232305168041742,0,0,0,0,0.0772419488954881
X181,0.267379718320927,0.0517300720641401,0.0542051610777879,0,0,0,0.290772328529661,0,0.0410648749736062,0,0,0,0.294847845033878
X182,0,0.133580998040167,0.0472633380427087,0,0,0,0.567599549087439,0.0473698604237245,0.168733336679932,0,0,0,0.0354529177260285
X183,0,0.0267518297832079,0.137009442131048,0,0,0,0.133389925023889,0,0.702848803061855,0,0,0,0
X184,0.0248617615940459,0.0659832884488208,0.0455863970329468,0.0324878384673171,0,0.0589184236637959,0.142211684419126,0.0615902864532084,0.191484270840061,0.23730893144834,0,0,0.139567117632338
X185,0.198082532296399,0,0,0,0,0,0.0841136728976961,0.0208004489664656,0.644668797780283,0,0,0,0.0523345480591556
X186,0,0.0301123262943977,0.043488264548147,0,0,0,0.652053977183792,0.110778943667333,0.163566488306331,0,0,0,0
X187,0,0.0561112983183271,0.0648841854767526,0,0,0.0325719772510641,0.0449637530441342,0.0276767054005534,0.643066681440263,0,0,0,0.130725399068906
X188,0,0.0336228371419195,0.0486122982801466,0,0,0,0.125885179619447,0,0.135473967664209,0,0,0.656405717294278,0
X189,0.0239846943433976,0.0697712932939755,0.0527064682725901,0.0219973827094011,0,0.0253868307479026,0.267586059185951,0.0405631127138444,0.245601596617612,0,0,0,0.252402562115325
X190,0.0915533002505749,0.0443532272203083,0.0265091436367413,0.0360410596123199,0,0,0.426998112184309,0.0219854449530923,0.0578953371398509,0.166798111686002,0,0,0.127866263316802
X191,0.267189314283122,0.065976904186001,0.090045393188834,0,0,0,0.313982986214908,0.042709029265922,0.189440670587598,0.0306557022736147,0,0,0
X192,0,0,0,0,0,0,0.144933288881689,0,0.287384948451984,0,0,0.441293717320888,0.126388045345439
X193,0,0,0,0,0,0,0.205468875787833,0,0.401212678186908,0,0,0.393318446025259,0
X194,0,0.0211898389249248,0.0561527766445667,0,0,0,0.282362610221052,0,0.0529691594046353,0,0,0.438027963502184,0.149297651302637
X195,0.0348271948097956,0.0676952042545738,0.144329552615176,0,0,0,0.655881795075007,0.0685017747378866,0,0,0,0.0287644785075609,0
X196,0.227731626758305,0.0767149107336318,0.528657350439234,0,0,0,0,0.0635678512719409,0,0,0,0,0.103328260796889
X197,0,0.0271622726919238,0.111064829541392,0,0,0,0.546996373815233,0,0.314776523951451,0,0,0,0
X198,0,0.0663725310737845,0.152181157436571,0,0,0,0.736879852677858,0.0445664588117865,0,0,0,0,0
X199,0,0,0.0491810059563203,0,0,0,0.0748572964923891,0,0,0,0,0.875961697551291,0
X200,0,0.0529001904722955,0.0238540909321275,0,0,0,0.549463045048838,0.0394110516584723,0.0827645781633812,0,0,0,0.251607043724885
X201,0,0,0.134817073148994,0,0,0,0.442745557932603,0,0.108106389406442,0,0,0,0.314330979511962
X202,0.0981370438217887,0.0283472451031278,0,0,0,0,0.0253730459892146,0,0,0,0,0.413924561070119,0.43421810401575
X203,0,0.108386715053395,0.0438135051809056,0,0,0.082796075756141,0.141197080527976,0,0.623806623481583,0,0,0,0
X204,0,0.0246597317743861,0.060900749742914,0,0,0,0.246950616163446,0,0,0,0,0.667488902319254,0
X205,0,0,0.0281863852082298,0,0,0.0420880827626155,0.167027014655283,0,0.334267738056266,0,0,0.428430779317605,0
X206,0.0839368818161292,0.0228665220445345,0,0,0,0,0.0425909612375923,0,0.274198218512702,0.0227909335908564,0,0.553616482798186,0
X207,0.0275516193665529,0.178892686568462,0.560858855110548,0,0,0,0,0.0741186466551207,0,0,0,0.113995655009124,0.0445825372901925
X208,0,0,0.0848678943154523,0,0,0,0,0,0,0,0,0.915132105684548,0
X209,0,0.0586850123830123,0.181863848414755,0,0,0,0.0820571462051527,0.0352689731326614,0.240370682315445,0,0,0,0.401754337548974
X210,0,0.082867988905616,0.0501918591907223,0,0,0.0409079610537248,0.25904387061002,0.0347604365830271,0.257961868112008,0.0532120349791484,0,0,0.221053980565734
X211,0,0,0.0976564188657851,0,0,0,0.277692726554993,0,0.624650854579222,0,0,0,0
X212,0,0.0302040198519287,0.052687925693543,0,0,0,0.737268975072562,0.0417760236847295,0.058969767675634,0,0,0,0.0790932880216031
X213,0,0,0.106357088728,0,0,0,0.492706490072385,0.0391830516954707,0,0,0,0,0.361753369504145
X214,0,0.135011322064079,0.827864867746605,0,0,0,0,0,0,0,0,0,0.0371238101893156
X215,0.133600106513729,0,0.0701833163382972,0,0,0,0.252604036364201,0,0.543612540783773,0,0,0,0
X216,0,0,0.24725292293725,0,0,0,0.279407752943022,0,0.473339324119728,0,0,0,0
