,Astro,Endo,L2/3 IT,L4/5 IT,L5 ET,L5 IT,L5/6 NP,L6 CT,L6 IT,L6 IT Car3,L6b,Lamp5,Micro,OPC,Oligo,PVM,Peri,Pvalb,SMC,Sncg,Sst,VLMC,Vip
0,0.06171815,0.29391375,0.039871994,0.030292165,0.023291955,0.027650109,0.03371776,0.023435473,0.024175284,0.022255536,0.022108123,0.022591915,0.03043562,0.02266258,0.023824189,0.02507393,0.06245237,0.023090702,0.029636495,0.022157349,0.025776532,0.08752148,0.02234655
1,0.22539717,0.06973586,0.10293588,0.0414697,0.015503372,0.039963722,0.023323143,0.016652713,0.02139697,0.013890522,0.013514701,0.014241639,0.044613514,0.014518432,0.016007451,0.017557733,0.021898255,0.017167306,0.036586706,0.013558452,0.028723832,0.17743188,0.013911023
2,0.25584948,0.04713758,0.05543783,0.051757496,0.019173428,0.027220681,0.018221226,0.022603283,0.06234814,0.015483814,0.015149464,0.01653613,0.0577093,0.016221419,0.019528734,0.027605232,0.022033297,0.038300402,0.020036647,0.015317476,0.10271815,0.0581224,0.015488384
3,0.060324494,0.1350802,0.032658104,0.032822765,0.019733228,0.021395268,0.08182149,0.017504243,0.01866607,0.01641838,0.016299767,0.017324131,0.037958905,0.017142989,0.021347674,0.028319275,0.028848577,0.017666204,0.04152281,0.01645829,0.023670876,0.28054076,0.016475502
4,0.047959283,0.18241304,0.020388963,0.09436602,0.034306478,0.016337346,0.020512622,0.012598118,0.017293807,0.010887348,0.010762821,0.016716396,0.043720596,0.014629384,0.036886748,0.09774493,0.051541533,0.0145310685,0.022183146,0.011920778,0.049879387,0.16126357,0.011156609
5,0.06440345,0.059110735,0.2507173,0.15494853,0.0132711725,0.027661445,0.0134553565,0.07897822,0.022690408,0.012851275,0.012802167,0.013020238,0.017070556,0.014539109,0.013246174,0.028889684,0.047602747,0.01740528,0.03852045,0.0127853295,0.024753029,0.048358813,0.012918564
6,0.020967303,0.053139403,0.02204223,0.03294351,0.19995143,0.037327822,0.015042479,0.015229698,0.0147824995,0.013223522,0.013173374,0.052839868,0.024214944,0.040603295,0.01669389,0.029106587,0.09268096,0.01888195,0.07866194,0.013324184,0.021501508,0.1600836,0.013584021
7,0.046047732,0.052410677,0.31575435,0.092189655,0.019169742,0.02388011,0.019084964,0.03275827,0.03335619,0.018822026,0.018770158,0.019067682,0.029453078,0.02173357,0.019032683,0.033053808,0.048050955,0.02390051,0.038218617,0.018768754,0.026392052,0.031169409,0.018915022
8,0.027654724,0.16957968,0.10341316,0.05713091,0.013039328,0.020009201,0.012386179,0.022816645,0.021412015,0.011878214,0.011756455,0.012740297,0.01539114,0.017997326,0.012245403,0.0834797,0.1580972,0.038321804,0.10575078,0.011763852,0.014565224,0.046299092,0.012271637
9,0.070900925,0.20814724,0.039591767,0.21263489,0.055502802,0.060167283,0.013608561,0.018585894,0.08476451,0.016245816,0.009433214,0.04378361,0.010020557,0.0099926535,0.009626807,0.009937107,0.009837863,0.014222755,0.018364985,0.009452597,0.015711464,0.044655256,0.014811472
10,0.022149391,0.11886525,0.12260465,0.25319585,0.03426434,0.049984325,0.025365857,0.05469799,0.027048359,0.04728361,0.009029091,0.027997388,0.009444866,0.009799794,0.009162419,0.009179845,0.00933401,0.017028522,0.059634455,0.009154885,0.038010843,0.018710593,0.01805362
11,0.01772714,0.048756324,0.036658168,0.18797207,0.19806516,0.034673847,0.13755445,0.05447862,0.023260998,0.016721034,0.016291028,0.018807076,0.019188184,0.021284305,0.01735157,0.022103954,0.022741104,0.016619945,0.01659739,0.01667057,0.020880623,0.018426094,0.017170388
12,0.018963965,0.21819848,0.09531699,0.13187242,0.061285403,0.037593693,0.04046979,0.055374376,0.041877884,0.017595079,0.015403166,0.017597409,0.028963137,0.03007735,0.018257374,0.017580152,0.021029051,0.015578383,0.01687722,0.01808664,0.04004654,0.02119168,0.020763824
13,0.031728707,0.041083377,0.039921187,0.038067885,0.045449503,0.025859334,0.07109742,0.028362224,0.03104224,0.018118693,0.016979124,0.03026012,0.021146687,0.10951525,0.022719191,0.017807499,0.021708583,0.017455587,0.017580144,0.041340064,0.2159054,0.03184482,0.06500696
14,0.031651016,0.028487246,0.1081952,0.07276175,0.22927998,0.049352255,0.07163051,0.02218154,0.08202485,0.022798775,0.014934167,0.016568143,0.021167977,0.025308428,0.035098046,0.019531531,0.016125478,0.01820403,0.017537886,0.017619837,0.037788343,0.02120262,0.020550359
15,0.093836516,0.049013056,0.22617653,0.08696461,0.045453656,0.048081167,0.020815717,0.018168626,0.09354098,0.022086045,0.013162909,0.014048391,0.015343835,0.014657158,0.018284252,0.04893674,0.013973752,0.038706504,0.032452274,0.013491788,0.02167587,0.03716949,0.013960118
16,0.031433467,0.11987268,0.06722755,0.0515371,0.041178368,0.022787109,0.016940499,0.015801769,0.017228695,0.013319825,0.013272368,0.0234665,0.018030815,0.018990906,0.014128579,0.050940733,0.08059258,0.01672535,0.053426925,0.013304356,0.03859959,0.24618249,0.015011758
17,0.038094938,0.08332574,0.108721405,0.12118688,0.011786162,0.057378042,0.03754982,0.026308008,0.017490163,0.008346446,0.00829024,0.010173775,0.02780095,0.009860827,0.010972414,0.04203121,0.0817718,0.022986993,0.15729217,0.008347015,0.011576835,0.08049105,0.01821708
18,0.033901673,0.032866407,0.21045318,0.07309927,0.016789889,0.18603177,0.043432612,0.03706411,0.07882305,0.014410344,0.014298373,0.015350503,0.037738055,0.016233468,0.019248923,0.019924317,0.026724597,0.016918832,0.03607428,0.014304689,0.014959901,0.025254572,0.01609721
19,0.038931374,0.07627525,0.25191596,0.18414883,0.02163284,0.06595294,0.015965445,0.017314747,0.07621531,0.012357193,0.011661575,0.01790586,0.027517855,0.012918914,0.013711889,0.020426035,0.03192407,0.016273364,0.025944062,0.0116618695,0.0130125405,0.021177845,0.0151541745
20,0.027018996,0.024025863,0.14951622,0.27395922,0.060125064,0.0569226,0.010773181,0.020294813,0.13689065,0.00970126,0.008930233,0.062263753,0.016032869,0.009565117,0.009646712,0.010128003,0.012083752,0.010123425,0.011394563,0.008938452,0.009838853,0.029120145,0.032706253
21,0.032521017,0.064960994,0.07596047,0.35514423,0.041449606,0.07279668,0.023545306,0.02068656,0.054146312,0.01797157,0.014994365,0.03166696,0.016479194,0.01708804,0.015188079,0.015314283,0.015609698,0.01632259,0.018197376,0.015008908,0.017568892,0.027703475,0.019675404
22,0.02749537,0.043429907,0.05526597,0.25678846,0.021570185,0.23871972,0.06283319,0.027063208,0.051000003,0.022161469,0.010411626,0.020116214,0.012087076,0.010933424,0.010564673,0.010679093,0.010862289,0.012068653,0.019584434,0.010432085,0.015949693,0.03722903,0.012754255
23,0.01698727,0.0419218,0.071056426,0.18043621,0.06001796,0.06306418,0.2179073,0.02686119,0.033145137,0.01319545,0.012883462,0.028224615,0.019634292,0.033628814,0.015674612,0.05227436,0.01714542,0.014468064,0.013260558,0.012970807,0.02069896,0.021378474,0.013164581
24,0.025630744,0.082539104,0.05808066,0.05127727,0.1623822,0.16552697,0.054229796,0.05395154,0.022964865,0.010663913,0.009496053,0.012078283,0.06706238,0.05289939,0.031122945,0.013672458,0.015613631,0.009883202,0.010057147,0.009901009,0.02026812,0.05014227,0.010555966
25,0.14401694,0.024954788,0.06346183,0.045787953,0.033399828,0.044622842,0.031200875,0.08216908,0.061178025,0.013585517,0.012526612,0.014643862,0.03568139,0.023911813,0.048860513,0.013602015,0.055571254,0.0127994735,0.013279108,0.014619937,0.030333836,0.16151136,0.01828111
26,0.06225903,0.024378184,0.11884354,0.09598637,0.04302809,0.046250466,0.12874037,0.04002517,0.19137476,0.016740903,0.014740429,0.015292681,0.017877616,0.017088877,0.020637855,0.015543263,0.019752273,0.0152480155,0.015757957,0.015220593,0.018984444,0.030220035,0.016009046
27,0.042134397,0.018497536,0.11410413,0.09612229,0.037965924,0.02017172,0.014260602,0.038199168,0.031021599,0.06633789,0.011822618,0.016241224,0.016877824,0.012456356,0.029331386,0.016892146,0.013178232,0.185537,0.049916707,0.011794823,0.047238193,0.09765158,0.012246712
28,0.1843629,0.045449294,0.04305254,0.09359188,0.01676016,0.035762016,0.013045414,0.013424158,0.01653719,0.012797718,0.0127239395,0.16547725,0.022333333,0.034250192,0.012900152,0.025934195,0.033068046,0.083663814,0.01933518,0.012777785,0.018724477,0.04159144,0.04243692
29,0.065713726,0.12096967,0.050164644,0.21367204,0.040057167,0.017746277,0.012670519,0.012666532,0.034685366,0.011896439,0.011796648,0.052360162,0.02128114,0.02899367,0.012074445,0.018111365,0.042514816,0.020770872,0.055505086,0.011849807,0.04611963,0.08247023,0.015909709
30,0.024827966,0.059819747,0.056344595,0.048293453,0.014117067,0.09679786,0.09467768,0.014841157,0.020371377,0.010731073,0.010486536,0.011070124,0.1344916,0.011233644,0.031158172,0.015161198,0.13838454,0.013264894,0.026367702,0.010485117,0.012042123,0.13110076,0.013931655
31,0.041808728,0.04117657,0.2150987,0.19527681,0.039581213,0.05758791,0.029214624,0.01833296,0.021149082,0.018075094,0.017319318,0.017884899,0.036328834,0.017594514,0.022035416,0.018212276,0.037932836,0.025096685,0.0209259,0.017317904,0.025150834,0.048122913,0.018776007
32,0.037374083,0.02954932,0.104094245,0.22256824,0.02186879,0.2153899,0.01583895,0.015058307,0.03191249,0.019290969,0.013692613,0.015860127,0.029618569,0.014554973,0.02625017,0.015432436,0.03789041,0.026498042,0.02501932,0.013688421,0.022120032,0.026435496,0.01999408
33,0.07822361,0.022701006,0.054239217,0.3190719,0.048824903,0.0568823,0.018212102,0.020169968,0.08054119,0.018441983,0.017442625,0.026362335,0.02105887,0.01809989,0.019568,0.018011717,0.021555644,0.019574976,0.019600881,0.017457446,0.018967042,0.042725425,0.022267003
34,0.06986245,0.019648327,0.12074001,0.26700827,0.018499153,0.16220641,0.021002518,0.049381804,0.028940786,0.010763508,0.010486308,0.018355366,0.032533552,0.010758561,0.011128937,0.012889764,0.016238367,0.013622532,0.017443325,0.010488717,0.02450221,0.04217692,0.01132222
35,0.017786706,0.040859897,0.05343611,0.24344121,0.027447673,0.20715538,0.037646156,0.06656325,0.10912822,0.0061714128,0.004518037,0.036822975,0.013350714,0.0048242793,0.004835698,0.005356018,0.0062597953,0.0058239745,0.010228858,0.00452191,0.008660083,0.07872362,0.0064380276
36,0.027714401,0.039827496,0.20591204,0.093055435,0.06220387,0.10929621,0.11374752,0.046008326,0.05107682,0.010466026,0.009481344,0.01220784,0.013802939,0.031247474,0.01251757,0.02161172,0.032817565,0.022200232,0.011315425,0.009412593,0.0108915,0.043648068,0.009537534
37,0.046812564,0.099630214,0.07865552,0.111605346,0.14203417,0.16411884,0.024355998,0.03910136,0.033121027,0.009398469,0.008393673,0.018085996,0.042563934,0.014941525,0.026856005,0.010084568,0.028059386,0.009931875,0.008714603,0.008436118,0.009763141,0.056710158,0.008625528
38,0.046783175,0.042373188,0.04349065,0.27181333,0.07446086,0.07669954,0.036376163,0.03425306,0.03610451,0.027487539,0.019440243,0.022187889,0.026149195,0.021559633,0.030611752,0.019918868,0.027164036,0.020251261,0.019805463,0.019672617,0.021587936,0.041651018,0.02015804
39,0.08007268,0.07783115,0.10177103,0.06511369,0.046220727,0.24510472,0.031961646,0.04556172,0.054469753,0.025463328,0.0154604,0.016015694,0.016977178,0.016208356,0.018504752,0.016752714,0.022867251,0.015704004,0.017484944,0.015527493,0.016265437,0.022582775,0.01607859
40,0.024976116,0.023926921,0.058717836,0.02382155,0.1970468,0.03818746,0.022092622,0.050162625,0.07851792,0.049544882,0.010843793,0.046802312,0.015313892,0.013999733,0.10292172,0.012885093,0.013587959,0.031523395,0.0176202,0.010743827,0.1103013,0.033220097,0.013241951
41,0.07809594,0.024508055,0.055856116,0.032483254,0.2494964,0.028243445,0.01692543,0.051073335,0.0289631,0.023866301,0.0154622,0.030370798,0.01593929,0.041381393,0.10563856,0.02833363,0.032157324,0.01965071,0.01789174,0.014542802,0.02610581,0.047718413,0.015295948
42,0.045465425,0.021230219,0.05275345,0.07664157,0.15173072,0.07144909,0.012975608,0.054787405,0.051795717,0.036803253,0.018328553,0.018998994,0.012379858,0.015998695,0.085019834,0.012444691,0.15896076,0.026701642,0.022932997,0.010291255,0.012514862,0.015946394,0.013848991
43,0.059256393,0.036759123,0.16923499,0.113333985,0.07223336,0.090342075,0.014459768,0.02545101,0.06471778,0.015858814,0.011426771,0.036083344,0.022605587,0.023607744,0.0198075,0.011032513,0.029627385,0.108525485,0.015953895,0.010639557,0.013430793,0.01919624,0.0164159
44,0.024367396,0.0808626,0.035296522,0.14375591,0.16218564,0.10085971,0.029610805,0.041409217,0.047483787,0.024056988,0.01192318,0.020584697,0.019987326,0.013524683,0.016490152,0.013062504,0.049604185,0.027600667,0.014516468,0.011830799,0.01251966,0.080818705,0.017648395
45,0.14712438,0.08041127,0.04914237,0.041126158,0.01368156,0.016254453,0.012581363,0.0131404,0.017515944,0.0120946895,0.011943196,0.033781603,0.07047784,0.14566094,0.012295204,0.014132097,0.12583964,0.022024486,0.019791028,0.011953765,0.023484664,0.08896722,0.016575778
46,0.07004856,0.11035258,0.2627368,0.06928851,0.016999345,0.018111661,0.017437682,0.016963016,0.05185594,0.013713609,0.012988423,0.0203893,0.08298026,0.033316873,0.014121353,0.01543143,0.052251782,0.015494362,0.019052222,0.0130595,0.01876978,0.03735609,0.017280916
47,0.08249583,0.049148835,0.10934157,0.0396192,0.015384813,0.03400533,0.05052604,0.020504298,0.09026162,0.012527491,0.012340835,0.013287206,0.032781065,0.014454625,0.015877396,0.018844541,0.21955155,0.012940184,0.015810067,0.012326609,0.013240295,0.08083458,0.033896018
48,0.0562296,0.08914944,0.227144,0.069999054,0.034698136,0.0255916,0.019267187,0.015962772,0.0676193,0.014432568,0.014149848,0.015429185,0.018078662,0.014829747,0.025318947,0.0677606,0.054995783,0.014286601,0.02476027,0.013951455,0.015287768,0.06484607,0.036211446
49,0.09490026,0.028163886,0.075265,0.054992184,0.017078081,0.03957542,0.014882227,0.015582651,0.021565484,0.017787086,0.013948469,0.016981063,0.02750184,0.01927161,0.11459469,0.020192208,0.1890709,0.01526679,0.098622665,0.013905478,0.017234225,0.056492347,0.017125482
50,0.047739856,0.033648416,0.122822605,0.2651786,0.021290248,0.13896689,0.017932083,0.020976478,0.01813284,0.016536998,0.016463347,0.034962606,0.01772698,0.016653394,0.017567346,0.0188087,0.025321998,0.01985302,0.020878589,0.016474942,0.05710229,0.017666506,0.01729526
51,0.06213041,0.02815666,0.10847145,0.25939938,0.037847836,0.1893727,0.013633571,0.030118588,0.015752839,0.005874498,0.005748614,0.024272373,0.011969806,0.0064325295,0.00985209,0.022159299,0.036905263,0.027111033,0.018508617,0.00575675,0.058661737,0.012357508,0.009506422
52,0.021674106,0.037462655,0.10010022,0.16103417,0.091463484,0.26269978,0.048487585,0.02456278,0.028974393,0.011939783,0.011630264,0.019094907,0.021630216,0.011849956,0.012348403,0.013995564,0.016151667,0.015432009,0.01424366,0.011633903,0.01943642,0.023801578,0.02035254
53,0.016286936,0.09410415,0.086372666,0.09814458,0.078056656,0.12582764,0.043211374,0.1733506,0.0728561,0.018626394,0.010644066,0.0111134155,0.010904556,0.014964772,0.018241966,0.011869498,0.032279443,0.011259785,0.021959651,0.009844702,0.010870459,0.019291224,0.00991937
54,0.04390138,0.037524167,0.12610342,0.06924528,0.203315,0.058953043,0.025422895,0.047865275,0.045428906,0.07982792,0.0152029805,0.015569439,0.015651923,0.038778067,0.016725631,0.013791905,0.026008328,0.011791408,0.028498348,0.011396779,0.018962486,0.038356584,0.011678867
55,0.03532766,0.020278579,0.039173096,0.04748236,0.07079054,0.10936805,0.09507796,0.18449384,0.15608037,0.019823901,0.010994065,0.013223682,0.023634586,0.01452816,0.036368698,0.010952372,0.012091298,0.010932336,0.013940869,0.010133139,0.011107176,0.043954875,0.010242383
56,0.06516067,0.053538807,0.07561554,0.074648835,0.17679553,0.13203561,0.024673939,0.14828497,0.035072234,0.013996419,0.011623729,0.012596151,0.013894683,0.012224726,0.015245428,0.015650382,0.012800004,0.011765194,0.025704863,0.011530231,0.011804377,0.03365955,0.011678134
57,0.02359547,0.020535298,0.040101044,0.025179895,0.037761718,0.104075186,0.03262913,0.0639412,0.165429,0.18275383,0.014659517,0.037219945,0.037843194,0.0185656,0.026154004,0.016217355,0.023494327,0.018908516,0.037180018,0.014618738,0.025578914,0.017839516,0.015718564
58,0.037400644,0.030074468,0.03247191,0.032757096,0.0523779,0.05563605,0.02535105,0.2979405,0.043475572,0.042767256,0.020748414,0.026044413,0.024369348,0.041410234,0.036647078,0.022517111,0.030155964,0.030535724,0.025090167,0.020552492,0.02413861,0.026412973,0.021125017
59,0.0911486,0.082513295,0.030890249,0.022812527,0.030175382,0.10512594,0.02774975,0.21146828,0.043598317,0.03391556,0.011760865,0.018296447,0.018949324,0.028469875,0.032290537,0.011741124,0.026418928,0.08766808,0.014266019,0.0110137835,0.019675298,0.027821831,0.012230035
60,0.2515306,0.0313038,0.040414527,0.03813831,0.03667958,0.050074417,0.034098316,0.054828387,0.035105653,0.029739274,0.017312413,0.090710685,0.02174383,0.023984179,0.033906456,0.017470283,0.024138806,0.043047156,0.019639669,0.017172791,0.0445407,0.02083726,0.023582948
61,0.045528125,0.024912484,0.035168134,0.07474426,0.02835999,0.080577485,0.15931943,0.042005766,0.06340049,0.11092813,0.010080039,0.057694644,0.027909389,0.011323094,0.04104932,0.010386337,0.025669675,0.046232093,0.010812535,0.010067896,0.012713595,0.017725552,0.053391516
62,0.050017007,0.03627137,0.28967103,0.053206317,0.02063167,0.029368015,0.018502923,0.039647143,0.1430431,0.019142127,0.017040204,0.020840835,0.031829372,0.037123762,0.022173839,0.017742708,0.02659232,0.019197894,0.018652897,0.017592113,0.023098929,0.022748709,0.025865722
63,0.06309588,0.042545553,0.06414386,0.2822459,0.026360875,0.027372226,0.033035815,0.025008252,0.031386275,0.02333001,0.024806617,0.030734267,0.027525298,0.023422532,0.026602322,0.031184703,0.032956194,0.02329646,0.03613799,0.023166431,0.029727003,0.031574205,0.04034134
64,0.25308383,0.06524125,0.034554444,0.06626649,0.019942373,0.034065746,0.020492379,0.029018307,0.021021783,0.019343983,0.01902401,0.043851513,0.031353746,0.01955557,0.031065775,0.020754673,0.045736257,0.01917347,0.098265015,0.018811159,0.04161952,0.025980426,0.02177826
65,0.058376748,0.030560702,0.04005316,0.09433559,0.017538475,0.11839727,0.017797463,0.023169814,0.016905958,0.015964668,0.015893633,0.124845736,0.01760589,0.01602185,0.019159583,0.016907224,0.047981407,0.016861197,0.033331078,0.01588021,0.20740172,0.017092792,0.017917883
66,0.029817352,0.076320365,0.032884914,0.05748008,0.021633087,0.05221579,0.029836155,0.061517086,0.019031618,0.017731585,0.01761781,0.0338232,0.018865801,0.017772269,0.031685848,0.02165096,0.24122076,0.020269362,0.08351711,0.017664218,0.048518967,0.019423766,0.029501816
67,0.0203732,0.08357975,0.0687552,0.03418592,0.044614647,0.110547274,0.22404431,0.10511957,0.037971858,0.0311831,0.017991617,0.018398307,0.014550297,0.015194957,0.025460187,0.01851845,0.025285423,0.014373617,0.022666505,0.013932916,0.0144425,0.02476816,0.014042253
68,0.06367851,0.08141961,0.11064078,0.02049362,0.040983878,0.08109296,0.032723438,0.036450498,0.068666734,0.1735208,0.049641665,0.050690435,0.012940253,0.013397665,0.012055956,0.01013688,0.013318974,0.010586743,0.021894101,0.009348774,0.011102908,0.065635905,0.009578916
69,0.033785842,0.024800956,0.09195057,0.03358351,0.075982146,0.13982134,0.032660242,0.054756653,0.23239149,0.030430268,0.015356566,0.034306627,0.0413314,0.0232691,0.014816605,0.011408994,0.012443387,0.017514031,0.01303973,0.011185092,0.011625145,0.03226379,0.011276447
70,0.026637651,0.05174229,0.054414965,0.019306386,0.034420803,0.046813272,0.08783971,0.16527046,0.21578342,0.024637377,0.012345191,0.015963474,0.016352389,0.019356262,0.014827472,0.01186742,0.01633691,0.014324176,0.013038859,0.011763075,0.012443475,0.1026594,0.011855503
71,0.016067415,0.012533308,0.021123603,0.08186533,0.017233318,0.15054937,0.054478653,0.19290268,0.09878423,0.032274865,0.009470405,0.05303849,0.027751481,0.025233423,0.013494039,0.020682888,0.082750455,0.02082174,0.021508966,0.009462216,0.01208178,0.011545789,0.014345513
72,0.019756071,0.016139092,0.032797363,0.08775065,0.027337126,0.15833037,0.016179387,0.17988458,0.026561832,0.01686112,0.0102609275,0.015465593,0.012887792,0.17173204,0.038337562,0.011661679,0.063030966,0.025096623,0.023784881,0.010246754,0.01230901,0.0114975255,0.012091071
73,0.025326023,0.026301693,0.11781759,0.04257776,0.039617795,0.08909693,0.018191911,0.16432618,0.030604457,0.012826079,0.00988201,0.012069175,0.012404152,0.029249335,0.15911856,0.010126161,0.019911356,0.12080959,0.012831669,0.009815057,0.01210432,0.011926586,0.013065598
74,0.059031922,0.043983098,0.03143487,0.032402866,0.11892723,0.10365752,0.0119025,0.11967098,0.05273927,0.010078356,0.007729716,0.01526749,0.016685506,0.050523978,0.12998828,0.008193078,0.031796496,0.076950945,0.024366796,0.0077016484,0.013722773,0.009697964,0.023546716
75,0.027125508,0.026103022,0.149574,0.042147554,0.029839452,0.13357057,0.03554556,0.22369574,0.029342761,0.028257329,0.015873367,0.02270618,0.019053372,0.020658042,0.03451138,0.017282363,0.02390951,0.027281791,0.018486192,0.015858501,0.017692396,0.018920474,0.022565024
76,0.17216225,0.10161115,0.072314404,0.018626094,0.010227113,0.033950478,0.010201533,0.012054203,0.015269712,0.010060987,0.008372435,0.08063046,0.0095192725,0.034552738,0.011010482,0.026926361,0.017860565,0.021421585,0.04843188,0.04110144,0.033708766,0.10871861,0.10126741
77,0.1558481,0.028369699,0.25070935,0.06534311,0.02359379,0.042961676,0.014343637,0.013495428,0.04744052,0.023005972,0.008184239,0.028923392,0.010651853,0.053513344,0.025785742,0.010837822,0.011403916,0.021500668,0.014003392,0.012223094,0.045666143,0.024953065,0.06724203
78,0.023742132,0.043080393,0.19501987,0.09545853,0.036082227,0.11217229,0.046487495,0.024637427,0.043302134,0.026890341,0.006933675,0.0378312,0.008099116,0.051081885,0.03349072,0.008739701,0.010566685,0.06861612,0.01017295,0.00729328,0.062546685,0.03476773,0.012987414
79,0.032222085,0.07913556,0.15702643,0.17009887,0.0122303255,0.068885386,0.011997568,0.08232894,0.022505036,0.009572477,0.007373326,0.123462506,0.012485809,0.018319324,0.020728227,0.022009594,0.024741102,0.035870828,0.031671215,0.007424369,0.016752426,0.019300455,0.0138581265
80,0.030436236,0.035065763,0.21421401,0.28276217,0.028887019,0.04234909,0.015463811,0.028719345,0.026575431,0.014717234,0.014333092,0.036370896,0.015733501,0.020240108,0.01737718,0.019484138,0.028755046,0.039799616,0.020563206,0.014373802,0.0191074,0.018195253,0.016476681
81,0.049708802,0.032546423,0.065067366,0.208014,0.103867374,0.11289244,0.009835176,0.026943024,0.05365988,0.0075770714,0.007394279,0.046345614,0.011363685,0.011620443,0.009439554,0.008161232,0.013429541,0.15958034,0.008549949,0.0076865093,0.025066212,0.008936291,0.012314822
82,0.03022161,0.018816262,0.05589275,0.27563295,0.070114635,0.06756394,0.015701033,0.13060534,0.038674157,0.012959636,0.012731216,0.04782478,0.040393237,0.013953918,0.016947221,0.013014014,0.01679078,0.0366282,0.014772983,0.014872416,0.02027592,0.015274734,0.02033826
83,0.042482957,0.020888915,0.14312471,0.1701654,0.16123712,0.113238916,0.023266751,0.068145186,0.017872348,0.009717606,0.008722103,0.01522524,0.013115155,0.011719268,0.031475637,0.009128002,0.02697926,0.018227456,0.019433314,0.009043714,0.037700776,0.019080734,0.010009425
84,0.017681984,0.18255958,0.029591765,0.021410536,0.18921247,0.047727857,0.13026333,0.06053933,0.04721768,0.020238746,0.016309334,0.017821562,0.016151316,0.01760505,0.027224913,0.025138585,0.018844875,0.016446218,0.016741324,0.015468812,0.017129801,0.032756034,0.015918877
85,0.027472049,0.04431427,0.062169123,0.039525498,0.06517204,0.06680807,0.032505713,0.052760515,0.26607546,0.03905131,0.020017369,0.028086366,0.021475581,0.02473876,0.028041832,0.017388936,0.03447728,0.02399673,0.017924655,0.016261522,0.028273426,0.025541583,0.017921964
86,0.06260648,0.021491705,0.035035495,0.05362151,0.14190678,0.0630523,0.028841779,0.1800184,0.10827359,0.023385638,0.0075961384,0.04721454,0.00847166,0.014035685,0.037189018,0.007385506,0.012250031,0.07837618,0.008199097,0.00724502,0.03380469,0.012105357,0.007893387
87,0.020547507,0.034012042,0.021357663,0.033192504,0.099408954,0.08924369,0.052730333,0.2543608,0.06442159,0.057855766,0.010898741,0.016763983,0.013650556,0.048595507,0.026787369,0.010817428,0.03854024,0.02075622,0.016808167,0.010760293,0.01446608,0.03286955,0.01115499
88,0.046697333,0.02046793,0.060759768,0.12311487,0.03879918,0.05183581,0.047067378,0.19429833,0.04615994,0.047611047,0.008796031,0.01422886,0.011227026,0.010919904,0.010055806,0.024109043,0.020654092,0.08676661,0.07865632,0.00878053,0.017824946,0.020767989,0.01040128
89,0.042658523,0.040217914,0.07259059,0.057606906,0.018634222,0.10379873,0.014590664,0.2873564,0.040124357,0.030840708,0.013462634,0.014289399,0.015006957,0.035597894,0.04547531,0.013750844,0.021629326,0.037277013,0.020922521,0.013543665,0.024134206,0.014544297,0.02194693
90,0.038477857,0.03928544,0.12732671,0.02999148,0.071119905,0.14113548,0.07569281,0.19699037,0.041526098,0.013822051,0.01050347,0.012805002,0.018997792,0.018371949,0.035826284,0.011155254,0.028374262,0.023314975,0.011901741,0.010491361,0.016970286,0.014211872,0.011707615
91,0.019330766,0.08724963,0.045699652,0.036119767,0.025915522,0.060891062,0.018940052,0.16387044,0.13075113,0.010678059,0.009257965,0.02990981,0.011244513,0.016667549,0.03266882,0.012792664,0.15398237,0.016880887,0.012906099,0.0092133535,0.059880737,0.022707961,0.0124412
92,0.034145515,0.058872968,0.042643458,0.046180286,0.022279946,0.05530414,0.03842926,0.29689306,0.035271212,0.024033537,0.018121865,0.023407485,0.01964845,0.020191642,0.040336017,0.029440962,0.051131424,0.020622155,0.025192743,0.018113986,0.025524434,0.034657687,0.019557752
93,0.19877702,0.04788017,0.21423548,0.043915402,0.011763438,0.025635341,0.020963112,0.012671514,0.034039885,0.011999879,0.011037919,0.021088108,0.01762136,0.015623546,0.017629985,0.019988604,0.040799662,0.019954126,0.055397958,0.015461199,0.04337617,0.06442196,0.035718165
94,0.0525671,0.048022397,0.21696715,0.22415236,0.015577912,0.043920215,0.031981204,0.016042065,0.054703727,0.019486783,0.013165662,0.016991464,0.017566916,0.0212325,0.033452705,0.015499421,0.01985191,0.023472738,0.019831587,0.014050733,0.02909784,0.030264277,0.022101302
95,0.024960343,0.24992341,0.15473098,0.07799987,0.020227024,0.036914334,0.027255699,0.03350604,0.054314855,0.017209727,0.0144449845,0.021275243,0.018499801,0.028718168,0.021028448,0.015663035,0.030924277,0.023791974,0.018959917,0.014570702,0.0548243,0.021734133,0.01852275
96,0.040665705,0.14258957,0.056772865,0.14295815,0.008933381,0.050243665,0.008925767,0.048810523,0.112766616,0.006731881,0.006227631,0.030651271,0.0074497396,0.06695876,0.024272064,0.009881379,0.10200667,0.022450177,0.02877598,0.0062796036,0.03919659,0.013189132,0.023262845
97,0.026707597,0.062523715,0.22813371,0.22796044,0.019699143,0.0461883,0.016318884,0.023671424,0.038972747,0.015924029,0.015737195,0.022296952,0.016175367,0.024727313,0.018705886,0.03485681,0.030644706,0.021894492,0.024630563,0.015750002,0.022382824,0.027744297,0.018353647
98,0.06415732,0.17527308,0.02408397,0.19812863,0.026067484,0.14111528,0.013546174,0.026764816,0.04825503,0.011924984,0.011354427,0.018351777,0.012132873,0.03573592,0.019307183,0.011809213,0.02812099,0.03550238,0.012400907,0.011408012,0.03249709,0.014784516,0.027277933
99,0.102492765,0.077047095,0.106773406,0.15037781,0.03165538,0.074669644,0.011604902,0.089011006,0.009238462,0.007944844,0.007300465,0.011709682,0.008410801,0.0135985995,0.013938889,0.008224522,0.1188214,0.00938755,0.074042134,0.007330237,0.015375647,0.04330565,0.0077391136
100,0.017006198,0.041885745,0.041772448,0.025280302,0.26532474,0.05520158,0.054461874,0.15788475,0.050923612,0.017010853,0.01569156,0.021037932,0.015841024,0.024817368,0.056396857,0.017393723,0.017131424,0.016405564,0.016426856,0.015538283,0.018638598,0.020238606,0.017690167
101,0.013769933,0.04558628,0.07141954,0.043933593,0.17824908,0.04532817,0.013999835,0.056720383,0.12900236,0.013233105,0.008759888,0.05168642,0.009752288,0.088148706,0.09028875,0.008838125,0.015919589,0.012489085,0.011292765,0.00844559,0.028484615,0.02969269,0.024959255
102,0.040503632,0.045861375,0.0343635,0.08031525,0.050148573,0.04322709,0.020807708,0.3033163,0.050505765,0.018962244,0.016350327,0.028131757,0.018173736,0.025622742,0.052417364,0.016448695,0.017740676,0.026643353,0.017100958,0.01627763,0.02369515,0.032258917,0.02112734
103,0.06780183,0.027904734,0.062042113,0.16814676,0.01816778,0.09936652,0.017997796,0.13284552,0.055591453,0.012007737,0.011597727,0.024422308,0.013401713,0.013290541,0.0642532,0.0119392015,0.011960325,0.02006277,0.011806768,0.011586409,0.02189786,0.1084632,0.013445727
104,0.023207517,0.034752965,0.0578131,0.059994493,0.022546554,0.23522376,0.021312008,0.14721498,0.1395938,0.021700216,0.012178427,0.013460569,0.013563289,0.01373177,0.018209683,0.014445904,0.016450027,0.024529792,0.05210218,0.012058108,0.014837952,0.015196234,0.015876641
105,0.025210738,0.020449756,0.03587056,0.10952946,0.028430788,0.11746913,0.011605586,0.26054797,0.111519806,0.0356112,0.009471299,0.0097912,0.016229095,0.018960087,0.025913732,0.010059571,0.018779052,0.015907373,0.04843697,0.009438443,0.018929562,0.013045463,0.028793145
106,0.011274567,0.018970897,0.09327827,0.02237407,0.106480934,0.12563619,0.011905318,0.17628494,0.08802587,0.034035884,0.0040068715,0.0044662766,0.035749417,0.05910014,0.097462475,0.0065108254,0.017501503,0.018970491,0.011709081,0.0040017655,0.018390477,0.026262412,0.0076013347
107,0.023072224,0.04533419,0.098137975,0.051702224,0.025455866,0.100253396,0.025219906,0.12948447,0.09343716,0.0102833705,0.00509429,0.006959497,0.009240544,0.042904586,0.033659652,0.03223165,0.06255288,0.012932911,0.02121761,0.0050919876,0.013133235,0.12650566,0.026094668
108,0.02148488,0.054760087,0.038191717,0.02265006,0.015364107,0.1276246,0.091964476,0.07767662,0.02658551,0.04579311,0.011459884,0.012308768,0.013471498,0.016613813,0.15278578,0.015168124,0.14326675,0.0134901395,0.02267041,0.011450953,0.024493642,0.027153261,0.013571785
109,0.20138706,0.032742854,0.14225224,0.025388755,0.010054149,0.07896307,0.012755437,0.011032164,0.015148251,0.0101433005,0.009524461,0.010952373,0.061957117,0.012103152,0.046005767,0.06471549,0.021078106,0.06323671,0.05272935,0.010009403,0.01814463,0.077060945,0.012615183
110,0.04753504,0.06865628,0.26806635,0.0872074,0.01159403,0.022185218,0.02722874,0.011497087,0.034750625,0.014195337,0.010167357,0.010927166,0.038326688,0.027179992,0.07368399,0.019143118,0.024757873,0.076915935,0.0185751,0.010316734,0.056642286,0.028169075,0.01227858
111,0.029562702,0.06303293,0.28741458,0.066684775,0.035994604,0.022819648,0.080296636,0.023453226,0.024910547,0.016426237,0.016017387,0.02442871,0.03727428,0.04763328,0.017871616,0.017030325,0.023052974,0.020358376,0.02929905,0.016031316,0.039033704,0.036331046,0.0250421
112,0.024325194,0.11217345,0.08138822,0.056642994,0.018651031,0.025600906,0.030833224,0.02568452,0.028794482,0.015783522,0.015267708,0.019865843,0.019722486,0.23311335,0.019665625,0.020269105,0.053680755,0.018478673,0.060076345,0.015271239,0.02099795,0.0656395,0.018073808
113,0.042487547,0.11921896,0.094198346,0.2424946,0.013875842,0.06567262,0.062322058,0.03778427,0.028205477,0.016519858,0.012289811,0.0144629665,0.01869475,0.035042144,0.01916856,0.01307863,0.05776863,0.02174017,0.018943753,0.012292078,0.013445049,0.027124237,0.01316968
114,0.034673497,0.12134335,0.030738365,0.22447026,0.016485604,0.14305717,0.020961424,0.018180365,0.013316828,0.010625909,0.006539594,0.019505112,0.0077081886,0.013214734,0.06874585,0.0076025743,0.13789098,0.0355194,0.0125209065,0.0065550418,0.011582446,0.029553216,0.009209232
115,0.084957965,0.052378632,0.09004207,0.16044645,0.007669869,0.16852748,0.08659514,0.012746563,0.0055149402,0.034765605,0.004203318,0.030185468,0.006308752,0.014357611,0.03107377,0.01150736,0.07262205,0.042344596,0.038356535,0.0042058825,0.011375926,0.024875207,0.004938815
116,0.0339002,0.057434753,0.07556194,0.16053699,0.026721664,0.22466314,0.024351459,0.07093143,0.009837415,0.012307129,0.008137515,0.03743361,0.008850942,0.055616528,0.037008636,0.011559922,0.032228466,0.014020268,0.023055712,0.008143787,0.042431116,0.015792241,0.009475209
117,0.014813646,0.02572919,0.15365694,0.04789544,0.17500794,0.114257865,0.03389068,0.09940254,0.14443742,0.013477074,0.010614732,0.013711597,0.010896262,0.013086137,0.021447176,0.015655478,0.01331413,0.012849927,0.013862631,0.010532314,0.016134784,0.012492595,0.012833561
118,0.037289124,0.0918233,0.03623259,0.0446818,0.047687653,0.16017264,0.015926005,0.08045266,0.20384209,0.035591263,0.01212443,0.020436559,0.01361404,0.02045798,0.026793513,0.012868696,0.013340595,0.016928919,0.04014178,0.012084161,0.015768114,0.015339425,0.026402684
119,0.033181448,0.20024164,0.029452862,0.036013965,0.023287721,0.06372121,0.019937916,0.20812392,0.05747102,0.016557436,0.013427255,0.026405768,0.02547266,0.01705259,0.065906145,0.013659961,0.0141105475,0.022147927,0.016868647,0.01341042,0.023618463,0.020594774,0.03933575
120,0.09940377,0.11603725,0.01874052,0.03924951,0.024986023,0.038617797,0.05824854,0.1669622,0.021159455,0.009428004,0.009034146,0.104156755,0.021290625,0.012114003,0.023013556,0.009528155,0.009870979,0.07031062,0.009522292,0.00901194,0.08836133,0.021327741,0.019624759
121,0.040731963,0.15335761,0.03901634,0.044723354,0.031213619,0.085088104,0.02629543,0.25301233,0.03604876,0.017043147,0.015744936,0.01760215,0.016801536,0.01645786,0.042666465,0.01609615,0.026122328,0.020479526,0.024601782,0.015500199,0.01737107,0.020933522,0.023091814
122,0.030113582,0.04437217,0.042067938,0.050465208,0.033513624,0.06539539,0.0136660375,0.22526398,0.031791188,0.014297914,0.010803961,0.011084672,0.014841959,0.06915134,0.18333597,0.0116564045,0.019852502,0.039226532,0.012231271,0.010785939,0.0153536955,0.039230525,0.011498168
123,0.077480495,0.024364326,0.040974945,0.09814051,0.015724288,0.08712326,0.013943541,0.227423,0.02724139,0.011514932,0.01007996,0.011066658,0.012532586,0.03394673,0.09099626,0.012993804,0.020349355,0.08465145,0.0135703115,0.010076652,0.03491011,0.028503846,0.012391494
124,0.057090517,0.05936409,0.14247142,0.03877733,0.016409315,0.14517114,0.019244784,0.09382595,0.05517886,0.013723302,0.009685683,0.0102611,0.021576887,0.02230056,0.039357685,0.010474149,0.03852446,0.018482676,0.022627257,0.009686843,0.10993301,0.03561292,0.010220025
125,0.051077306,0.09662772,0.04239387,0.021719282,0.019019408,0.020347726,0.021871943,0.08003204,0.023925425,0.018741753,0.018653158,0.01933006,0.03509991,0.020398358,0.02367778,0.020316526,0.03410044,0.01989582,0.04701785,0.018674918,0.01916114,0.30855346,0.019364076
126,0.06391112,0.11734502,0.15220092,0.027491221,0.014837344,0.02254286,0.016661232,0.022330793,0.01639537,0.013698902,0.0132332565,0.0151481405,0.028708346,0.015202652,0.019283604,0.023385033,0.08597037,0.020561716,0.19625945,0.013295939,0.016006334,0.06991079,0.0156196
127,0.053222533,0.059720352,0.33059475,0.035367522,0.023066644,0.022425335,0.0401447,0.022257619,0.023351638,0.016877012,0.016242156,0.017664649,0.06549225,0.019800171,0.025853725,0.037540957,0.028233102,0.029000353,0.040475503,0.016269563,0.028752536,0.026063334,0.021583611
128,0.031807832,0.031120855,0.3595617,0.06891766,0.06501194,0.040121514,0.02529208,0.050857916,0.040994875,0.0127241155,0.0125493435,0.016430283,0.033300735,0.020931937,0.016573068,0.015807947,0.023374021,0.03830739,0.024662778,0.012551289,0.025214544,0.018027274,0.015858842
129,0.025651516,0.04155221,0.30102667,0.041641243,0.029675698,0.02518526,0.022707077,0.054647524,0.03812811,0.019430177,0.019288452,0.03401229,0.0347471,0.05010816,0.039193053,0.022766963,0.0540075,0.023931578,0.027775958,0.019280462,0.024560388,0.027749827,0.022932742
130,0.043027904,0.029955348,0.13412121,0.16306044,0.013930345,0.042412598,0.019929131,0.19346157,0.08169714,0.013827964,0.012849199,0.016008595,0.014082754,0.01629034,0.014295136,0.013864851,0.023378287,0.015855122,0.024942903,0.012861678,0.013242481,0.07152483,0.01538014
131,0.059803154,0.044817742,0.05104008,0.20883496,0.07481917,0.056286234,0.014635635,0.03885441,0.014765431,0.015691472,0.012758683,0.043069307,0.013119997,0.014479069,0.02052264,0.013045885,0.029500835,0.18545853,0.016738057,0.012765566,0.02568312,0.018701654,0.014608392
132,0.04069294,0.030223925,0.14185083,0.23897,0.014399707,0.15072735,0.022169147,0.016738987,0.011053075,0.014678087,0.0098723825,0.014410353,0.0278713,0.054698598,0.019290596,0.050162874,0.027363343,0.01538144,0.017053945,0.009873249,0.011440364,0.048907023,0.012170482
133,0.04644386,0.10845539,0.19064264,0.13746396,0.03183677,0.12011837,0.026059935,0.024042169,0.010047948,0.01451747,0.0083938865,0.01577478,0.010976393,0.06101444,0.045307394,0.030543761,0.023989068,0.010269501,0.030341635,0.008410773,0.012405413,0.014058836,0.018885596
134,0.022446118,0.028047998,0.111576565,0.04994475,0.059735604,0.13641618,0.021203129,0.06503705,0.22769569,0.013519293,0.012377997,0.026470568,0.012539746,0.0162263,0.054013025,0.013093684,0.028839093,0.027032891,0.012839995,0.01231811,0.013465173,0.0210802,0.014080817
135,0.01911137,0.121295616,0.115208395,0.06385637,0.029911252,0.07332414,0.021893585,0.039752666,0.11117849,0.016015053,0.008981623,0.019650359,0.010006355,0.017537415,0.014367341,0.010089169,0.1313668,0.05594632,0.009398164,0.008993484,0.010946594,0.08079957,0.010369901
136,0.057739053,0.10191958,0.08608318,0.03869174,0.020083884,0.08695479,0.12735653,0.030307371,0.14641365,0.010017178,0.009280801,0.012932895,0.010902853,0.028852932,0.01358308,0.010250021,0.028687067,0.11052818,0.009570795,0.00937883,0.021556737,0.017172698,0.011736128
137,0.08065365,0.03921125,0.030027179,0.050029963,0.06776224,0.17732804,0.032526415,0.07058993,0.04089573,0.01059845,0.010414184,0.036997806,0.014905918,0.014165031,0.04190834,0.01460675,0.016624432,0.17271486,0.010816332,0.01020864,0.028196841,0.016075218,0.012742888
138,0.04195084,0.054966293,0.12104043,0.046110883,0.120034315,0.047486607,0.083170965,0.23194745,0.027434472,0.009402016,0.009765661,0.02298085,0.016319891,0.013324433,0.01821227,0.008801866,0.01272057,0.03341085,0.010776823,0.0073518115,0.019368285,0.034566585,0.0088557955
139,0.026942585,0.030586736,0.042309057,0.040723797,0.03927652,0.03763727,0.033084083,0.32134464,0.053891912,0.028450502,0.023300538,0.026159113,0.022949407,0.026669892,0.034515712,0.021928705,0.040825587,0.027456446,0.025966534,0.021509448,0.023652645,0.02742839,0.023390487
140,0.035857312,0.040934015,0.029984824,0.03403647,0.09615842,0.19603139,0.021684762,0.15085109,0.084454015,0.012436074,0.01099907,0.011251108,0.011671653,0.07007656,0.035269268,0.011021041,0.058754303,0.017136408,0.012337562,0.010842666,0.011582613,0.025574224,0.0110551845
141,0.066972144,0.042538755,0.0365833,0.023421701,0.020959772,0.021525946,0.021436037,0.039796628,0.02261105,0.020710232,0.020647798,0.022740288,0.042848717,0.022472598,0.04390547,0.021415249,0.05087946,0.021847337,0.029926414,0.020718956,0.021117691,0.34225866,0.022665787
142,0.25798827,0.058094326,0.042663027,0.027943084,0.018894518,0.02016493,0.018922871,0.025133975,0.022367036,0.018369693,0.01826321,0.029137116,0.051159497,0.026749274,0.023143018,0.020316165,0.031842012,0.02297185,0.040006265,0.018654361,0.020056697,0.15805686,0.02910196
143,0.09423438,0.0405386,0.18647978,0.030863693,0.08949196,0.08047846,0.019329268,0.06607614,0.054693546,0.00920935,0.009096512,0.01490882,0.05298248,0.010846744,0.009995076,0.0096283825,0.038734686,0.078891374,0.054337755,0.009091426,0.010581091,0.013036758,0.016473697
144,0.04401657,0.09269667,0.09390667,0.053430036,0.031361025,0.030806316,0.020753888,0.034250338,0.028613582,0.01910701,0.01877896,0.02278761,0.027413689,0.022995606,0.021387085,0.019398795,0.2573801,0.030116087,0.035973497,0.018776853,0.0197186,0.03416951,0.022161486
145,0.09104324,0.031660274,0.166966,0.2615839,0.017782614,0.027897477,0.015935142,0.044799954,0.026484665,0.01695167,0.014499449,0.027027562,0.015955701,0.016204108,0.0153980125,0.0149351135,0.046258416,0.025931008,0.035604972,0.014490311,0.015141221,0.026481127,0.030968033
146,0.14365527,0.020483946,0.20486191,0.22715552,0.021964772,0.0689872,0.012361573,0.022997556,0.01808181,0.029566316,0.011456647,0.018378736,0.01217253,0.016508855,0.013349054,0.012345645,0.018864531,0.038879078,0.01745377,0.011456952,0.013579044,0.023657508,0.021781811
147,0.1518183,0.0300727,0.111844495,0.2706895,0.02161735,0.044869684,0.017749028,0.04418618,0.01701411,0.018457752,0.015258872,0.01882212,0.017765125,0.050847385,0.017777683,0.020846928,0.021502897,0.020212488,0.017308706,0.015252426,0.015978629,0.022511119,0.01759656
148,0.0440478,0.103610046,0.06563854,0.07236459,0.050988045,0.04854365,0.023535028,0.034219474,0.02190279,0.01892209,0.017833171,0.03323713,0.018497128,0.25153032,0.025804896,0.021047212,0.022849776,0.023982193,0.020642964,0.017777111,0.018742917,0.023131829,0.021151293
149,0.049899995,0.021989523,0.12760416,0.09202489,0.035158053,0.11136165,0.038982637,0.10463427,0.04050084,0.009634368,0.009853697,0.12220308,0.009678765,0.032535717,0.038121056,0.009855463,0.031245785,0.052317046,0.010000088,0.009364869,0.010099913,0.011718194,0.021215944
150,0.027527988,0.050440036,0.04545702,0.035538994,0.035917073,0.08714071,0.025429793,0.26371104,0.073100574,0.018419502,0.01758359,0.03202724,0.018824333,0.034132306,0.022793444,0.018280143,0.042287365,0.04000232,0.017857697,0.017694104,0.022469811,0.026551832,0.026813079
151,0.045376424,0.17064096,0.025155278,0.026357379,0.045487676,0.048721146,0.023346767,0.08027799,0.057939414,0.010496415,0.010241812,0.012585257,0.019630382,0.12268817,0.02014301,0.014881687,0.08135294,0.11492627,0.011810499,0.010250264,0.02123752,0.013770645,0.012682121
152,0.019103568,0.07889426,0.015927551,0.09352759,0.062342763,0.11130935,0.011672515,0.13510223,0.018980699,0.0075954287,0.00668146,0.012063841,0.035968315,0.021353837,0.013224113,0.05212047,0.051727157,0.090734765,0.008360404,0.0065538567,0.10147854,0.025468534,0.019808827
153,0.01696493,0.05226359,0.028285213,0.03615407,0.05224311,0.04337856,0.019993115,0.25198698,0.035644885,0.021825012,0.012708516,0.043089934,0.015714427,0.054691687,0.046455517,0.020868234,0.024887986,0.11835056,0.02867759,0.011449996,0.030730048,0.020409143,0.013226876
154,0.01236426,0.023792172,0.03856575,0.095736675,0.020867005,0.075269535,0.013492668,0.14632387,0.19638488,0.0514341,0.018583992,0.023138337,0.010335204,0.03621767,0.08176874,0.01063506,0.033735022,0.023685846,0.034366857,0.009362465,0.011828934,0.022223301,0.0098876385
155,0.029094227,0.026119959,0.023924671,0.032134946,0.061401166,0.054543175,0.02002931,0.28092086,0.089026175,0.024150332,0.0161831,0.017615132,0.017158981,0.09853991,0.036836218,0.015338929,0.033467453,0.036188222,0.020585848,0.015059837,0.015891947,0.019996999,0.015792526
156,0.024698636,0.048805986,0.024260726,0.03011223,0.13902672,0.052692723,0.038045395,0.11502227,0.21801871,0.044787243,0.014821587,0.019380553,0.028631097,0.024885448,0.018442836,0.014872015,0.023738388,0.018783338,0.032485634,0.014755901,0.016284565,0.021892117,0.015555875
157,0.021560045,0.25576892,0.03801108,0.049408328,0.037787892,0.05334522,0.022047156,0.039023485,0.054260757,0.022591148,0.01846159,0.029391399,0.07670813,0.019986952,0.01939605,0.019075794,0.054934833,0.01977201,0.021058027,0.018664928,0.019200047,0.06841397,0.02113221
158,0.061695132,0.1896376,0.05475095,0.052013073,0.012942975,0.013853794,0.01188992,0.031584524,0.034305736,0.0113913175,0.011321722,0.0846109,0.019269468,0.06810869,0.017190915,0.016588137,0.020776799,0.037117135,0.0149059,0.013961293,0.020661496,0.11763417,0.083788365
159,0.05861213,0.028738843,0.35472026,0.15486376,0.015380865,0.04826558,0.014792071,0.06234121,0.025516778,0.010547655,0.010450398,0.014092378,0.026230209,0.015289443,0.01320231,0.020376185,0.015319078,0.01236436,0.030395472,0.010389403,0.017439766,0.022575697,0.018096132
160,0.05148554,0.04159005,0.396987,0.14213206,0.029758098,0.030460434,0.01186259,0.059254684,0.038586065,0.0089925155,0.008604593,0.012207313,0.016992982,0.027403636,0.017641786,0.011634245,0.016416658,0.008989969,0.013501309,0.008225019,0.013334816,0.016084237,0.01785439
161,0.037206206,0.0375874,0.39144865,0.057526868,0.021041414,0.026471384,0.01844123,0.028204063,0.03699538,0.0196624,0.017119432,0.018626295,0.019201564,0.022538712,0.035858415,0.02541631,0.05176607,0.018900402,0.020102484,0.017048413,0.03347816,0.024745258,0.020613488
162,0.031231733,0.07889743,0.08389566,0.080720104,0.0108107,0.022449886,0.011456093,0.024240581,0.028381817,0.020653531,0.01008515,0.015269633,0.011137722,0.013233338,0.0787817,0.058805257,0.21788767,0.020471632,0.022177944,0.010024802,0.0934802,0.044018745,0.011888692
163,0.028462136,0.10646395,0.088047355,0.1774069,0.011160862,0.036188703,0.016409852,0.015030739,0.015567181,0.016968906,0.011167867,0.02815873,0.014826909,0.026353018,0.031946577,0.04759983,0.2187422,0.013584392,0.012364774,0.010654462,0.023475673,0.026532264,0.022886723
164,0.042416587,0.050096594,0.038390666,0.32725528,0.015233189,0.14598604,0.030389275,0.019091716,0.024333443,0.014685249,0.017948946,0.017235179,0.021557383,0.055293493,0.01777366,0.01943432,0.047201745,0.014781567,0.015278181,0.0137110725,0.016215429,0.020124873,0.0155661795
165,0.042623326,0.031623714,0.048725136,0.17941552,0.018379925,0.20954096,0.10730008,0.03677447,0.06668755,0.01121123,0.036574766,0.015495552,0.025356732,0.024565028,0.011796855,0.012822316,0.0342386,0.012552948,0.012795418,0.0110550495,0.0121712135,0.026952486,0.011341108
166,0.07168083,0.15628172,0.021513596,0.05113018,0.15069687,0.14731461,0.013886191,0.016998278,0.050048426,0.011956418,0.011805806,0.027604522,0.021711944,0.024683595,0.058699563,0.013425595,0.012815454,0.028562376,0.034436993,0.011817498,0.024367165,0.026020356,0.012541987
167,0.048044145,0.050677,0.06318904,0.07455833,0.033579074,0.059444383,0.012398841,0.047288112,0.080926165,0.009784616,0.009740396,0.022556918,0.051774517,0.011562931,0.17032546,0.011056991,0.010065306,0.12235197,0.013600843,0.0097567085,0.056681845,0.016679777,0.013956693
168,0.03995087,0.23104706,0.035471953,0.07604403,0.03649077,0.08377399,0.015894327,0.040286522,0.09901128,0.015276682,0.015223801,0.026397185,0.021494875,0.015626034,0.036407307,0.02407019,0.015372664,0.057578657,0.025764925,0.015258656,0.023943903,0.016488843,0.033125453
169,0.080679014,0.03475904,0.10301203,0.04252376,0.0216735,0.031584907,0.015713226,0.03589664,0.048315726,0.037343577,0.015462992,0.01648784,0.023543127,0.016136166,0.08423107,0.015787352,0.015713688,0.21937682,0.039693214,0.015599971,0.04898172,0.016346486,0.021138152
170,0.024526598,0.043727748,0.15743841,0.059157282,0.032306988,0.034300257,0.011227399,0.15983145,0.07488018,0.013500191,0.010587755,0.015474798,0.049899463,0.014469405,0.048344377,0.011057668,0.010877658,0.03774137,0.013754766,0.011418816,0.12593481,0.013728044,0.025814533
171,0.018133404,0.0414871,0.06486369,0.070436426,0.11789231,0.09718284,0.014862714,0.22451861,0.0643647,0.01488874,0.011673563,0.04178707,0.04795481,0.013354042,0.023769736,0.011903905,0.013328894,0.02705173,0.013991226,0.012001113,0.025144938,0.013913645,0.015494801
172,0.021455398,0.09782818,0.14365873,0.06856185,0.031982876,0.1637867,0.014917044,0.06387976,0.07644363,0.012770746,0.011877824,0.08883363,0.040381737,0.012615152,0.014243883,0.013112123,0.016366825,0.017199436,0.012516352,0.013410304,0.015251901,0.018285297,0.030620653
173,0.15265815,0.06451099,0.0398706,0.04235277,0.019863274,0.024366193,0.012119425,0.15115629,0.0130692655,0.00981938,0.009589331,0.030049963,0.038556937,0.018126892,0.048184495,0.045992155,0.029616976,0.016389256,0.016217368,0.009942493,0.07657203,0.111562446,0.019413395
174,0.10574222,0.096847534,0.08792335,0.023367606,0.0818785,0.017309148,0.010788999,0.02583591,0.008170351,0.007166234,0.007096967,0.04594908,0.05153136,0.008752606,0.0853749,0.024696484,0.14880833,0.031016288,0.052434906,0.0071348376,0.01721089,0.046533417,0.008430091
175,0.045297448,0.03062457,0.35674617,0.050781198,0.020872982,0.034203023,0.034168463,0.05890305,0.026001606,0.016167525,0.016108964,0.01709655,0.027663453,0.023156246,0.021274513,0.020893404,0.01937759,0.024846992,0.02165257,0.016099734,0.04572131,0.047938954,0.024403669
176,0.044475924,0.08269982,0.37595135,0.097900525,0.01602496,0.03506889,0.021892611,0.021803996,0.056744307,0.0075764367,0.0056942636,0.0075550117,0.017888784,0.019076804,0.042667776,0.0070734066,0.016363582,0.0059829825,0.012613187,0.0056439857,0.012900575,0.03296405,0.053436734
177,0.04078237,0.042324536,0.3920555,0.065129384,0.01860647,0.037488896,0.01913773,0.021222403,0.07824567,0.016705276,0.01583528,0.016522493,0.018592725,0.019394131,0.026261171,0.017694337,0.024300102,0.01627209,0.017701594,0.01581412,0.03154665,0.022520768,0.025846278
178,0.15222235,0.03711168,0.05733999,0.12279186,0.01138419,0.080343485,0.01603877,0.050717033,0.14024495,0.012297939,0.010740859,0.020580955,0.012629699,0.013466783,0.018989362,0.040605202,0.06349805,0.013510128,0.012995872,0.010739109,0.051815357,0.037898805,0.012037633
179,0.03940795,0.04838745,0.08227134,0.2673223,0.018094668,0.024869341,0.042594116,0.019752206,0.02355369,0.0186161,0.016906546,0.019800527,0.034058314,0.095042795,0.024720984,0.029364426,0.046344303,0.02857519,0.017279906,0.016834244,0.037791558,0.028385594,0.02002646
180,0.02607611,0.04419965,0.06771637,0.35998443,0.020808611,0.077759586,0.022964561,0.022421451,0.025652796,0.019941298,0.020254068,0.021792518,0.026709877,0.031703603,0.025410466,0.021592975,0.026476368,0.02074788,0.025830766,0.019516628,0.02268253,0.029682197,0.020075245
181,0.03643526,0.12305642,0.04481805,0.17274486,0.05408122,0.091176525,0.033114552,0.033871688,0.045427155,0.008977397,0.01196887,0.010750667,0.023308326,0.06650364,0.009869225,0.011711812,0.14353332,0.018477049,0.014005616,0.008884404,0.014281675,0.013995682,0.009006528
182,0.04162003,0.039213628,0.07021298,0.10269908,0.02315342,0.04968057,0.017297076,0.024205578,0.2239993,0.012990114,0.013051283,0.013872054,0.024322983,0.071809955,0.015632754,0.025462871,0.02792842,0.0632703,0.0319852,0.012723443,0.060498904,0.02130345,0.013066552
183,0.04925129,0.09652441,0.027821358,0.105181895,0.04025405,0.18649343,0.022548523,0.01134188,0.08345981,0.008484734,0.008435555,0.013164166,0.04619851,0.0198149,0.025407147,0.020278262,0.016145349,0.018253729,0.10735293,0.008396955,0.014968271,0.06057163,0.009651223
184,0.049305283,0.03259185,0.05086408,0.05840299,0.03469627,0.040183883,0.039621457,0.035828136,0.039528087,0.015189365,0.015132189,0.07368194,0.025105236,0.018544191,0.03349829,0.016804501,0.016601216,0.07488849,0.017748218,0.015146561,0.24299449,0.016238874,0.037404396
185,0.030477364,0.064310744,0.112023346,0.04268696,0.17402922,0.119200446,0.014591802,0.06174697,0.13175136,0.012171535,0.01193926,0.02025098,0.019168437,0.01302043,0.019991798,0.013562358,0.012313853,0.026519,0.013830723,0.01196454,0.036881585,0.013334636,0.024232611
186,0.027722811,0.14393537,0.041894455,0.1572816,0.04245283,0.1254651,0.013120376,0.027196912,0.08410503,0.014411438,0.012067257,0.015172338,0.038211063,0.012662428,0.05737466,0.013540405,0.013058919,0.045790818,0.015327881,0.012235017,0.039496705,0.0148062855,0.03267033
187,0.04031275,0.037020646,0.059253357,0.06337115,0.057130054,0.04314262,0.018063527,0.067991026,0.032984447,0.018253582,0.01759428,0.03107566,0.025520148,0.018457904,0.06215435,0.017891465,0.017936474,0.038497433,0.018678864,0.01913199,0.25503153,0.01837229,0.022134406
188,0.034408722,0.036588263,0.10491649,0.0680349,0.028006753,0.1272003,0.0143293375,0.07434717,0.02110548,0.01222201,0.011816563,0.13775784,0.020523148,0.014838793,0.019001318,0.012375542,0.013301781,0.15336244,0.014987978,0.013339759,0.037001323,0.012678955,0.0178551
189,0.031434443,0.037602227,0.055648398,0.039626222,0.03762145,0.05384011,0.040739622,0.2655031,0.030353202,0.018262232,0.018072285,0.06450424,0.02307608,0.020976065,0.025027215,0.018404271,0.019057069,0.054887842,0.018900951,0.032976363,0.021604482,0.019483492,0.05239861
190,0.118015945,0.08128827,0.10250496,0.042523984,0.01580675,0.02970261,0.037595976,0.013739554,0.008309462,0.0070500346,0.006922611,0.01152992,0.1285848,0.011200259,0.034496415,0.052999757,0.11615516,0.011823837,0.07225172,0.006925332,0.022630082,0.060473576,0.007468987
191,0.040644184,0.05787459,0.23172413,0.048537858,0.013700144,0.07978258,0.018335992,0.026907628,0.014114874,0.011124168,0.010988901,0.011839459,0.03540654,0.050383646,0.016307553,0.029331822,0.02580296,0.01396297,0.021449093,0.010985303,0.17857942,0.038671516,0.0135446265
192,0.05072967,0.13103336,0.311339,0.03547907,0.024135718,0.030524973,0.020809595,0.040022235,0.02936867,0.014434634,0.014130046,0.014708646,0.026215553,0.04894179,0.029553734,0.017951036,0.03008263,0.014883013,0.016837142,0.01417097,0.03875596,0.024946306,0.020946227
193,0.10337318,0.16192853,0.18054889,0.08361958,0.0121836625,0.054475483,0.0526938,0.024008933,0.033213858,0.011208061,0.008699992,0.01117085,0.022409026,0.027490169,0.010661303,0.043013006,0.031543087,0.009851287,0.015472582,0.008711329,0.06572666,0.018280262,0.009716499
194,0.030179007,0.045146775,0.22812964,0.08757057,0.020709706,0.046857458,0.021442438,0.029152233,0.05421727,0.020897878,0.013594353,0.017903259,0.026121873,0.04361796,0.018851936,0.018955948,0.020376427,0.020553267,0.014916564,0.013585501,0.16974516,0.017603267,0.019871602
195,0.019347997,0.12828629,0.09816982,0.30044842,0.016491696,0.044448677,0.013587309,0.021702448,0.03607404,0.013240883,0.012027773,0.022027763,0.04845968,0.043699823,0.044617962,0.014417728,0.018695364,0.018153898,0.016237533,0.011894525,0.028975187,0.016281689,0.012713423
196,0.02120574,0.1213615,0.17746694,0.1281924,0.03179883,0.08770751,0.009464503,0.053978026,0.08622915,0.006866134,0.006973182,0.018224405,0.013317489,0.027999433,0.011724394,0.01776672,0.04866999,0.04765662,0.034490608,0.006645736,0.009686698,0.025683373,0.0068906243
197,0.0391727,0.059958573,0.08159967,0.12335756,0.034472562,0.092644975,0.016515948,0.027869709,0.038982555,0.012971082,0.01293946,0.01647779,0.02127316,0.21906187,0.021900844,0.014935986,0.015266072,0.027516333,0.02904079,0.01290507,0.0339575,0.032937992,0.0142418165
198,0.047471337,0.14068395,0.078637615,0.061363675,0.15844522,0.1399371,0.032706704,0.012573539,0.01959512,0.008648502,0.0086369,0.036931742,0.063622616,0.047477335,0.012516703,0.01074383,0.010484367,0.03767542,0.023440085,0.00858137,0.012061524,0.016573189,0.011192169
199,0.059412934,0.08080363,0.05031707,0.05321683,0.025607172,0.050208155,0.030634126,0.022371553,0.05216429,0.011325755,0.011236364,0.041813694,0.056435056,0.01322533,0.016099531,0.024001785,0.013507086,0.19592914,0.030156726,0.011274426,0.11684583,0.012550237,0.020863252
200,0.034720633,0.10425187,0.09407885,0.06764942,0.078066655,0.12111232,0.009572452,0.087346956,0.09649851,0.007011335,0.0068506747,0.025641287,0.049982317,0.014570135,0.012061523,0.010964064,0.0077817286,0.029281793,0.009577105,0.006936421,0.019845935,0.01700593,0.08919211
201,0.048135534,0.06101029,0.10118458,0.04373464,0.17831749,0.09678428,0.014855129,0.06544215,0.06904565,0.009641306,0.009198,0.018753791,0.01833016,0.012342477,0.042959,0.010518585,0.012856147,0.09689093,0.015827015,0.00929764,0.026817363,0.019517956,0.018539846
202,0.025187394,0.02101076,0.027087703,0.022958532,0.04712427,0.06579331,0.013715734,0.033555955,0.16241436,0.014231963,0.012937753,0.06260526,0.04001304,0.016522905,0.08557096,0.018599799,0.044970762,0.031885672,0.03645611,0.013787431,0.15770072,0.020450426,0.025419233
203,0.08665019,0.029620877,0.043926235,0.061769485,0.015515527,0.17033437,0.008969602,0.15265562,0.03601385,0.008070637,0.0078817075,0.04726339,0.015864165,0.037873887,0.024751147,0.012952635,0.02186979,0.10607576,0.042474788,0.008225261,0.039722733,0.009554003,0.011964274
204,0.094609216,0.066977926,0.084648535,0.08481175,0.02075753,0.061872326,0.012173287,0.08335125,0.041220475,0.009644576,0.009579233,0.018418524,0.015940111,0.03041874,0.060701173,0.010228553,0.011651079,0.19906801,0.012921529,0.011112311,0.013203366,0.013238019,0.033452533
205,0.034573227,0.04852266,0.03515927,0.023462968,0.01780389,0.021158358,0.10658929,0.02723043,0.016962873,0.016401438,0.016332697,0.01714599,0.042659502,0.020170793,0.020452399,0.040564332,0.11527907,0.034508135,0.04481564,0.016333187,0.0207791,0.24614261,0.016952133
206,0.034623753,0.18987934,0.055078074,0.019941745,0.013416619,0.023353944,0.025998143,0.09247623,0.013741652,0.0122458385,0.012168143,0.013051232,0.034472983,0.03817942,0.014614589,0.054010417,0.028618013,0.026162975,0.042544216,0.0121722175,0.030231941,0.19692817,0.016090339
207,0.08566497,0.06383942,0.13352166,0.045420583,0.016777787,0.04453399,0.04153289,0.041581668,0.022859989,0.013582492,0.013397688,0.014700378,0.017294241,0.22907522,0.027607512,0.018263286,0.04338661,0.015868977,0.017167915,0.013381138,0.02182002,0.043244354,0.01547716
208,0.047683515,0.05348894,0.28133324,0.07687372,0.01639166,0.09849176,0.019506104,0.02022262,0.073333874,0.015516617,0.014451952,0.015738701,0.01651051,0.048397116,0.029314976,0.016798694,0.019509744,0.014935988,0.017028641,0.0144413905,0.022012686,0.047073722,0.020943802
209,0.045836825,0.053778898,0.33183527,0.07563533,0.023534358,0.038256824,0.02428719,0.021166107,0.0585282,0.023006946,0.017303726,0.024437536,0.02733246,0.03610232,0.021423178,0.022565186,0.021604732,0.018043602,0.024538353,0.017323306,0.028502312,0.026256701,0.018700663
210,0.04839095,0.030542815,0.14997344,0.051568758,0.05371194,0.025629451,0.015674284,0.019182784,0.22670041,0.052421127,0.013851259,0.041202642,0.07081622,0.027276242,0.025069108,0.015708586,0.015260122,0.015263166,0.015115566,0.013958678,0.03101651,0.026157089,0.015508839
211,0.034619834,0.08855217,0.14532107,0.20758142,0.01711394,0.054522257,0.010631923,0.029606337,0.051915966,0.014517481,0.010110291,0.019874161,0.03513258,0.084515125,0.10158536,0.012795191,0.011540271,0.011457083,0.011716801,0.010107443,0.013868592,0.012394513,0.010520175
212,0.08123312,0.05353053,0.11456198,0.17916171,0.028055355,0.13163283,0.009833889,0.023550635,0.15604551,0.0094607575,0.008903173,0.022818808,0.014255934,0.02275337,0.028147377,0.02879476,0.013948769,0.0139798,0.0182249,0.008874766,0.010130508,0.01203948,0.01006202
213,0.06780542,0.10554605,0.086528756,0.22637588,0.048355825,0.048401814,0.013205386,0.066814356,0.030466495,0.00855403,0.0083777355,0.01213904,0.010887604,0.033297867,0.085900836,0.012347836,0.010504537,0.011452432,0.063356675,0.008441828,0.012360501,0.011257102,0.017621955
214,0.11511366,0.11746647,0.085344344,0.19694072,0.048048392,0.1353252,0.03248136,0.02380933,0.015694361,0.010866325,0.011037835,0.015080177,0.018424852,0.019356364,0.021387827,0.015716633,0.017441537,0.014994255,0.038177654,0.010800193,0.011836827,0.012268922,0.012386789
215,0.049543716,0.03171802,0.042354774,0.1425293,0.064197674,0.23560987,0.018565008,0.034229062,0.022257421,0.015455364,0.015402248,0.02342374,0.028286222,0.024061961,0.021157531,0.017514251,0.03599157,0.06253321,0.019337611,0.015407095,0.046415284,0.01606955,0.017939474
216,0.034711696,0.07079096,0.051977485,0.093158185,0.25129083,0.081247486,0.02246724,0.041206617,0.030934896,0.016006947,0.01580847,0.021347247,0.02299326,0.033708043,0.04032851,0.018083634,0.019349243,0.023836501,0.023923554,0.01581494,0.027364545,0.019116351,0.024533287
217,0.104857065,0.08823549,0.058920007,0.036435667,0.057366006,0.19907372,0.012627786,0.09219409,0.05560509,0.011873391,0.01050075,0.044068564,0.026614422,0.017857196,0.015942762,0.014765378,0.011751609,0.024126733,0.061749056,0.010508689,0.01496284,0.015030637,0.014933024
218,0.06659404,0.22161467,0.028763363,0.047976505,0.11105148,0.04566779,0.020503692,0.07507457,0.043321736,0.014943193,0.014609163,0.019191202,0.017462295,0.06220871,0.01824077,0.02677422,0.015339866,0.021612719,0.038174365,0.014593129,0.026102848,0.035001706,0.015177977
219,0.06333409,0.046391387,0.105797544,0.044570558,0.026505077,0.23892628,0.017909067,0.0680892,0.069779806,0.011914728,0.0118431095,0.016600255,0.04443899,0.025099315,0.06335729,0.012755001,0.020078897,0.035221536,0.020444497,0.011896421,0.01611109,0.015790956,0.013144949
220,0.07036472,0.021018827,0.14621252,0.115140006,0.09217848,0.103327386,0.009287017,0.025829125,0.041440815,0.007873781,0.0077783903,0.014031291,0.012898702,0.011490848,0.09402722,0.009057084,0.009010927,0.12959564,0.009297163,0.007940369,0.008877344,0.040805202,0.012517134
221,0.025729684,0.045989357,0.103413165,0.021764126,0.019322418,0.03170377,0.021359392,0.03183728,0.020587223,0.01912769,0.0189411,0.02363312,0.023912681,0.028654635,0.019506326,0.04075677,0.023734976,0.03211647,0.031367242,0.018947948,0.03746524,0.31105706,0.049072403
222,0.031980056,0.030648679,0.03377205,0.025101913,0.01711894,0.036160093,0.018399319,0.023814691,0.018341104,0.017378228,0.016396524,0.04296326,0.025382211,0.055784985,0.01726029,0.06140845,0.032368816,0.08848504,0.066782124,0.016395992,0.019264456,0.28393283,0.020859862
223,0.09516176,0.037209857,0.048519958,0.07060033,0.020184623,0.14990662,0.01778011,0.026706139,0.021757636,0.019951224,0.016882818,0.020166652,0.044933062,0.19268578,0.020440772,0.025447283,0.020319093,0.02763043,0.022988742,0.01690195,0.017493725,0.048307475,0.018024033
224,0.13813213,0.068915494,0.2796969,0.04048583,0.03678388,0.040305793,0.019863952,0.022553623,0.0260838,0.017000454,0.015551311,0.01618335,0.033961453,0.038392544,0.03642521,0.019109495,0.030234184,0.021713816,0.021188207,0.015554654,0.01591391,0.02590345,0.02004655
225,0.04781804,0.06887403,0.36505455,0.10362783,0.053679325,0.030986665,0.012888686,0.04093629,0.025397956,0.016008627,0.011902163,0.012567305,0.03589414,0.016720569,0.020576518,0.02607312,0.014759685,0.013448693,0.01615309,0.011917757,0.012795217,0.025494661,0.016425101
226,0.0352025,0.11451097,0.31465062,0.17362599,0.015226535,0.039404277,0.009069718,0.061591174,0.06743941,0.009866808,0.008057917,0.00853816,0.012641738,0.016582195,0.010214358,0.010512701,0.009622287,0.00888119,0.030130507,0.008065982,0.008629287,0.018066345,0.009469287
227,0.0596031,0.055802118,0.20159093,0.3004793,0.016736517,0.07564903,0.013609566,0.029205,0.025095105,0.013347078,0.012744237,0.014124594,0.014514056,0.02963691,0.016584976,0.014277503,0.017387046,0.013449484,0.019517383,0.012762345,0.013387062,0.016187461,0.014309114
228,0.106222205,0.027131852,0.10777336,0.29287162,0.028068163,0.069828585,0.012750005,0.040349696,0.017065404,0.012950672,0.011145385,0.011641635,0.01697823,0.08094772,0.011913736,0.017906183,0.03198269,0.011381146,0.03492552,0.011152758,0.012554113,0.019429518,0.013029771
229,0.09014755,0.0731045,0.16590537,0.083943516,0.014142999,0.025970045,0.020283725,0.015862877,0.013843396,0.011832734,0.011491955,0.011703502,0.02207275,0.02265788,0.0120497905,0.04759705,0.12648648,0.011621671,0.122590125,0.01149001,0.012863503,0.060328774,0.012009843
230,0.20955439,0.03462799,0.08178127,0.117471755,0.038679406,0.16274923,0.016428519,0.044190127,0.017939659,0.013749519,0.0136641795,0.014810601,0.060333263,0.015610625,0.014751427,0.017321676,0.019119497,0.019448178,0.022971597,0.013668807,0.017550383,0.014489545,0.019088361
231,0.057723176,0.060719896,0.065476224,0.24709068,0.042829495,0.110206686,0.017246937,0.07674142,0.03708781,0.016054533,0.01600037,0.016783867,0.022187997,0.02274457,0.018701281,0.029301913,0.028986635,0.017638259,0.020620452,0.01600317,0.017702056,0.018560188,0.023592323
232,0.024997042,0.15173097,0.05815394,0.15644155,0.0646688,0.049086247,0.015074685,0.11231961,0.048823457,0.024282891,0.010148069,0.019240763,0.01267441,0.018198494,0.013428534,0.040361684,0.015813133,0.06958549,0.029113254,0.010151419,0.020349609,0.024106123,0.011249812
233,0.052673742,0.081016846,0.061509974,0.074903436,0.04071824,0.07725553,0.061788082,0.03043851,0.123900145,0.011870131,0.010184817,0.018387668,0.018572282,0.018778926,0.03607951,0.014335492,0.011357695,0.03371765,0.17291875,0.010186382,0.014680984,0.013766829,0.010958391
234,0.14425841,0.038475648,0.05808741,0.15495157,0.033189464,0.12118267,0.06880015,0.02318852,0.09280525,0.010660304,0.010420831,0.01259572,0.065518744,0.015068592,0.023992304,0.01296704,0.011680546,0.019726448,0.024459608,0.01043614,0.02142876,0.011700865,0.014404951
235,0.10472894,0.032406293,0.2105764,0.116683766,0.026162207,0.06859361,0.018519523,0.044205416,0.09178599,0.012838696,0.012545613,0.014268151,0.021973053,0.014494977,0.02535838,0.023330865,0.013205185,0.054598648,0.015416988,0.012570104,0.01518899,0.017068403,0.033479802
236,0.03015098,0.026037233,0.026420174,0.029707605,0.021701338,0.03232796,0.021750007,0.051531725,0.025970884,0.02500832,0.02112431,0.025124812,0.056768373,0.029923337,0.02261714,0.26211008,0.023735994,0.0589644,0.028525436,0.021128118,0.021736061,0.11571675,0.021918964
237,0.06458147,0.030029139,0.03297455,0.030413218,0.021997755,0.05055095,0.021171544,0.028698444,0.051227644,0.04692226,0.020713003,0.021904368,0.26271334,0.0428317,0.029109333,0.054075435,0.021944292,0.04291116,0.022688355,0.020728318,0.021135394,0.039523955,0.02115433
238,0.27260536,0.06293203,0.066001885,0.029213915,0.023911549,0.028322112,0.021021169,0.03522476,0.02621024,0.024203924,0.020299576,0.020677786,0.05958141,0.026666671,0.07725859,0.025535023,0.022638893,0.03509676,0.021453341,0.020300688,0.020487083,0.039309602,0.021047592
239,0.051833563,0.053112578,0.33737558,0.04024078,0.047236666,0.020968603,0.016053988,0.021185704,0.023184214,0.01589029,0.015040529,0.01697694,0.055685196,0.016155278,0.025981637,0.09288607,0.01763174,0.018004613,0.016021082,0.0151181705,0.015646642,0.031316113,0.03645402
240,0.06647821,0.05010087,0.36407992,0.07334257,0.020060347,0.06119434,0.021214943,0.028971441,0.034307316,0.01993123,0.016948774,0.01782006,0.0221646,0.019573377,0.018414788,0.017932681,0.019608982,0.01972057,0.021220433,0.016961852,0.01787831,0.03190936,0.020165028
241,0.047202624,0.04001043,0.338555,0.098178804,0.020963904,0.05931924,0.021179603,0.045699686,0.03173291,0.018908737,0.018652614,0.025882276,0.019882008,0.021925705,0.019587452,0.01959002,0.02719895,0.021436395,0.020164909,0.01866261,0.020090418,0.023156743,0.022018908
242,0.06510059,0.019321706,0.17125142,0.22981289,0.019582417,0.10197951,0.014940299,0.01938359,0.031284176,0.01494734,0.014439555,0.015791543,0.040389705,0.025044568,0.014909207,0.022172626,0.035302583,0.014624511,0.056873284,0.014444878,0.016036775,0.017442387,0.024924424
243,0.28718156,0.03571305,0.09497988,0.070020154,0.023692332,0.040707223,0.021372734,0.024828902,0.030505622,0.020567998,0.019890407,0.02049251,0.02700789,0.026036937,0.021736735,0.030224783,0.040636104,0.020191098,0.04277024,0.019895654,0.029332325,0.030536022,0.021679843
244,0.053582497,0.0930415,0.040619552,0.3159215,0.021465113,0.08885993,0.017712891,0.024642134,0.019657664,0.017227171,0.017161138,0.01756615,0.025603047,0.018288495,0.017584147,0.033452865,0.03099603,0.01847633,0.021895804,0.01716293,0.017872615,0.020001756,0.051208854
245,0.038859677,0.22441433,0.028921401,0.10901379,0.020686379,0.03833774,0.016758315,0.025352854,0.02113813,0.016336259,0.016221656,0.016737135,0.01854177,0.019072693,0.017023122,0.1303826,0.09395791,0.017777722,0.041155923,0.016227257,0.016824892,0.03496854,0.021289853
246,0.03607349,0.027674949,0.076319486,0.15248135,0.037559256,0.064352676,0.011080212,0.12756215,0.05136362,0.01125403,0.00875592,0.063321225,0.010475298,0.019907424,0.011053483,0.01217794,0.010694723,0.11616799,0.012149426,0.008793976,0.10509075,0.010626935,0.015063678
247,0.029701235,0.052534718,0.058594,0.062121935,0.035587665,0.09060405,0.021591429,0.033168856,0.032976,0.021132648,0.016148483,0.04752024,0.02529241,0.0464009,0.025245247,0.018137103,0.016941864,0.24476062,0.031197177,0.01614468,0.03834147,0.01685969,0.01899759
248,0.035591025,0.07998179,0.046923105,0.035047755,0.17085241,0.042015675,0.017867379,0.048674576,0.036073856,0.013194759,0.012760365,0.022954457,0.022895044,0.041866664,0.08633613,0.026989825,0.013817273,0.032869056,0.01610893,0.012765885,0.1345269,0.01314716,0.036739968
249,0.05443153,0.15296945,0.04632362,0.057179317,0.03477802,0.040881075,0.019092085,0.025354344,0.07176735,0.017266382,0.017150328,0.024546009,0.020301914,0.023055898,0.036183912,0.019784398,0.018283213,0.023767918,0.023240922,0.017190695,0.030140372,0.01788808,0.20842314
250,0.1555016,0.04206886,0.23587766,0.067297466,0.028181221,0.022942346,0.014485903,0.015508252,0.027851893,0.010461159,0.009559269,0.02059656,0.03324042,0.0108860005,0.05871479,0.021257535,0.022289554,0.026059529,0.010594091,0.010007123,0.012109372,0.016904715,0.12760468
251,0.078712456,0.061514225,0.34963062,0.1276367,0.019571666,0.045839082,0.033823673,0.02361066,0.037900325,0.014821314,0.008327705,0.013028386,0.01495067,0.015026623,0.014948974,0.011369913,0.023029365,0.024683833,0.01047812,0.008396162,0.013263004,0.022526966,0.026909566
252,0.07024701,0.09905722,0.28616312,0.1388527,0.01570316,0.15076652,0.021308731,0.018370345,0.024065785,0.006456804,0.005576346,0.009020957,0.011433471,0.008037036,0.0067380513,0.009900956,0.010709045,0.023167081,0.007805874,0.0056029246,0.013731724,0.031103084,0.026182096
253,0.097359195,0.17598946,0.20426457,0.0831882,0.014034426,0.031095698,0.011161511,0.043537315,0.02088157,0.009941905,0.009298571,0.013481776,0.011594424,0.0125523405,0.011084292,0.020345163,0.010815806,0.0137106655,0.010593615,0.00941986,0.053327862,0.1195809,0.012740835
254,0.061777297,0.056183223,0.24234833,0.07365925,0.032714177,0.04526855,0.013112692,0.038948715,0.07324201,0.016619619,0.012462481,0.013472571,0.02458651,0.035381652,0.0250564,0.04291648,0.018979112,0.014121698,0.015535314,0.012516914,0.08320356,0.034472726,0.013420795
255,0.054895006,0.04413087,0.034920715,0.35278967,0.021199187,0.09086693,0.01977599,0.032761924,0.026466025,0.019345304,0.019223263,0.019812906,0.032140084,0.022084499,0.019847116,0.024816347,0.038424935,0.021169843,0.020616027,0.019221915,0.01974147,0.02032234,0.025427673
256,0.1447521,0.056074932,0.051972944,0.3242691,0.021900056,0.042062722,0.01681204,0.02515567,0.034378838,0.01481971,0.014152925,0.017229374,0.018825216,0.031460814,0.017537763,0.032440953,0.027975863,0.025320407,0.017788138,0.014164646,0.016503006,0.01779558,0.01660724
257,0.0569816,0.03166241,0.04895394,0.2969417,0.041632574,0.07801197,0.018921083,0.053258304,0.019476619,0.01687731,0.011218888,0.03678482,0.014984308,0.09907113,0.0235114,0.0145417005,0.025708215,0.027963383,0.013305851,0.011215046,0.029233929,0.015218478,0.014525415
258,0.06572835,0.03145636,0.05202247,0.27325955,0.022414643,0.13117874,0.019920489,0.024676843,0.022526657,0.06411825,0.016265878,0.02411323,0.020691236,0.03278763,0.020038765,0.017018078,0.020050168,0.04647535,0.022254607,0.016198121,0.021994274,0.01742096,0.017389305
259,0.102161005,0.022132892,0.12340272,0.060062185,0.029919574,0.1342566,0.013742979,0.074896,0.037510566,0.012464431,0.012350711,0.0141349705,0.032954242,0.14582999,0.054151237,0.013972719,0.013347098,0.015333865,0.018769016,0.012349256,0.026197199,0.012642322,0.017418416
260,0.14793985,0.03251258,0.034806963,0.0903528,0.020291442,0.14979471,0.017931076,0.02251563,0.11004919,0.011499359,0.011280367,0.015951265,0.014190514,0.03224997,0.10620329,0.012072114,0.017569482,0.012812722,0.06229305,0.0112820845,0.021273503,0.011872827,0.033255205
261,0.065483265,0.124552995,0.1162878,0.022267628,0.01743042,0.03141895,0.02590711,0.036098983,0.08381137,0.009416138,0.009011476,0.043056853,0.04156796,0.01001274,0.015356464,0.011392707,0.09909466,0.1297255,0.014316351,0.009084414,0.024904687,0.037838545,0.021962944
262,0.05715479,0.053215068,0.27424875,0.08999831,0.07427218,0.022004103,0.04332136,0.04044203,0.033291884,0.011839939,0.008781794,0.03398294,0.028945321,0.010996303,0.010400799,0.017417504,0.04586832,0.030421391,0.01849284,0.008838576,0.040267885,0.025485078,0.020312848
263,0.05675832,0.11909611,0.27614632,0.098809496,0.04131376,0.064022265,0.011996018,0.03114106,0.040847454,0.0069279633,0.006493071,0.017579148,0.014625713,0.013226324,0.006958187,0.015129019,0.022244846,0.020489527,0.019995106,0.006588162,0.02429065,0.053505037,0.031816475
264,0.07367081,0.08134963,0.31239593,0.065942615,0.024976095,0.024690814,0.015673833,0.034355983,0.033539172,0.015201429,0.014887026,0.016282283,0.01621682,0.016389752,0.0156594,0.0726455,0.015553104,0.032839917,0.017274652,0.015831407,0.023780907,0.0362883,0.02455464
265,0.040129103,0.03974424,0.13254729,0.03823221,0.029330516,0.027557425,0.02118882,0.029870884,0.03375363,0.02198695,0.02082751,0.021541962,0.024223965,0.024489963,0.02296956,0.284838,0.022521013,0.031501368,0.021820111,0.021216774,0.03755251,0.029310705,0.02284556
266,0.033606935,0.035548043,0.35848296,0.06423644,0.021298254,0.027073205,0.038276926,0.07714708,0.024052504,0.020692764,0.020438818,0.021623129,0.027277451,0.022857876,0.02161314,0.022238405,0.021222545,0.020827621,0.020881537,0.020676559,0.034669023,0.022618886,0.022639958
267,0.08291554,0.058310043,0.2123769,0.26009107,0.0153444875,0.033595346,0.028266335,0.041546766,0.021317583,0.012764332,0.01251231,0.014060316,0.03132054,0.026405478,0.01886778,0.021342745,0.01550751,0.01442633,0.014041,0.012546011,0.015061998,0.018951971,0.018427657
268,0.050992932,0.13501433,0.10492033,0.15521893,0.021040728,0.058764752,0.07496725,0.013778828,0.011923092,0.006362303,0.0051580854,0.014474418,0.031952325,0.118879475,0.06158141,0.016476022,0.015548299,0.011912158,0.011380322,0.0051618083,0.008105382,0.038076527,0.028310318
269,0.042895686,0.034555234,0.22495481,0.20169644,0.01594839,0.05325295,0.029698735,0.02394024,0.022818984,0.019775106,0.012010795,0.025438625,0.036783524,0.031951595,0.023547603,0.013543015,0.02929405,0.044468004,0.04651411,0.012006036,0.023405567,0.016006239,0.015494201
270,0.03589939,0.041809794,0.095234536,0.10757927,0.032964148,0.29201525,0.028510917,0.023274748,0.024598068,0.017839596,0.01764426,0.023077974,0.019054784,0.0279692,0.0216964,0.018329801,0.052818365,0.018258188,0.025133684,0.017655496,0.018227581,0.019017953,0.021390617
271,0.041559145,0.071113035,0.042214356,0.26056772,0.027549902,0.10634273,0.073836796,0.0306743,0.030253178,0.013025752,0.012659099,0.046648238,0.013670752,0.06061914,0.02688046,0.015079525,0.018380675,0.01308347,0.021783581,0.012660844,0.01411021,0.013695258,0.033591785
272,0.090282,0.0711498,0.076174565,0.027950209,0.022777589,0.0185766,0.01819482,0.020221721,0.020666637,0.0147617,0.014395,0.21404326,0.020190153,0.017728105,0.01671433,0.016287556,0.034198772,0.07820961,0.020131305,0.014748009,0.018252008,0.08117654,0.07316961
273,0.047075406,0.06168765,0.32949135,0.060720466,0.03277978,0.034774978,0.017563881,0.030987967,0.037166998,0.016465144,0.016279366,0.045129664,0.01919618,0.018307937,0.016743455,0.019655444,0.02154551,0.03569987,0.019011216,0.017246576,0.02037199,0.04551879,0.03658036
274,0.12663518,0.08003422,0.35732874,0.04938205,0.020035893,0.017650079,0.011557998,0.020218004,0.02118084,0.011801864,0.011228319,0.017658187,0.015629599,0.016376743,0.011754889,0.02777615,0.0131752165,0.040703773,0.012257504,0.018816369,0.019966712,0.060378637,0.018453084
275,0.049618818,0.04071107,0.3300482,0.028671198,0.0477205,0.019151516,0.015200101,0.03432381,0.031784747,0.018792972,0.015039937,0.016410545,0.019904647,0.017215053,0.016088065,0.06747418,0.018829033,0.07594723,0.0155320205,0.017121693,0.062281657,0.023199368,0.018933643
276,0.029468978,0.06302961,0.39912653,0.04583203,0.01885279,0.031397834,0.0362089,0.04921645,0.027810026,0.018685339,0.017618822,0.022325484,0.039910257,0.018516429,0.018229775,0.019825703,0.019148791,0.017899161,0.018569082,0.018975964,0.02202906,0.022604479,0.024718562
277,0.023454797,0.20454818,0.22805642,0.10542176,0.00956131,0.06610046,0.049542345,0.016722191,0.057038188,0.009126994,0.008663163,0.009939771,0.09625665,0.010785075,0.009709711,0.01154577,0.012520055,0.009090545,0.012675432,0.0090311235,0.009943241,0.018990261,0.011276612
278,0.045039028,0.059143085,0.3379622,0.078858085,0.02211629,0.044320107,0.024847485,0.035974327,0.064181186,0.016105048,0.015453122,0.01697013,0.019690445,0.03786405,0.030790772,0.017018192,0.017216243,0.023576176,0.016900795,0.015459358,0.01849621,0.020321231,0.021696443
279,0.046069786,0.031596884,0.35430107,0.07654208,0.028709909,0.05835228,0.019446738,0.04104829,0.036944438,0.016725035,0.014506953,0.016659776,0.019966874,0.023654751,0.06523189,0.015261633,0.017616304,0.025954662,0.019529155,0.01451253,0.01692048,0.017292865,0.023155697
280,0.022968285,0.025597908,0.20936547,0.16716255,0.017620293,0.23483846,0.024042483,0.022397928,0.040543083,0.0128532015,0.012047366,0.013780618,0.020824285,0.03461348,0.024384484,0.013956657,0.01745629,0.015458651,0.015779462,0.012050836,0.0132448515,0.013129854,0.015883537
281,0.024831332,0.042136546,0.1452806,0.20090921,0.013813036,0.08970229,0.028278098,0.025887774,0.053763047,0.012596783,0.00999186,0.015304852,0.012769572,0.17596895,0.028314916,0.023705184,0.0115164025,0.010733254,0.028100025,0.009987967,0.011284719,0.0120739555,0.013049656
282,0.042692415,0.044949178,0.043976814,0.024364296,0.022859506,0.024338635,0.023354439,0.027241396,0.03233512,0.020584252,0.020454539,0.055063512,0.048580945,0.024963684,0.034438588,0.025534183,0.035863303,0.045875676,0.057399772,0.020513732,0.023285475,0.27072394,0.030606559
283,0.10097344,0.086443834,0.049410786,0.023955746,0.03165472,0.013041379,0.01251372,0.04535673,0.0368965,0.012332542,0.01225808,0.015073331,0.013291187,0.17089029,0.01251517,0.014262511,0.03915404,0.014611732,0.013325436,0.019663623,0.041539937,0.19262609,0.028209183
284,0.046057776,0.18714392,0.2515829,0.036011018,0.0214225,0.014195731,0.01198515,0.027426252,0.0322464,0.012019719,0.011865282,0.030805096,0.01783647,0.03630129,0.012603287,0.024332622,0.016417716,0.028986285,0.014151012,0.06803296,0.020229124,0.043663464,0.034684006
285,0.038797878,0.065779746,0.34362724,0.04237045,0.021223271,0.023895008,0.0140387565,0.03172285,0.115602754,0.014469437,0.013877028,0.017062016,0.021467354,0.021007374,0.018826647,0.023817245,0.016249321,0.024983997,0.014638071,0.022193324,0.039306227,0.022082783,0.03296121
286,0.05779182,0.09040032,0.34343642,0.03861514,0.015981209,0.03455218,0.017893555,0.01919732,0.025013193,0.019932041,0.014053012,0.028963832,0.0609353,0.01444374,0.015006534,0.023006584,0.018474335,0.014214508,0.015331596,0.022139786,0.024146603,0.032223508,0.054247487
287,0.044138994,0.16730517,0.28414637,0.09218104,0.012408079,0.024278795,0.01881551,0.01404836,0.021203665,0.012808091,0.0117904795,0.014361237,0.062218416,0.0124072265,0.012249565,0.020575939,0.033780515,0.012219555,0.012656421,0.013106581,0.014253779,0.070522554,0.018523652
288,0.13037093,0.032937534,0.28348354,0.101751484,0.027328882,0.0294897,0.013223379,0.049597017,0.03949414,0.012939,0.011538103,0.0120483115,0.013237958,0.05871367,0.025822235,0.011994457,0.012004126,0.048820645,0.011925924,0.011540816,0.02658314,0.014165687,0.020989325
289,0.081808895,0.059451092,0.22286063,0.07851128,0.100718364,0.05756503,0.0050276206,0.07407472,0.09759374,0.012135596,0.0036076559,0.0041495496,0.009957933,0.014261149,0.027148623,0.0045961672,0.004305307,0.05176832,0.004402966,0.0036168466,0.007148645,0.0154175665,0.0598723
290,0.039467126,0.045930114,0.32036173,0.12268781,0.025727173,0.054872446,0.01331159,0.05164768,0.042136006,0.013560668,0.011348958,0.012825985,0.06738399,0.021750553,0.025339823,0.012666758,0.013125125,0.0310879,0.012374524,0.011359445,0.017972901,0.014156262,0.018905489
291,0.045440435,0.042348593,0.16850927,0.28459415,0.02649322,0.06486599,0.017839337,0.039693285,0.034276623,0.01567306,0.0148089025,0.02359516,0.024791056,0.038611796,0.023856668,0.016816325,0.015336341,0.017394131,0.017452676,0.01480246,0.020588832,0.015770636,0.016441008
292,0.04453328,0.076471426,0.05874897,0.026497735,0.030272147,0.023198085,0.021506036,0.028383262,0.04978479,0.021507913,0.02128585,0.022083906,0.022500623,0.051332455,0.021793272,0.02201063,0.026928538,0.022005918,0.022660943,0.022745151,0.027106807,0.31198302,0.024659248
293,0.052542936,0.24374849,0.1761193,0.029748807,0.045374546,0.023812192,0.018119274,0.021108044,0.068492904,0.018443838,0.017693972,0.018384174,0.022361988,0.023398492,0.018555611,0.018976135,0.020218272,0.018378554,0.018555036,0.01822877,0.019573463,0.06917357,0.018991562
294,0.06591027,0.09619354,0.3089062,0.06647209,0.022976195,0.045240436,0.015551239,0.020216452,0.06392677,0.015419892,0.01511277,0.016884785,0.04353268,0.017491717,0.018106794,0.021766169,0.023331387,0.017099537,0.017630916,0.017033637,0.019134974,0.03370784,0.018353745
295,0.16192967,0.10403951,0.08369136,0.017942589,0.021088967,0.12913685,0.010989055,0.0124004325,0.025765285,0.010979769,0.010253969,0.110276975,0.024955269,0.010838343,0.015742304,0.02842548,0.014933062,0.01048676,0.017362671,0.06592284,0.011506501,0.06831621,0.033016097
296,0.06973779,0.11876219,0.26737478,0.037721135,0.035919745,0.041307185,0.01850065,0.027793856,0.034933995,0.018807923,0.018137837,0.035833538,0.022230607,0.019632157,0.034547087,0.030116854,0.02502973,0.018893076,0.028258927,0.025038527,0.018477842,0.03175472,0.02118979
297,0.032399878,0.2750062,0.08738725,0.031910494,0.037922475,0.033198882,0.021779059,0.027528197,0.03904907,0.02395854,0.020081677,0.022949476,0.022650924,0.022476958,0.023441771,0.0734647,0.021507174,0.024669928,0.064460166,0.021081243,0.021031683,0.031246562,0.020797722
298,0.041331835,0.05775972,0.22768709,0.0706458,0.015610293,0.07721678,0.011807947,0.051164016,0.12459566,0.036475495,0.010208262,0.0120044295,0.022861484,0.024887683,0.016748087,0.020114567,0.010965656,0.04098619,0.016077302,0.010344557,0.015758462,0.073312506,0.011436238
299,0.029791746,0.025410973,0.33050862,0.11277548,0.013469998,0.08442147,0.011993863,0.02913156,0.040856156,0.0204007,0.010660554,0.012306963,0.04690783,0.048144486,0.06446713,0.012423281,0.0112645645,0.017357528,0.0126849795,0.010692867,0.019091902,0.021295063,0.01394226
300,0.088153,0.020362845,0.288821,0.11096073,0.014346158,0.042588204,0.0152324885,0.039973993,0.08952196,0.013439727,0.012020433,0.017114721,0.035927754,0.020283604,0.049117275,0.012607275,0.012598874,0.013410748,0.013161385,0.012021987,0.04912607,0.0146518275,0.014557922
301,0.05994155,0.27945602,0.06479806,0.027581109,0.02072168,0.034002315,0.019434746,0.020361321,0.027305467,0.019349176,0.019235326,0.021527294,0.027972613,0.019816114,0.031439207,0.05233545,0.06737557,0.019658614,0.03311638,0.020411706,0.019963603,0.07402178,0.020174855
302,0.16732053,0.13401954,0.03256406,0.015549448,0.013274544,0.07703468,0.01160635,0.012988897,0.017994137,0.011501261,0.011252762,0.024776233,0.043360956,0.0126227215,0.0477209,0.17098123,0.040789943,0.011698071,0.07014067,0.017526109,0.011785806,0.029235037,0.014256101
303,0.23417954,0.06330647,0.069125816,0.021797832,0.018748026,0.03614852,0.016434152,0.018863942,0.047841214,0.016514527,0.016190205,0.036322672,0.03225491,0.025160013,0.14543763,0.037689917,0.021670556,0.016793603,0.024575893,0.017816752,0.01653794,0.048232462,0.01835736
304,0.052208968,0.0334018,0.08997696,0.036825646,0.015114379,0.01747148,0.013722764,0.024039008,0.18501349,0.014447171,0.012603155,0.13575195,0.06650431,0.015463882,0.07574671,0.033791456,0.024072455,0.016561514,0.015797162,0.0140517745,0.014417889,0.068355165,0.024660844
305,0.15396836,0.03774874,0.17552596,0.025603503,0.012229833,0.019101303,0.015208796,0.113859415,0.13821778,0.013612875,0.010750502,0.023549335,0.026487004,0.026294092,0.018995138,0.025698187,0.013270706,0.014792582,0.012767744,0.010928393,0.02410773,0.06880749,0.01847453
306,0.043773796,0.054143656,0.30181614,0.07275617,0.015811501,0.025166616,0.019161442,0.06885412,0.04336711,0.015898708,0.014388451,0.02009908,0.053911153,0.020522682,0.027406173,0.017675757,0.016313514,0.021115532,0.024246924,0.014408788,0.038619295,0.0373774,0.03316609
307,0.0810591,0.03366472,0.20837034,0.055193707,0.013467475,0.024000548,0.031190215,0.029107207,0.040942546,0.011804543,0.010513552,0.04024232,0.122284964,0.014780665,0.046643674,0.01116535,0.013630995,0.012326546,0.014909681,0.010516254,0.14048363,0.01801467,0.015687292
308,0.04216358,0.12661886,0.031970788,0.11724288,0.020453708,0.01385326,0.017560937,0.019497614,0.03565746,0.013024305,0.012684351,0.028111514,0.024817916,0.015337238,0.020820674,0.16413362,0.10346002,0.013409195,0.030148182,0.012870028,0.016249802,0.09951517,0.02039887
309,0.10930234,0.18788974,0.031953134,0.026195655,0.012793875,0.0125351595,0.050226767,0.05400555,0.026082527,0.011162061,0.010686529,0.01478704,0.054115217,0.029201405,0.015337095,0.13368216,0.022707617,0.011940185,0.013473123,0.010754789,0.03451414,0.06525127,0.0614026
310,0.0680301,0.10645032,0.048298553,0.028282415,0.015280874,0.018262744,0.032431968,0.09307592,0.024593629,0.015882162,0.014740437,0.02458528,0.22018386,0.01862069,0.04286726,0.028223407,0.026332824,0.016868161,0.019240195,0.014751216,0.021553185,0.0723942,0.029050594
311,0.073840216,0.050877646,0.044310108,0.022714708,0.015677514,0.027467936,0.04719773,0.027022544,0.020204345,0.02290079,0.015121067,0.08820248,0.057124034,0.021908019,0.2289937,0.017111886,0.0374597,0.022729063,0.041711766,0.015128697,0.031872805,0.030603971,0.0398193
