cell_ID,Astro,Endo,L6_CT,L6_IT_Car3,Lamp5,Micro,OPC,Oligo,PVM,Peri,Pvalb,SMC,Sncg,Sst,VLMC,Vip
V3,0.214200264227419,0.700539998702001,0,0,0,0,0,0,0,0,0,0,0,0.0439504865769807,0.0413092504935992,0
V4,0,0,1,0,0,0,0,0,0,0,0,0,0,0,0,0
V5,0.166666676039548,0,0,0,0,0,0,0,0,0,0,0.833333323960452,0,0,0,0
V6,0,0,0,0,0,0,0,0,0.202501403433006,0.609820355171898,0,0,0,0,0.187678241395096,0
V7,0,0.384731557443869,0,0,0,0.089215093447572,0.357556366406982,0,0,0,0,0,0,0.168496982701577,0,0
V8,0,0,0,0,0,0,0.0357676927855081,0,0,0,0.964232307214492,0,0,0,0,0
V9,0,0.0193070611328319,0,0,0,0,0.0906390494976399,0.036255619799056,0,0,0.853798269570472,0,0,0,0,0
V10,0,0,0,0.098703499160012,0.135022133400315,0.074027624370009,0,0.692246743069664,0,0,0,0,0,0,0,0
V11,0,0,0,0,0,0,0,0,0,0,0,0,0,0,0,0
V12,0,0,0,0,0.0336049680532552,0,0,0,0,0.766491988393015,0.0196027545044968,0,0,0.180300289049233,0,0
V13,0,0,0,0,0,0,0,0,0,0,0,0,0,1,0,0
V14,0,0,0,0,0,0,0,0,0,0,0.867719977513843,0,0,0,0.132280022486157,0
V15,0,0.940665850882057,0,0,0,0,0,0,0,0,0,0.0593341491179426,0,0,0,0
V16,0.0260195449830834,0.905794140565856,0,0,0,0,0,0,0,0.0681863144510611,0,0,0,0,0,0
V17,0,0.956290350466195,0,0,0,0.0437096495338054,0,0,0,0,0,0,0,0,0,0
V18,0,0,0,0,0.126448992386674,0,0,0,0,0,0,0,0,0.873551007613326,0,0
V19,0,0,0,0,0,0,0,0,0,0,0,0,0,0,0,0
V20,0,0,0,0.0864013101297096,0,0,0,0,0,0,0.177402938242455,0,0.297468549617845,0.401263093695348,0.0374641083146422,0
V21,0,0,0,0.951995338990726,0,0,0.0480046610092738,0,0,0,0,0,0,0,0,0
V22,0.167010282661083,0,0,0,0,0.832989717338917,0,0,0,0,0,0,0,0,0,0
V23,0,0.936450735197227,0,0,0,0,0,0.0413409438776503,0,0,0,0.0222083209251226,0,0,0,0
V24,0,0,0,0,0,0,0,0.108410008450881,0,0,0.89158999154912,0,0,0,0,0
V25,0.0253335251933388,0,0,0.691786307739708,0,0.119013716266004,0,0.0869798222942867,0,0.0458687132771664,0,0.0310179152294968,0,0,0,0
V26,0,0,0,0,0.347381913210052,0,0,0,0,0,0,0,0,0.347381913210052,0.305236173579895,0
V27,0,0.0854387655638691,0,0,0.644598720961176,0,0,0.100672547617065,0,0.122300203863558,0,0,0,0,0,0.0469897619943322
V28,0,0,0,0,0,0.193933473672231,0,0,0.581800421016694,0,0,0.224266105311075,0,0,0,0
V29,0,0.445775734094242,0,0,0,0,0,0,0.113980698400789,0,0,0,0,0,0.44024356750497,0
V30,0.0541760841614055,0.24022780695629,0,0,0.0995417365462665,0,0,0,0,0.0220337205420779,0.0995417365462664,0.074790034191859,0,0,0.409688881055835,0
V31,0,0,0,0,0,0,0,0.212770547776124,0,0,0.63965811901351,0,0,0.147571333210366,0,0
V32,0,0,0,0,0,0,0,0,0,0,0,0,0,0.935201576542793,0,0.0647984234572064
V33,0,0.249035059423805,0,0,0.120749263005925,0,0,0,0,0,0,0,0,0.63021567757027,0,0
V34,0,0,0,0,0.0330935822244988,0,0,0,0,0,0.0935269159460298,0,0,0.873379501829471,0,0
V35,0.782174619111212,0,0,0,0,0,0,0,0,0.0416692209559462,0,0,0,0.176156159932842,0,0
V36,0,0,0,0.718046445185455,0,0.0274295349077374,0,0,0.0560457701558196,0,0,0,0,0.136955076469716,0.0615231732812715,0
V37,0,0.0766555620245345,0,0,0,0,0,0.140230322269649,0,0,0,0.129839391142214,0,0.653274724563602,0,0
V38,0,0.327785145551626,0,0.0562378389082212,0,0,0.453851342090349,0.0927710016956968,0.0693546717541069,0,0,0,0,0,0,0
V39,0.141869819427793,0.689147156676378,0.0485827688790328,0,0,0,0,0,0,0,0,0,0,0.120400255016797,0,0
V40,0,0,0,0.213459409904361,0,0,0,0.146139618339444,0.640400971756195,0,0,0,0,0,0,0
V41,0.14595009739892,0.714624201680058,0,0,0,0,0,0.139425700921023,0,0,0,0,0,0,0,0
V42,0,0.692760906921208,0,0,0.124345220789727,0,0,0,0,0,0.182893872289066,0,0,0,0,0
V43,0,0.655989099292901,0,0,0,0,0,0,0,0,0,0,0,0.344010900707099,0,0
V44,0,0.252131385217686,0.645368855216351,0,0.0512498797829814,0,0,0,0,0,0,0,0,0.0512498797829813,0,0
V45,0,0,0,0.0706738395928165,0.0706738395928165,0.162987233217219,0,0.0830443461564656,0,0,0,0.276814487188219,0.111188910299299,0,0.224617343953165,0
V46,0,0,0,0,0,0,0,0.373308286947748,0,0,0,0,0.344253754381194,0.0605497066470462,0.221888252024011,0
V47,0,0.170466140090985,0,0,0,0,0,0,0,0,0.829533859909015,0,0,0,0,0
V48,0,0,0,0,0.235466476007219,0,0,0.0753406289439648,0,0,0.235466476007228,0.040523109680581,0,0,0,0.413203309361007
V49,0,0,0,0,0,0.159336802720038,0.0835399000116628,0,0,0.132423917766616,0,0,0,0.624699379501683,0,0
V50,0.0604491062470532,0.910516891689958,0.0290340020629889,0,0,0,0,0,0,0,0,0,0,0,0,0
V51,0,0,0,0,0,0.622780584457037,0,0,0,0,0,0,0,0,0.377219415542963,0
V52,0,0,0,0,0,1,0,0,0,0,0,0,0,0,0,0
V53,0,0,0,0.0463747623054051,0.0283059086053069,0,0,0,0,0,0.0283059086053055,0,0.59218038756046,0,0.304833032923523,0
V54,0.028679117312419,0,0,0,0,0,0,0.0811752792945114,0,0.0149468047142902,0.875198798678779,0,0,0,0,0
V55,0,0,1,0,0,0,0,0,0,0,0,0,0,0,0,0
V56,0,0.222114709927224,0,0,0,0.0267814886047899,0,0,0,0,0.751103801467986,0,0,0,0,0
V57,0,0.83290539621822,0,0,0,0,0.0235338467834995,0.0256667606576461,0,0,0.117893996340635,0,0,0,0,0
V58,0,0,0.0604243565788836,0.0607614767137107,0.59798779900736,0,0,0,0,0,0.0846118274967745,0,0,0,0,0.196214540203271
V59,0.0353205092953587,0.0668967328795699,0,0.145713796887793,0,0,0.238363377708702,0.0924657676384934,0,0,0,0,0,0.396291710660039,0.0249481049300438,0
V60,0,0,0,0,0,1,0,0,0,0,0,0,0,0,0,0
V61,0.0752410630708289,0,0,0.0495489527620026,0,0.037454601215275,0.497088906768654,0,0.0453685013763264,0.148066159570454,0,0,0,0.14723181523646,0,0
V62,0,0.841522855034655,0,0,0,0,0,0,0.158477144965345,0,0,0,0,0,0,0
V63,0,0.505776385319163,0,0,0,0,0,0,0.109764387787032,0,0.384459226893805,0,0,0,0,0
V64,0,0,0.100240052376824,0,0,0.0272050224130377,0,0.137430725169035,0,0.290072311792714,0.421125848001047,0,0,0,0.0239260402473425,0
V65,0.0442950496279835,0,0,0,0,0,0.028878791616916,0,0,0,0,0.897947368127369,0,0,0.0288787906277315,0
V66,0,0,0,0,0.0251068628261914,0,0.0324286144393401,0.328423443315595,0,0,0.0251068628261914,0.462610729316256,0.0842156581842843,0,0.0421078290921422,0
V67,0.150463039812264,0.666910567411276,0,0.0870585660723581,0,0.0255422846619133,0.0216166913326855,0,0,0,0,0.048408850709503,0,0,0,0
V68,0,0,0,0,0,0.178577489816404,0,0,0,0.520044428525083,0,0.111553795948589,0,0,0,0.189824285709924
V69,0.123121944790167,0,0.130414441546057,0.246541587737223,0,0,0.17388592206141,0,0.260828883092115,0,0,0,0,0,0.0652072207730286,0
V70,0,0,0.350363826953765,0.0332263513915363,0,0,0,0.479608694150801,0,0,0,0,0,0.136801127503898,0,0
V71,0,0,0.526529288757374,0,0,0,0.280190070771765,0.0804170446638139,0,0,0,0,0,0,0.112863595807047,0
V72,0,0.0898288244446618,0,0.705080527418857,0.0609866418113043,0,0,0,0,0,0,0,0,0.144104006325177,0,0
V73,0,0,0,0,0,0,0,0.199107877938645,0,0,0.130836078622382,0,0,0.178448577562372,0.4916074658766,0
V74,0.332050368115016,0,0,0.55993988290775,0.0540048744886171,0,0,0,0,0,0,0,0,0.0540048744886171,0,0
V75,0,0,0,0,0.0122753761315133,0,0,0,0,0,0.469415611975838,0,0.475083059962019,0.0432259519306298,0,0
V76,0,0,0.716504588014358,0,0.153171603286095,0,0,0,0,0,0,0,0.0423141097632254,0.0880096989363214,0,0
V77,0,0.0993488251206524,0,0,0,0.0700234004392852,0,0.830627774440062,0,0,0,0,0,0,0,0
V78,0,0,0.391848097958695,0.24268678913957,0,0,0,0.262981432950737,0,0,0.102483679950999,0,0,0,0,0
V79,0,0,0.0191151106903489,0.399899383079782,0,0,0,0.26161234504697,0,0,0,0,0,0.319373161182899,0,0
V80,0,0,0,0,0.296960223144159,0,0,0.270479153391944,0,0,0.296960223144159,0,0.135600400319737,0,0,0
V81,0.169817244092093,0,0,0,0.249415522112343,0,0.236679794059443,0.0946719176237773,0,0,0.249415522112343,0,0,0,0,0
V82,0,0.123262330792143,0,0.0389705028895737,0.140928453606856,0,0,0,0,0,0.14612037003366,0.217240597942998,0,0,0.33347774473477,0
V83,0,0.566215365550438,0,0,0,0,0,0,0,0,0,0.0940554038791942,0,0,0,0.339729230570367
V84,0,0,0,0,0,0,0,0,0,0,0.434276289675576,0,0,0,0.565723710324424,0
V85,0,0.273221872991522,0,0,0,0,0,0.0514122577437308,0,0.612556243801256,0,0.0628096254634904,0,0,0,0
V86,0.629288215245473,0,0,0,0,0,0,0,0,0.370711784754527,0,0,0,0,0,0
V87,0,0,0,0,0,0,0,1,0,0,0,0,0,0,0,0
V88,0,0,0,0,0,0,0,1,0,0,0,0,0,0,0,0
V89,0,0.0873672104410981,0,0.403790068751634,0,0.178759752761839,0,0,0,0.228764877642551,0,0.0360203045069034,0,0.0652977858959745,0,0
V90,0,0,0.100294007905023,0.297709548712495,0.150181401264296,0,0.0908340142884914,0.0363336057153966,0,0.174466020850003,0,0,0,0.150181401264296,0,0
V91,0,0.024593073907789,0,0.0283397764014037,0,0,0,0.049154932288877,0.0394435042431677,0,0.858468713158763,0,0,0,0,0
V92,0,0,0,1,0,0,0,0,0,0,0,0,0,0,0,0
V93,0,0,0.152659551045834,0.604210859400937,0,0,0,0,0.24312958955323,0,0,0,0,0,0,0
V94,0,0,0,0.571428571428571,0,0,0,0,0.428571428571429,0,0,0,0,0,0,0
V95,0,0,0.581900320627618,0,0,0,0.140882144216323,0.0237037370729716,0,0,0.193672788318377,0.0227008972131652,0,0,0.0371401125515456,0
V96,0.608833655181367,0,0,0,0.0912992121316768,0.135528550849938,0,0.0730393697053414,0,0,0,0,0,0.0912992121316768,0,0
V97,0,0.0560396128959178,0,0.0373597419306119,0.0172302545716721,0,0,0.533197690451836,0.295327913961176,0,0.0172302545716721,0,0.0436145316171144,0,0,0
V98,0.710820016758248,0,0,0,0,0,0,0.0589976648123026,0,0,0,0,0,0.23018231842945,0,0
V99,0,0,0.103993234575239,0,0,0,0.795008183844174,0.100998581580587,0,0,0,0,0,0,0,0
V100,0.820705640230767,0,0,0,0,0,0,0,0,0,0.179294359769233,0,0,0,0,0
V101,0,0,0.296071856789722,0,0,0,0,0.0751654466995665,0,0,2.04773416052994e-17,0,0,0.412976948873426,0,0.215785747637285
V102,0,0,0,0.245373232386733,0.126750940463509,0,0,0.154157915604801,0,0.0831981981617305,0,0,0,0.106352914769328,0.284166798613899,0
V103,0,0,0,0,0,0.204151447827107,0.333783756661348,0.259800600099078,0,0,0,0,0,0,0,0.202264195412468
V104,0.114680944790873,0,0,0,0,0,0,0.060637351618885,0,0,0.800017264670637,0,0,0,0.024664438919605,0
V105,0,0,0,0,0.0827110784717416,0,0,0.0431097355305112,0,0,0,0.385131629800978,0,0.277698539931832,0.211349016264937,0
V106,0.0664394233369357,0.517291053537854,0,0,0,0,0,0,0.0562595346618366,0,0,0,0.250738475641833,0.109271512821541,0,0
V107,0,0,0,0.141789903655031,0,0,0.0510999861920876,0,0,0.526942019500995,0,0.0548558304506495,0,0.18417038736325,0.0411418728379871,0
V108,0.0733614753084048,0,0,0.363829812637238,0,0.056615480843262,0.24182699697669,0.158245149508246,0,0,0,0,0,0.106121084726159,0,0
V109,0.0339221143488856,0,0,0,0,0,0.730488003308276,0.0582838979645467,0,0,0,0.0678442286977712,0,0.109461755680521,0,0
V110,0,0.715446102583894,0,0,0,0,0,0.0807244415740368,0,0,0,0,0,0.203829455842069,0,0
V111,0,0,0,0,0,0.0664926116195564,0,0,0.0753197662855385,0.0613392725387112,0.796848349556194,0,0,0,0,0
V112,0,0,0.821426999131086,0,0,0.12617518962927,0.0523978112396442,0,0,0,0,0,0,0,0,0
V113,0.106743452366411,0,0.76189450632947,0.0488689686251235,0,0,0,0,0.0824930726789951,0,0,0,0,0,0,0
V114,0,0,0,0.52508056009996,0,0.164630673756717,0,0,0,0,0,0.12394483656183,0,0,0.110231990465545,0.0761119391159476
V115,0,0.833557119621067,0,0.131051854289664,0,0,0,0,0,0,0.0353910260892685,0,0,0,0,0
V116,0.118273252525479,0.15880199650471,0,0.12048371993276,0,0,0.118273252525479,0,0,0,0,0,0,0,0.0794009982523548,0.404766780259217
V117,0,0.57230695463257,0,0,0,0,0,0,0,0.39084898137997,0.03684406398746,0,0,0,0,0
V118,0,0,0,0,0,0,0,0,0,0,0.737496028167597,0,0,0.262503971832403,0,0
V119,0,0,0,0,0.309956412592212,0,0,0,0.294383142944853,0,0,0.0457858878592014,0,0.000643853100247516,0.349230703503485,0
V120,0,0,0,0,0,0,0,0,0,0,0,0,0,1,0,0
V121,0,0,0,0.0230079305169918,0,0,0,0,0,0,0,0.205381805199794,0,0.771610264283214,0,0
V122,0,0,0,0,0,0,0,0.185375265822414,0,0,0.193153319614793,0.234944209642122,0,0,0.223704839211956,0.162822365708715
V123,0,0,0,0.0147468934364013,0,0,0.0348497925950336,0.0775920644294473,0,0,0.872811249539118,0,0,0,0,0
V124,0,0.396162479252863,0,0,0,0.0217453488876757,0,0,0.165653524886646,0,0,0,0,0.416438646972815,0,0
V125,0,0,0,0,0.00859507778445634,0,0.324139302710678,0,0,0.0386747582492529,0.111338552942895,0,0,0.517252308312718,0,0
V126,0,0,0,0,0,0,0,0,0,0.861442113305803,0,0,0,0.0947159275240144,0.0438419591701821,0
V127,0,0,0,0.638789120283552,0,0,0.11096414172114,0.121583562178526,0,0,0,0.128663175816782,0,0,0,0
V128,0,0,0,0,0,0,0,0,0.946055546380654,0,0,0,0,0,0.0539444536193457,0
V129,0,0,0,0,0,0,0,1,0,0,0,0,0,0,0,0
V130,0.0432564380938055,0.926548859611345,0,0,0,0,0,0,0,0,0,0.0301947022948496,0,0,0,0
V131,0.0214580706929447,0,0,0,0,0,0,0,0,0.84316504316877,0,0.0997686002940929,0,0,0.0356082858441924,0
V132,0.375801656754457,0,0,0,0,0,0.0726847252518232,0,0,0,0,0,0,0,0.55151361799372,0
V133,0.0299200218266858,0,0,0.212359376910278,0,0.0426996192059049,0.0510079918386226,0,0.0235302231370762,0,0,0,0.343852484768626,0.213494255693811,0,0.083136026618996
V134,0.0332112606820267,0,0,0.043431004835194,0,0,0,0,0.144293022824773,0,0.378466127081511,0,0,0,0,0.400598584576496
V135,0,0,0,0.479095516085459,0,0.0905214224319422,0,0.383008778536929,0,0,0,0,0,0,0,0.0473742829456694
V136,0,0,0.90611254650469,0.0274005292815564,0,0,0,0,0,0,0,0,0,0,0,0.0664869242137539
V137,0.228115299016134,0,0.166914459563767,0,0,0,0.0825944716709584,0,0,0.522375769749141,0,0,0,0,0,0
V138,0.197170569382868,0,0,0,0,0.0917450248682222,0.225861505029959,0,0.275235074604667,0,0,0,0,0,0,0.209987826114284
V139,0.384104416116628,0,0,0,0,0,0,0,0,0,0,0,0,0,0,0.615895583883372
V140,0,0,0.0532853956868124,0,0.0206962552997716,0.0199726888622466,0,0.275143779421553,0.0599180665867398,0,0.0206962552997716,0,0,0,0,0.550287558843105
V141,0.0124767907013747,0,0,0,0,0,0,0,0,0,0,0,0,0.987523209298625,0,0
V142,0,0,0,1,0,0,0,0,0,0,0,0,0,0,0,0
V143,0,0,0,0,0,0,0.0765144525743271,0.0306057810297309,0,0,0,0,0.0159882291074164,0.876891537288526,0,0
V144,0.112033364330241,0,0,0,0.0670920938072638,0.280034909603274,0,0.0524263530647338,0,0.0296718384618378,0.0670920938072637,0.277689646567838,0,0,0.0379451212240713,0.0760145791334762
V145,0,0.552360960327592,0,0.0419778388774656,0.123859516933506,0,0.0857841068619107,0.0343136427447643,0,0,0.123859516933506,0,0.0378444173212552,0,0,0
V146,0,0.446130349824319,0,0,0,0,0.490191004273611,0,0,0,0.0636786459020696,0,0,0,0,0
V147,0.0866051438765535,0,0,0.0339068841654694,0,0,0,0.229562093125915,0.389723115165535,0,0,0,0,0.209342888660277,0,0.0508598750062502
V148,0.146282129429997,0.218082134169057,0,0,0,0,0,0.0170202310921008,0,0,0,0,0,0,0.267552392431234,0.351063112877611
V149,0,0,0,0,0.904209733090729,0.0957902669092713,0,0,0,0,0,0,0,0,0,0
V150,0,0.789659330481527,0,0.0270439958809241,0,0,0.0218079762449873,0,0,0,0,0,0,0,0.161488697392561,0
V151,0,0,0,0,0,0,0,0.883037519543944,0,0,0.0463984249416665,0.0473648430435563,0,0,0.0231992124708333,0
V152,0,0,0,0,0,0,1,0,0,0,0,0,0,0,0,0
V153,0.117690742350851,0,0,0,0,0,0,0,0,0,0,0.0343141096593533,0.366221138532074,0.481774009457722,0,0
V154,0,0.661326877386376,0,0,0,0,0.132124169685319,0.130179606665949,0,0.0320133431473288,0,0.0443560031150273,0,0,0,0
V155,0.0192913055446913,0.17619430439806,0,0.0441247493881371,0,0,0,0.145671522676586,0,0,0.0355850487810593,0,0,0.119712951086425,0.0301962129796621,0.42922390514538
V156,0,0.0273314393374734,0.600078805599335,0,0.113093476980583,0,0.124677101869777,0,0,0.0217256992322492,0.113093476980583,0,0,0,0,0
V157,0.112960618590912,0,0.522206765122282,0,0,0,0,0.0533523209766001,0,0.0900202492257614,0,0.0335141937713714,0,0.187945852313073,0,0
V158,0,0,0,0,0,0,0.588847522721026,0.167297311939381,0,0,0,0.243855165339593,0,0,0,0
V159,0.0424690819432067,0.207770157480292,0,0.0665517476582275,0,0.0692125832748699,0,0.489029313640696,0,0.0294372989737659,0.0955298170289427,0,0,0,0,0
V160,0,0,0,0,0,0,0,0,0,0,0,0,0,0,0,1
V161,0.151545881373447,0.19648061640681,0,0,0.04850564442,0.0238768017693831,0.0850862739770082,0.037925053971393,0.0349160244216108,0,0,0,0,0.278661253289283,0.143002450371065,0
V162,0.0346037887774956,0,0,0,0,0.0173030465325856,0,0,0,0.0356435909081368,0.74040493839879,0,0,0,0,0.172044635382992
V163,0,0,0,0,0,0,0.466061499882979,0,0,0,0.114786470748124,0.250213410706057,0,0,0.16893861866284,0
V164,0,0,0,0,0,0,0.0748416954009947,0.0394769030784497,0.124567823380683,0.761113578139873,0,0,0,0,0,0
V165,0,0,0,0,0.0442127704750967,0,0,0.255552015769775,0,0,0,0,0,0.0442127704750967,0.656022443280031,0
V166,0,0,0,0.252867750149738,0.247664075830719,0,0,0.499468174019543,0,0,0,0,0,0,0,0
V167,0,0,0,0,0.0350073755052211,0.046120247939543,0,0,0.138360743818629,0.416571504967625,0.0350073755052211,0.120174383479519,0,0,0.208758368784242,0
V168,0,0,0.504508940508443,0,0,0,0,0,0,0,0,0,0,0.495491059491557,0,0
V169,0,0.129875832809724,0,0,0.137555103091733,0,0.0703106576690329,0,0.11536695444787,0,0,0,0,0.54689145198164,0,0
V170,0.247229339023159,0.752770660976841,0,0,0,0,0,0,0,0,0,0,0,0,0,0
V171,0,0,0.916057134295479,0,0,0.0416330602806936,0,0,0,0,0,0,0,0.0423098054238274,0,0
V172,0,0.378540880336021,0.288719478684836,0,0.166804351558092,0.0355334992582697,0,0.04103585412797,0,0,0,0,0,0.0893659360348105,0,0
V173,0.233212475567549,0.497593318213119,0.228727197777117,0,0,0,0,0,0,0,0.0404670084422161,0,0,0,0,0
V174,0,0,0.858144810853703,0.0752445949929983,0,0,0,0.066610594153299,0,0,0,0,0,0,0,0
V175,0,0.335554078663319,0.184472179683201,0,0,0,0,0,0,0,0.0913480137852114,0,0.0294662707646119,0.359159457103657,0,0
V176,0,0,0,0.0999783269311011,0.391435466461933,0,0.117150740145033,0,0,0,0.391435466461933,0,0,0,0,0
V177,0,0,0.862754238012793,0.0997962608834855,0,0,0,0.0374495011037214,0,0,0,0,0,0,0,0
V178,0.0342910057946052,0,0,0.0777946407486934,0,0,0.634224538183358,0.253689815273343,0,0,0,0,0,0,0,0
V179,0,0,0,0,0,0,0,0,0,0,0,0,0,0.924388023732579,0,0.0756119762674208
V180,0,0,0,0,0,0.0262062229885057,0,0,0,0,0,0,0,0,0.973793777011494,0
V181,0.393874004854287,0.606125995145713,0,0,0,0,0,0,0,0,0,0,0,0,0,0
V182,0,0.547094506586074,0.143890502633722,0,0,0,0,0.0258575111444351,0.23936822158528,0.0437892580504895,0,0,0,0,0,0
V183,0,1,0,0,0,0,0,0,0,0,0,0,0,0,0,0
V184,0,0.806602908631471,0,0,0,0,0.0898305563968416,0,0,0,0,0,0,0.0769611370119171,0.0266053979597703,0
V185,0.026411918622115,0,0,0,0,0,0,0,0,0.772078569331606,0,0.201509512046279,0,0,0,0
V186,0.172037246870447,0,0,0,0.0319517414357403,0,0,0,0,0.474694285255676,0.157687327941216,0.16362939849692,0,0,0,0
V187,0,0.122643271858822,0,0,0.20031455940465,0.23710012941578,0,0.162783108823666,0.277158930497082,0,0,0,0,0,0,0
V188,0.0367165413691406,0.29022999263835,0,0.0820217321045883,0,0,0,0.0419732064508388,0.151596144104811,0.397462383332271,0,0,0,0,0,0
V189,0.0410646920299795,0,0.0475715050584226,0.0356070704684561,0,0.0713572550572381,0,0,0,0,0,0,0,0.723037419797874,0.0813620575880292,0
V190,0.550922076810148,0.147120697048766,0,0,0.0450536991623081,0,0,0.21184982781647,0,0,0.0450536991623081,0,0,0,0,0
V191,0,0,0,0,0,0,0,0,0,0.976865811099199,0,0,0,0,0.0231341889008009,0
V192,0,0,0,0,0,0.136011642437804,0.471067901681081,0,0,0.392920455881116,0,0,0,0,0,0
V193,0,0.0413249847045864,0,0,0.29106964612705,0,0,0.62982941349896,0,0,0,0.0377759556694035,0,0,0,0
V194,0,0.63461433653347,0,0,0.0897589163669103,0,0.0654667601940596,0.0475600600050706,0,0.0845614348536363,0,0,0.0525491204888541,0,0.025489371557999,0
V195,0.0266621849522439,0,0,0,0,0,0,0,0,0.973337815047756,0,0,0,0,0,0
V196,0.0954761150094022,0,0.299048871722978,0,0,0,0.331487321074685,0.273987692192935,0,0,0,0,0,0,0,0
V197,0,0,0,0,0,0,0.0231086303437228,0.0697724155569003,0,0.605289634194111,0,0,0,0.301829319905265,0,0
V198,0,0,0.760156637091183,0,0,0,0,0,0,0,0,0,0,0,0.119901073706266,0.119942289202551
V199,0,0,0,0.0409622041871115,0,0,0,0,0.959037795812889,0,0,0,0,0,0,0
V200,0.622635805561137,0,0,0,0,0,0,0,0,0,0,0,0,0,0.377364194438863,0
V201,0,0,0,0,0,0,0,0,0,0,0.376339568813471,0.623660431186529,0,0,0,0
V202,0,0,0,0,0,0.199089914054926,0.185198949739131,0,0.135080683057303,0,0.329638213299305,0,0,0.150992239849334,0,0
V203,0,0.107812525004566,0,0,0,0,0.0241622465513715,0,0,0,0.764509655801141,0,0.0503789799823533,0,0.0531365926605675,0
V204,0,0,0,0,0.5,0,0,0,0,0,0,0,0,0.5,0,0
V205,0,0.520166316452186,0,0,0,0,0,0.248165864644655,0.0872367017376234,0.0190109232234783,0,0,0.0836134626280378,0.0418067313140189,0,0
V206,0,0,0,0.122711778347499,0.160392283097616,0,0,0,0,0,0,0.556503655457269,0,0.160392283097616,0,0
V207,0.361090889677157,0,0,0,0,0,0.386539172888904,0,0,0.180515062157423,0,0,0,0.0718548752765149,0,0
V208,0,0,0,0.0617252428033084,0,0.361177075301266,0,0.3727288156255,0,0.0576073437901569,0.0266483872812117,0.0610222523188292,0,0,0.0590908828797277,0
V209,0,0,0.0651860283166218,0.0723116688791532,0,0.032223047260282,0,0,0.0966691417808458,0,0,0.16613051114556,0.0455462803871166,0.453259022662847,0,0.068674299567574
V210,0,0,0.297778424748963,0,0.375881972573468,0,0,0,0,0,0.326339602677569,0,0,0,0,0
V211,0,0,0,0,0.101037124875713,0,0.797925750248554,0,0,0,0.101037124875733,0,0,0,0,0
V212,0,0.757284882935275,0,0,0,0,0,0,0,0,0.0636542866508663,0,0.11143647077594,0.0676243596379181,0,0
V213,0.50352787898837,0,0,0,0.165768459004339,0,0,0,0.139594234617913,0,0.165768459004339,0.0253409683850398,0,0,0,0
V214,0,0,0.471573324580889,0,0,0,0,0.0538881246455808,0.284740106086973,0,0,0,0,0,0.0248251738306939,0.164973270855864
V215,0,0.0888984850437364,0,0,0,0,0.111946245972971,0,0,0.386081039687526,0,0.0263402925582514,0.386733936737516,0,0,0
V216,0,0,0.968109717092901,0,0,0,0,0,0,0,0,0,0,0,0.031890282907099,0
V217,0,0.496841112270925,0,0,0,0,0.255762166663288,0.247396721065787,0,0,0,0,0,0,0,0
V218,0,0,0.472955665069712,0,0,0,0.357614565856748,0.143045826342699,0,0,0,0,0,0,0.0263839427308404,0
V219,0,0.298134975762496,0,0,0,0.177854317886394,0,0,0.52401070635111,0,0,0,0,0,0,0
V220,0,0,0.0621676456888741,0,0,0,0.269230555463185,0,0,0,0.433441540531862,0,0,0.0292894688256527,0,0.205870789490426
V222,0.0536749974676778,0,0,0,0.145470477145665,0.520999289113551,0,0.0686740606417978,0,0,0,0,0,0.211181175631308,0,0
V223,0.343151695647194,0,0,0,0.05337944715554,0,0,0,0,0,0,0.0673781379400999,0,0.199701489246583,0,0.336389230010583
V224,0.107297642166006,0,0,0,0,0.120145843790829,0.213200730887452,0.302076328010925,0,0,0,0,0.0382857116430166,0,0.218993743501771,0
V225,0,0.614795388096192,0,0,0.117540961280121,0.113469406107514,0,0,0,0,0.0964939472311549,0,0,0.0577002972850184,0,0
V226,0.237435872055892,0,0,0,0.0844042636319704,0.0378449488878772,0,0.0608527290666802,0.184505933235577,0,0,0,0,0.159238036701014,0.0229356947710866,0.212782521649902
V227,1,0,0,0,0,0,0,0,0,0,0,0,0,0,0,0
V228,0.0803222711146829,0,0,0.0830589842358415,0,0.0913888224244527,0,0.163502011127351,0,0,0.266600558090478,0.289592529352118,0,0,0.0255348236550759,0
V229,0,0,0,0.0398571896290845,0,0,0.599121035954603,0.231667444278512,0.0760915742462571,0,0,0,0.0532627558915435,0,0,0
V230,0,0,0.249045318538546,0,0.138827399720385,0.612127281741069,0,0,0,0,0,0,0,0,0,0
V231,0.100951260913738,0.369895979858979,0,0.0475327643275553,0,0,0,0,0,0,0.465805535089304,0,0,0.0158144598104239,0,0
V232,0.177967108404262,0.0650856042496814,0,0.0467760539566451,0,0,0,0.171228510950664,0,0,0.538942722438747,0,0,0,0,0
V233,0,0,0.550211862058162,0,0,0,0,0,0.449788137941838,0,0,0,0,0,0,0
V234,0,0,0.882789406260309,0,0,0,0,0,0,0,0,0.117210593739691,0,0,0,0
V235,0.0496824192142603,0,0.826523560114906,0.0420817076684772,0,0,0,0,0,0,0,0.0817123130023568,0,0,0,0
V236,0.281856942723981,0,0,0,0.0729413881123887,0.0724871478418085,0.132515912710346,0.0785622395390958,0,0,0.0729413881123887,0,0.0206171846253166,0,0.268077796334675,0
V237,0.0638175989300005,0,0.750276831967173,0,0,0.0552665260519634,0,0.02909269251823,0.0755109770271801,0,0,0.0260353735054532,0,0,0,0
V238,0,0.281499962466062,0,0,0.20783845682751,0,0.224773227351188,0.0219862370394563,0,0,0.207838456827493,0.0560636594882908,0,0,0,0
V239,0,0,0.1960070075417,0,0,0.682399059707686,0,0.121593932750614,0,0,0,0,0,0,0,0
V240,0.0984276603125,0,0,0,0,0,0.634653156925145,0,0.266919182762355,0,0,0,0,0,0,0
V241,0.359123024851334,0.0760856164139555,0,0.0273380468281723,0,0.115604020936626,0,0,0,0,0,0,0.218555358583201,0.147468479277971,0.0558254531087398,0
V242,0,0,0,0.0382868884619046,0.215831955100817,0.222925024145911,0,0,0,0.307124177190551,0.215831955100817,0,0,0,0,0
V243,0.132006127489764,0,0,0,0,0.0667390235684897,0,0.0131864867860099,0.200217070705469,0,0,0,0,0.363469126643603,0,0.224382164806665
V244,0,0,0,0,0,0.0247439986346402,0,0,0,0.93233702012649,0,0,0,0,0.0429189812388697,0
V245,0,0.977737854114298,0,0,0,0.0222621458857018,0,0,0,0,0,0,0,0,0,0
V246,0,0,0,0,0,0.672005623150748,0,0,0,0,0,0,0,0,0.327994376849252,0
V247,0,0,0,0.179847222454323,0,0,0.390203900780403,0.0926674337558056,0,0,0,0,0,0.337281443009469,0,0
V248,0.0539912981859751,0,0.0525826986842544,0,0,0,0.127215092105511,0,0,0.709202220937785,0,0.0570086900864747,0,0,0,0
V249,0.164440068707154,0,0,0,0,0,0,0.0416389812425348,0,0,0,0,0,0.793920950050311,0,0
V250,0,0,0.0424887164863644,0,0,0.0454614113495032,0.714671026647407,0.197378845516725,0,0,0,0,0,0,0,0
V251,0,0,0,0,0,0,0,0,0,0,0,0,0.666666666666667,0.333333333333333,0,0
V252,0.0673201908509314,0,0,0.0578699463539452,0,0,0,0.0155513308019355,0,0,0.859258531993188,0,0,0,0,0
V253,0.0189503742012368,0,0.402306517723921,0,0,0,0,0,0,0,0.578743108074842,0,0,0,0,0
V254,0,0,0,0,0,0.0992710041510284,0.663786185573065,0.236942810275907,0,0,0,0,0,0,0,0
V255,0,0.642687203874946,0,0,0,0,0,0.320402541509057,0,0,0,0,0.0369102546159968,0,0,0
V256,0.320739164136936,0,0,0.396521381485109,0,0,0,0,0,0.0372389141815678,0,0,0,0.245500540196387,0,0
V257,0.436471710088982,0,0,0,0,0.0281584619654551,0,0.159409962787345,0,0.0647304704828372,0.212313560981905,0,0,0,0,0.0989158336934752
V258,0.21205377712369,0,0,0,0,0,0,0,0,0,0,0,0,0,0.78794622287631,0
V259,0.486400861641847,0,0,0,0.131824815966819,0.148302917962672,0,0.0301494222702151,0,0,0,0.0502490371170251,0,0,0.153072945041422,0
V260,0,0,0,0,0,0.613180163220099,0,0,0.141003177571073,0,0,0.245816659208829,0,0,0,0
V261,0,0,0,0,0,0.0628419323321829,0,0,0,0,0.257830447621218,0.0837892431095772,0,0.217041297196761,0.378497079740261,0
V262,0,0,0.0486560552128614,0,0,0,0.0588311332710996,0.0148086245835314,0,0,0.836641741678129,0,0,0,0.0410624452543782,0
V263,0.482625671253632,0,0,0,0.481926246642482,0,0.0346383990410166,0,0,0,0,0,0,0.000809683062869694,0,0
V264,0.0279577000052596,0,0,0,0,0,0,0,0,0.913217654322056,0,0,0,0,0.0588246456726845,0
V265,0,0.681500964437098,0,0,0,0,0,0.122791971096751,0.0565991319293778,0,0,0.0193675290887293,0,0.0225660202461671,0,0.0971743832018769
V266,0,0,0,0,0,0.171573357207149,0,0.364706972416686,0,0,0,0,0,0,0.0966210973631971,0.367098573012968
V267,0.372432550906209,0,0,0.263329062546186,0,0.273206471957394,0,0,0,0,0,0,0,0,0.0910319145902102,0
V268,0,0,0,0,0,0,0.151631835289617,0,0,0.0219416264675525,0.826426538242831,0,0,0,0,0
V269,0,0,0,0,0.322572964951051,0,0,0.215785979810962,0.139068090286936,0,0,0,0,0.322572964951051,0,0
V270,0,0,0,0,0.156910200973457,0,0,0,0,0.0570342273367959,0.786055571689747,0,0,0,0,0
V271,0,0.0466469106565741,0.0772911360146479,0,0,0.0136537872316082,0,0,0,0,0.476919805755698,0,0,0.385488360341472,0,0
V272,0.0231849267678104,0,0,0,0,0,0,0,0,0,0.97681507323219,0,0,0,0,0
V273,0,1,0,0,0,0,0,0,0,0,0,0,0,0,0,0
V274,0,0.0945432798622485,0,0.149891881654037,0,0.0236358199655621,0.599370836273424,0,0,0,0,0,0,0.10292453955233,0.0296336426923973,0
V275,0.236566759970255,0,0,0,0,0,0.449436337881891,0.313996902147854,0,0,0,0,0,0,0,0
V276,0,0,0,0,0.249669866808547,0,0,0,0,0,0.249669866808516,0,0.500660266382937,0,0,0
V277,0,0,0,0,0,0,0,0.0377152614517269,0.182139081506577,0,0,0,0,0,0.780145657041697,0
V278,0,0,0,0,0,1,0,0,0,0,0,0,0,0,0,0
V279,0,0.976758794903486,0,0,0,0.0232412050965136,0,0,0,0,0,0,0,0,0,0
V280,0,0,0,0,0,0,0,0.801286024848591,0,0,0,0.198713975151409,0,0,0,0
V281,0.875554592443075,0,0,0.0518467122048111,0.0207356165208572,0.0518630788312571,0,0,0,0,0,0,0,0,0,0
V282,0,0,0,0,0,0,0,1,0,0,0,0,0,0,0,0
V283,0.177799789947541,0.794020722459478,0,0,0,0.0281794875929809,0,0,0,0,0,0,0,0,0,0
V284,0,0.632619320812576,0,0,0.0325432136098693,0,0.334837465577555,0,0,0,0,0,0,0,0,0
V285,0,0,0,0,0,0,0,0.0502509726052585,0,0,0.227042557128681,0,0.296443556094452,0.208916588243414,0.217346325928195,0
V286,0.466313861152675,0,0,0.0889910641992829,0,0.0747616093728656,0.184918338562178,0.0384411817804257,0,0,0.121653408474951,0,0,0,0.0249205364576219,0
V287,0.0408672237558838,0.279298562247974,0,0,0.115428838330012,0,0.332247631809656,0.116728905526462,0,0,0,0,0,0.115428838330012,0,0
V288,0,0.823001569869249,0,0.0862646239539731,0,0,0,0,0,0,0,0,0,0.0907338061767783,0,0
V289,0,0,0,0.0240543819212333,0,0,0.525179941617507,0.429206036677541,0,0,0,0,0,0,0.0215596397837183,0
V290,0,0,0,0.538293253355062,0,0,0,0.461706746644938,0,0,0,0,0,0,0,0
V291,0,0.464011238436049,0.208927660524787,0.0256874171782308,0,0,0,0.183442164510907,0,0.0647922296141468,0,0,0,0,0.0531392897358799,0
V292,0,0,0,0,0,0,0,0,0,0,0.750569558603563,0,0,0,0.249430441396437,0
V293,0.441468100607738,0,0,0.204878852741175,0,0,0,0.0816122415348661,0,0,0,0.272040805116221,0,0,0,0
V294,0,0.501536486533021,0,0,0,0,0.0230798858620242,0.153259235223556,0,0.322124392381398,0,0,0,0,0,0
V296,0.182565364486392,0.142743487123079,0,0.0645757877698933,0,0,0,0,0,0,0,0.154532177462763,0,0,0.455583183157873,0
V297,0,1,0,0,0,0,0,0,0,0,0,0,0,0,0,0
V298,0,0.478398376852798,0,0,0.367743646556054,0,0,0,0.089044184039315,0,0,0,0,0.064813792551833,0,0
V299,0,0,0.228108681827524,0.0170279897248253,0.142750987167444,0,0,0,0,0,0.340546235207605,0,0,0.151138945666032,0,0.120427160406569
V300,0,0,0,0.221807307446447,0,0,0,0.161747688102667,0.510082305907704,0,0,0,0,0,0.0686908262474592,0.0376718722957234
V301,0.376779621176587,0.533962787838948,0,0,0,0.027611533185314,0,0,0,0.0616460577991517,0,0,0,0,0,0
V302,0.305605727121186,0,0.0513897299938805,0,0,0.139840169196035,0,0,0,0,0,0,0,0.503164373688899,0,0
V303,0,0,0,0,0.269049385541002,0,0,0,0,0,0.408425497494489,0,0,0.278752223906971,0.0437728930575379,0
V304,0,0,0,0.024222839653421,0.0442752863225341,0.503706753147635,0.208218937247829,0.192845000472895,0,0,0,0,0,0,0.0267311831556859,0
V305,0,0,0,0,0,0,0.0555188623331129,0,0,0,0,0,0,0.944481137666887,0,0
V306,0.397131106428301,0,0.198565541382639,0,0,0,0,0.0673837448770906,0,0,0,0,0,0.336919607311969,0,0
V307,0,0,0,0.0315036556666911,0,0.211963067863286,0.0315036556666911,0,-5.96833728803533e-19,0,0.62070038353281,0.0315036556666911,0,0.0728255816038307,0,0
V308,0,0,0,0,0,0,0,0.827626703953857,0,0.124578558341388,0,0,0,0,0,0.0477947377047546
V309,0,0,0,0,0,0,0,0.049116871589633,0,0.822499660235048,0,0,0,0.128383468175319,0,0
V310,0.0948401472383096,0,0.0422263196743902,0.0175798731303759,0,0,0,0,0,0,0.845353659956924,0,0,0,0,0
V311,0.199348868380742,0,0,0,0,0,0,0.567668985479169,0,0.232982146140088,0,0,0,0,0,0
V312,0,0,0.0406061662773746,0,0,0,0,0,0,0.924378996153219,0,0,0.0350148375694063,0,0,0
V313,0,0,0,0.0195254527602848,0,0,0,0,0.166148967786358,0,0,0.374703643366984,0,0,0.439621936086373,0
V314,0,0,0.0319468979335162,0,0.0734066457657595,0,0.174249469338886,0.0799271117754178,0,0,0.0573916550530039,0.583078220133416,0,0,0,0
V315,0,0,0,0,0,0.390050397638882,0,0,0,0,0.432881919007983,0,0,0,0.177067683353134,0
V316,0.0763351481150567,0,0,0.200536534191301,0.039695681568644,0.0766584593218679,0.212479430422559,0.0849917721690238,0.229975377965603,0,0,0.079327596245944,0,0,0,0
V317,0,0.0458901028513551,0,0.220503117920244,0,0,0,0.287088149032489,0.227335812275342,0,0,0,0.146121878613713,0.0730609393068565,0,0
V318,0,0,0.249496370906382,0,0,0.485977691154632,0,0.172006490433735,0,0,0.0518145658344301,0,0,0,0,0.0407048816708208
V319,0,0,0,0,0,0,0,1,0,0,0,0,0,0,0,0
V320,0,0,0,0.0133078489051508,0,0,0,0.0241300008116149,0,0,0,0,0,0.949803399490097,0.0127587507931373,0
V321,0,0,0,0,0.034326999796354,0.0220198087368256,0.841606365521825,0,0,0,0,0,0,0,0.102046825944995,0
V322,0,0,0.0574590137733562,0.269055694027977,0,0,0,0.0930100559755942,0,0,0.476933055051957,0.103542181171115,0,0,0,0
V323,0,0,0,0.453401757120064,0,0,0.21043512978941,0.152650959195055,0,0,0.0415233181232688,0,0,0.121227176710568,0.0207616590616344,0
V324,0,0,0,0.285071280712032,0.143660899109959,0.427606921068049,0,0,0,0,0.143660899109959,0,0,0,0,0
V325,0,0,0,0,0,0.0545257759531034,0,0.0475988595459903,0,0,0.897875364500906,0,0,0,0,0
V326,0,0,0.0654686797010972,0,0,0,0,0.0401117135331956,0,0.355038081399207,0.334192404291337,0,0,0.205189121075163,0,0
V327,0,0.298394560436824,0,0,0,0,0.178963164193885,0.0938179693674917,0,0,0,0,0.365990006789631,0.0628342992121681,0,0
V328,0,0,0.569299743899888,0.0213971214774902,0.0848058951824341,0.0225461710111602,0.0340863969755939,0,0,0,0.122039184180666,0,0,0.145825487272767,0,0
V329,0,0,0.237977637777634,0,0,0,0.31202158071699,0,0,0,0,0,0,0,0.450000781505376,0
V330,0,0,0,0,0.0334506740792098,0,0.882472125940234,0,0,0,0.0334506740792098,0,0,0,0,0.050626525901346
V331,0,0,0,0,0,0.467606777357934,0,0.134540755532535,0,0,0,0,0.258991729387076,0,0,0.138860737722455
V332,0.221863431994309,0.266620057339887,0.126950686739383,0,0,0,0,0,0,0,0,0.0300121278273875,0,0,0.354553696099033,0
V333,0,0,0,0,0,0.0218416451173969,0,0.0725787295619078,0,0.771336490404655,0,0.0339840891789123,0,0.0800214844348595,0.0202375613022686,0
V334,0,0,0,0,0,0,0,0,0.295271856296271,0.232276898727791,0,0.472451244975938,0,0,0,0
V335,0,0.0508021663642334,0,0.0684392710101355,0.592518330479285,0,0.189465488060468,0,0,0,0,0,0,0.0987747440858779,0,0
V336,0,0,0,0,0,0.0636822007277958,0.313782370832896,0,0.383407461029372,0,0.157358753436232,0.0817692139737036,0,0,0,0
V337,0,0,0,0,0.187670510910183,0,0,0,0,0,0,0,0,0.812329489089818,0,0
V338,0.328068359659458,0,0,0.579988338558007,0,0,0,0,0,0,0,0,0,0.0672823164408332,0.0246609853417016,0
V339,0,0,0.195668535421566,0.179551116954038,0.27986671175682,0.0425940742244359,0.0224528498863192,0,0,0,0,0,0,0.27986671175682,0,0
V340,0.0863837780483387,0,0,0,0,0,0,0,0,0.084882841671983,0.828733380279678,0,0,0,0,0
V341,0,0,0.166434418667422,0,0,0,0,0.26215387628347,0,0,0,0.0750095212129692,0,0.496402183836139,0,0
V342,0,0.171642827590948,0,0,0,0,0.0323289724678417,0.121339358951344,0,0,0.594791268199589,0,0,0.0798975727902772,0,0
V343,0.496876783916254,0.133890362056372,0,0.0345795281932159,0.0472884899787726,0.0576339209302028,0,0,0,0,0,0.109361426355398,0,0.0886702137844934,0.0316992747852909,0
V344,0,0.686326492626357,0,0.024625885732163,0,0,0.238108822202863,0,0,0,0,0,0,0,0.050938799438617,0
V345,0,0.557099950729129,0.0188146447772013,0,0,0,0,0,0,0,0.264896650996253,0,0,0,0,0.159188753497417
V346,0.587349331292631,0,0,0,0,0,0,0,0,0.221229667020728,0,0.072566534077719,0,0,0.118854467608922,0
V347,0,0,0,0.365256852749213,0,0,0,0.325541565963583,0,0,0,0.309201581287205,0,0,0,0
V348,0,0,0,0,0,0.0563954670816093,0.445243185782246,0.275501090470289,0,0.222860256665856,0,0,0,0,0,0
V349,0.403050165275649,0.596949834724351,0,0,0,0,0,0,0,0,0,0,0,0,0,0
V350,0,0,0,0,0,0,0.714285714285714,0.285714285714286,0,0,0,0,0,0,0,0
V351,0.381905423564913,0.548667622918444,0,0.0262433292442502,0,0,0,0.0431836242723927,0,0,0,0,0,0,0,0
V352,0,0.753497109454256,0,0,0,0,0,0,0,0.246502890545744,0,0,0,0,0,0
V353,0,0,0,0,0,0,0,0,0,0,0,0,0,0,0,0
V354,0,0,0,0.195355710197132,0,0,0,0.487788998565157,0,0,0,0.0461081663728096,0.180498083243268,0.0902490416216338,0,0
V355,0,0,1,0,0,0,0,0,0,0,0,0,0,0,0,0
V356,0,0,0,0.293960642801311,0,0,0,0,0,0.353019678599345,0.353019678599345,0,0,0,0,0
V357,0,0.942787638369581,0,0,0,0,0.0326927780745251,0,0,0,0,0,0,0,0.0245195835558938,0
V358,0.889440068714896,0,0,0,0,0,0,0,0,0,0,0,0.0586730352075206,0.0518868960775829,0,0
V359,0.345760418405509,0.471807363846139,0,0,0,0,0,0.0604424534901197,0,0.0569166154017982,0,0,0,0,0.0650731488564333,0
V360,0.0355671941171955,0.724375150807121,0,0,0.0343429813340007,0,0,0.0426792172902135,0.163035456451469,0,0,0,0,0,0,0
V361,0.144354156541209,0,0,0,0.15299477400089,0.0293653214140491,0.0892509114926703,0.125247537669144,0.0880959642421472,0,0,0,0,0.15299477400089,0,0.217696560639
V362,0,0,0,0,0,0.53890404023993,0.160089687070759,0,0,0.228067527651968,0,0,0.0729387450373429,0,0,0
V363,0.126783219140477,0.418779150364037,0,0,0,0.176536425127705,0,0,0.12729229613287,0,0,0.0602435636939646,0.0903653455409468,0,0,0
V364,0,0.0315016161187251,0,0,0.0211270781390698,0,0.668799495977066,0,0.249849363841968,0,0,0.0287224459231704,0,0,0,0
V365,0,0,0,0,0,0,0.267298637808144,0,0,0,0.732701362191856,0,0,0,0,0
V366,0.117332215268975,0,0,0.0336507112090893,0.0603087123392519,0.0646277043440399,0.0437010437739926,0.0376708442350507,0.642708768829601,0,0,0,0,0,0,0
V367,0.146943168893236,0,0,0,0,0,0,0,0,0,0.571526547787505,0.131216500449579,0.100209188579786,0.0501045942898932,0,0
V368,0,0,0,0,0,0,0,0,0,1,0,0,0,0,0,0
V369,0,0,0,0.243868312001991,0,0,0,0.098952371690673,0,0.657179316307336,0,0,0,0,0,0
V370,0,0,0,0,0.0128760560962054,0,0,0,0,0,0.697246861801398,0,0.108119678147386,0.181757403955011,0,0
V371,0,0,0,0,0,0,0,0,0,0,0,0,0,0,0,0
V372,0,0,0,0,0,0,0,0,0.130941789960224,0.869058210039776,0,0,0,0,0,0
V373,0.156326147236538,0.205389128617234,0,0,0,0,0.106147551943988,0.122255772547912,0,0,0.124768351260764,0.132322636925931,0,0,0.152790411467632,0
V374,0,0.841491913914636,0,0,0,0,0.0243408142636599,0,0,0,0,0,0.134167271821704,0,0,0
V375,0.132556327148552,0,0,0,0,0,0.330320111283721,0,0,0,0.148107218351282,0.130385735251943,0,0,0.258630607964502,0
V376,0.0375615900909267,0,0,0,0,0,0,0,0.374650595764599,0,0,0.587787814144474,0,0,0,0
V377,0,0,0,0,0,0,0,0.927138016235965,0.0441795764147228,0,0,0,0,0,0.0286824073493124,0
V378,0,0.801244728836629,0,0.023375623068778,0,0,0,0,0.0429680783334109,0,0.132411569761182,0,0,0,0,0
V379,0.485306531504147,0,0,0,0.294480509843811,0,0.151831335000296,0,0,0,0.0683816236517459,0,0,0,0,0
V380,0.241487483224336,0,0,0,0,0,0.562795030699424,0,0,0,0,0.0722532418364066,0,0.123464244239833,0,0
V381,0.0219056062923786,0,0,0.0434445057434158,0.233100143115542,0.0197796170220314,0,0,0,0,0.233100143115542,0,0,0,0,0.448669984711091
V382,0,0,0,0,0,0,0,0,0,0.68267021102164,0,0,0,0,0.31732978897836,0
V383,0,0,0,0,0.5,0,0,0,0,0,0.5,0,0,0,0,0
V384,0.0212879109133084,0,0,0,0,0.141169177075855,0,0,0.0350782846975532,0,0,0.0484580277714588,0,0,0.754006599541824,0
V385,0,0,0.0711445041853219,0,0.162982045186626,0.0355722520926611,0.156238595118734,0,0,0,0.0912285190071584,0,0.110427534457124,0.33061400485027,0.0417925451021039,0
V386,0,0,0,0,0,0,0.677298703236394,0.270919481294558,0,0,0.0517818154690484,0,0,0,0,0
V387,0,0,0,0,0.209815586753504,0,0.144092205995346,0.076297829208435,1.08827196585699e-17,0.0901074940575239,0,0,0,0,0,0.479686883985191
V388,0.110572133690401,0,0,0,0.0617650947268339,0,0,0,0.32462923355186,0,0.401319409040236,0.0432532502636185,0,0,0.0584608787270499,0
V389,0.669866813847031,0,0.0568974717045932,0,0.199537012743598,0.0736987017047777,0,0,0,0,0,0,0,0,0,0
V390,0.405097947254982,0,0.195021601380951,0,0,0,0,0,0,0,0,0.231290271959269,0,0,0.168590179404798,0
V391,0,0.863757290111241,0,0,0.0409897657854782,0,0.0545971205374727,0,0,0,0,0,0,0,0.0406558235658084,0
V392,0.0255382066576694,0,0,0,0.365029544332619,0,0,0.0386173542550614,0,0.232224299724373,0.290318902211451,0,0,0,0.0482716928188267,0
V393,0.415208844112545,0,0,0,0.0685440008775951,0.0393438392143574,0,0.0424877712312902,0.382511122484985,0,0.051904422079227,0,0,0,0,0
V394,0,0,0,0,0,0,0,0,0,1,0,0,0,0,0,0
V395,0,0.0903630109553911,0,0,0,0,0,0,0,0,0,0,0,0,0.909636989044609,0
V396,0,0,0,0,0,0,0,0,0.336129568104113,0,0,0.0224086383606262,0,0.0281433361310903,0.275800374655019,0.337518082749152
V397,0,0.741936710190477,0,0,0,0,0,0,0,0,0,0,0,0.258063289809523,0,0
V398,0,0,0,0,0,0.542043982903986,0,0,0,0,0,0.261689152626294,0,0,0.19626686446972,0
V399,0,0,0,0,0,0.0333872640937516,0,0,0,0,0,0,0,0,0,0.966612735906248
V400,0.094702615950667,0,0,0,0,0,0,0,0,0,0.816446339478414,0,0,0,0,0.0888510445709192
V401,0.459462384022134,0,0.0487426327124244,0,0.174226800786929,0,0,0.116585904957365,0,0,0.174226800786929,0.0267554767342183,0,0,0,0
V402,0,0,0,0,0,0,0,0,0,0,0,1,0,0,0,0
V403,0.24295505166211,0,0,0,0,0,0.155213017512104,0.165066768422288,0.385682003688037,0,0,0,0.0263240655284587,0.0247590931870024,0,0
V404,0.0343281616249819,0.868043715096686,0,0,0,0,0,0.0976281232783322,0,0,0,0,0,0,0,0
V405,0,0,0,0,0,0,0,0,0.251938462403644,0,0,0,0,0,0.748061537596356,0
V406,0.0705667971255732,0.840764754618867,0,0,0,0,0,0,0.0886684482555596,0,0,0,0,0,0,0
V407,0,0.214844440313563,0.02857053653329,0,0.0715112671287932,0.0270455265180769,0,0.0342846427654487,0,0,0,0.22375607258852,0.399987514152308,0,0,0
V408,0.161320850384384,0.522794181499176,0,0,0.023559952461836,0,0,0.161774198654369,0,0,0,0.0565182886839247,0,0,0.0740325283163098,0
V409,0.034369449220078,0,0.0487374082074216,0,0.355843999729992,0.0264973121299653,0,0.0251141524694306,0.0821374991606407,0,0.427300179082472,0,0,0,0,0
V410,0.372582068507342,0,0,0.230197156442371,0,0,0,0.203327469447942,0,0,0,0,0,0,0.072419149820474,0.12147415578187
V411,0,0,0.0157871264166061,0.0184657252375239,0,0,0.206164135945462,0.0375731376152301,0.222026100236888,0,0.390670738588963,0,0,0,0.109313035959328,0
V412,0.406980719559682,0.290749116069089,0,0,0,0.198229159252267,0,0,0,0,0,0,0,0,0,0.104041005118963
V413,0,0,0.259646274073548,0,0,0.213711567464328,0.464691177363411,0,0,0,0,0,0,0,0.0619509810987138,0
V414,0,0,0,0,0,0,0,0,0,0,0,0,0,1,0,0
V415,1,0,0,0,0,0,0,0,0,0,0,0,0,0,0,0
V416,0,0,0,0,0,0.0784046286907955,0,0,0,0,0,0,0,0,0.921595371309204,0
V417,0.204415467719071,0,0,0,0,0,0.313947071665385,0,0,0.363512909385305,0,0,0,0,0.118124551230239,0
V418,0,0,0,0,0,0.0508329459448997,0.536142670961264,0,0,0,0,0.413024383093836,0,0,0,0
V419,0,0,0.372377439529152,0,0,0.0368792446595874,0,0.15641032779459,0.31458265161373,0,0,0,0,0.11975033640294,0,0
V420,0,0,0,0,0,0,0,0,0,1,0,0,0,0,0,0
V421,0.0538790195281971,0,0,0.0175168586341344,0.147412130249414,0,0,0,0,0,0.199924108709051,0.0275717309457008,0,0.105023956919273,0,0.44867219501423
V422,0,0.0404429693394994,0,0,0,0,0,0,0.203432930396583,0,0,0.081873542437225,0,0,0.674250557826693,0
V423,0.111982054467717,0,0,0,0,0.0270269022709157,0,0,0,0.860991043261368,0,0,0,0,0,0
V424,0,0,0.172493673352162,0,0,0.151599367696435,0.577075900249185,0,0,0,0,0,0,0.0988310587022189,0,0
V425,0.672060392214466,0,0,0,0,0,0,0.109313202595178,0,0,0,0,0,0,0,0.218626405190356
