"","Astro","Endo","L2_3_IT","L4_5_IT","L5_6_NP","L5_ET","L5_IT","L6_CT","L6_IT","L6_IT_Car3","L6b","Lamp5","Micro","Oligo","OPC","Peri","Pvalb","PVM","SMC","Sncg","Sst","Vip","VLMC"
"5",0.0323460276359562,1.69992065130018e-05,1.69992219564279e-05,0.0286431072086216,1.69992189683116e-05,1.6999221722641e-05,1.699917233599e-05,0.0168670523889493,1.69991727933493e-05,1.69992138275836e-05,0.00475803521236027,1.69992219324067e-05,1.69992238373235e-05,1.6999223422963e-05,1.69992221660042e-05,0.0013165997297335,1.69992221892068e-05,1.69992216390105e-05,1.69992208171107e-05,1.69992208635851e-05,0.0581214696414942,0.00318395363649829,1.69992225309906e-05
"10",1.69992218190097e-05,1.69991845502184e-05,0.00535036029653664,0.00704395897506606,1.6999105108161e-05,1.6999171861125e-05,1.69982983008677e-05,1.69992215667102e-05,1.69997782094407e-05,0.0765116589272184,1.69992219492199e-05,1.69992157394225e-05,1.69990974545319e-05,1.69992221683563e-05,1.69992225694195e-05,1.69992162663756e-05,1.69991893860457e-05,1.69992212218977e-05,1.69992219503376e-05,0.0201943051572455,1.69992229505637e-05,1.69992217978632e-05,1.69992214288721e-05
"12",1.69992218555872e-05,0.0245853848201596,0.0430946880172125,0.0226189699164365,0.00158626595422508,1.69992215680967e-05,1.69992113959367e-05,0.00767972129549906,1.69992216855803e-05,1.69992224806706e-05,1.69992210424978e-05,1.69992182103799e-05,0.00941295883793372,1.69992190344338e-05,1.69992262043214e-05,1.69992225468935e-05,1.69992243427413e-05,0.000246587253761156,1.69992216369348e-05,1.69992244646574e-05,1.69992130258235e-05,1.74739797577018e-05,1.69992229108547e-05
"14",1.18994553945112e-05,1.18994540670988e-05,1.18994555369235e-05,1.18994556782855e-05,0.0172899991134466,0.0931012180495934,1.18994687634935e-05,1.18994554109434e-05,1.18994553626633e-05,1.18994556386945e-05,1.18994619842999e-05,1.18994558356047e-05,0.00254510805234906,0.00129315961555706,1.18994551572926e-05,1.18994550627464e-05,1.18994551332301e-05,1.18994581426024e-05,1.18994553863918e-05,0.00121196521403959,0.00394966626207139,1.1899457754142e-05,1.18994579570188e-05
"15",2.42846042530357e-05,0.0119650980517307,0.0633113276318795,2.99412372794289e-05,2.4284601614496e-05,2.42846009321634e-05,0.0399643660862747,2.42846046376469e-05,2.42846027862351e-05,2.42846036667492e-05,2.42846008836775e-05,2.42846036705241e-05,2.4284601471372e-05,2.42846022651017e-05,2.42846255584081e-05,2.4284592141786e-05,0.00465943395414697,2.42846038181787e-05,2.42846030135942e-05,2.42846023797734e-05,2.42845998839755e-05,2.42845980857089e-05,2.42846024207022e-05
"16",4.9352784052192e-05,4.95604138111543e-05,4.9560093699788e-05,0.000708516480244854,4.95604111377884e-05,4.93402581154552e-05,4.95596374403603e-05,4.95604132966639e-05,4.9560503610678e-05,4.95477569735134e-05,4.95607235318571e-05,4.95913846598694e-05,4.95583231571592e-05,4.95610529396723e-05,4.96150744488534e-05,4.95604138494501e-05,4.95604012114606e-05,0.0109046079303584,4.95604134478494e-05,4.95604078413013e-05,0.00968924844098409,4.95604132136673e-05,0.0376752743500095
"17",0.0129007403292377,4.95604126792911e-05,4.9560590571413e-05,0.0181358432115304,0.0261892445774924,4.95604097916364e-05,0.0155372584067258,4.9560417409474e-05,4.95603589497495e-05,4.95604361790677e-05,4.95604251342656e-05,4.95604108079517e-05,0.0146572397618327,4.95604251814758e-05,4.95604244637338e-05,4.9560420937675e-05,4.95604077948385e-05,4.95604113748579e-05,0.0288879727408942,4.95604139666444e-05,4.95604114592734e-05,0.0193637700028703,4.95604227896088e-05
"19",4.95604146525754e-05,4.95432808309732e-05,0.000206742247623279,0.0721204965266026,4.97563678054848e-05,4.95604138522986e-05,4.95604128508063e-05,4.95604112230305e-05,4.95604126531517e-05,4.95604133517081e-05,0.00315940891380039,4.95004964381292e-05,4.95604254385694e-05,4.95579119593493e-05,4.95604136671636e-05,4.9562741071887e-05,4.95604230063116e-05,4.95604149432007e-05,4.95604142142637e-05,4.95604146982941e-05,4.95604063845329e-05,4.95604117483187e-05,4.95604163570792e-05
"21",2.42846029146924e-05,0.000465060727179849,0.0313621926402345,0.163401657221807,2.42845981563065e-05,2.4284602600743e-05,2.42846027871281e-05,2.42846019587392e-05,2.42846027598887e-05,0.00301711146379476,2.4284602515949e-05,2.42846027022229e-05,2.42846035539034e-05,2.42846052824353e-05,0.00161554564777617,2.42846015167808e-05,2.4284602349939e-05,2.4284601548928e-05,2.42845980297704e-05,0.00528312336631159,0.00462878000303943,0.00525869170801316,2.4284601759426e-05
"22",4.95604175301755e-05,0.00244969278879293,4.95604163136882e-05,0.0318594182814221,0.013138730837438,4.9560405247297e-05,0.018260301097993,4.95604116768719e-05,4.95604078620697e-05,0.0094343785655066,4.95604094079732e-05,4.95604149374946e-05,4.95604145176642e-05,4.95604141639866e-05,4.95604185618704e-05,4.95604153611027e-05,4.9560409506489e-05,4.95604133432804e-05,4.95604125480856e-05,0.00491055901631314,0.00327031813509621,4.95604138518833e-05,0.00193440734407954
"23",3.46922829786233e-05,3.46922246830647e-05,0.0151929188983408,0.0261712542502924,0.0285694448934299,3.46922879993584e-05,3.46922918905259e-05,3.46923349385341e-05,3.46923091561963e-05,3.46923003038259e-05,3.46923007967117e-05,3.46922897129703e-05,3.46922893371045e-05,3.4692290188934e-05,3.46922890169558e-05,3.46922912660818e-05,3.46922886489916e-05,3.46922900163438e-05,0.00116626213149442,0.0061081643581266,0.0101976484808162,3.46922896776126e-05,3.46922906947483e-05
"24",1.18994542719986e-05,1.18994658989365e-05,1.18994553241247e-05,1.18995137509529e-05,0.00971801961298094,0.0639784259200608,0.00142780618884476,1.18994493006009e-05,1.18994678164843e-05,1.18994709560837e-05,1.18994487581497e-05,1.18994566417369e-05,0.0171335447447119,0.000596180375521892,1.18994545936355e-05,1.18994546007039e-05,1.18994554230507e-05,1.18994547971576e-05,1.1899457080048e-05,0.00500352835118143,1.18994546088446e-05,5.09490348990024e-05,1.1899455630946e-05
"28",0.0443925556718419,3.46922911334273e-05,3.46923268644567e-05,0.0257704409371807,3.46922957356226e-05,3.46922897098077e-05,3.46922698513681e-05,3.469228715382e-05,3.46923082609366e-05,3.46922899505881e-05,3.46922844021104e-05,0.0407341648743855,3.46922863950948e-05,3.46922915760017e-05,3.46922940603269e-05,3.46922821756362e-05,3.4692293319222e-05,3.46922986381925e-05,3.46922789415859e-05,4.91701336939184e-05,3.46922922014695e-05,3.46922896999319e-05,0.0041779828242217
"32",1.18994651182552e-05,1.18994511288781e-05,1.18994340653272e-05,0.016083570524372,1.18994502780796e-05,0.00342968720770082,0.059518199380312,1.22478082527275e-05,1.18994555135899e-05,0.000229406491743149,0.0129488093797362,1.1899453369035e-05,1.1899454674567e-05,1.18994599640341e-05,1.18994556823349e-05,1.18994539313749e-05,1.18994614922413e-05,1.18994585022447e-05,1.1899455755355e-05,1.18994551218755e-05,0.00595881720644174,1.18994553539384e-05,1.18994508779931e-05
"34",1.18917168352213e-05,1.189931045771e-05,1.18994553897724e-05,1.18993956773971e-05,0.00371517796207398,1.189945571408e-05,0.110764999073769,1.18993898109048e-05,1.18994554866784e-05,1.18994570687307e-05,1.18994541682483e-05,1.18994569387912e-05,1.1899459874964e-05,1.18994570497291e-05,1.18994641788324e-05,0.00119839632684521,1.18994131091946e-05,1.18994550053963e-05,1.18994558402173e-05,1.18994551645563e-05,0.00713573114306491,0.00210877465165106,1.18994528061569e-05
"35",2.42846002930542e-05,2.42846268947463e-05,2.42845820907314e-05,0.00969017278419641,0.0203545066377593,2.42846044743824e-05,2.42846027867225e-05,2.42846021317062e-05,0.0704320139473046,2.42846077114284e-05,2.42846070726667e-05,0.0122675346194813,2.42846155505257e-05,2.42845981221858e-05,2.42846087221589e-05,2.4284670951539e-05,2.42846021535757e-05,2.42846172046648e-05,2.42846023729705e-05,2.42846038442149e-05,0.00959706793416214,0.00728433976536825,2.42846144710417e-05
"36",0.00107265117377797,1.69992385720415e-05,0.0402661533791446,1.69992335518663e-05,0.0203020615486586,1.69992214288946e-05,1.69992218978624e-05,1.69992576403973e-05,0.000629489002363061,1.69992230182944e-05,1.69992052053337e-05,1.69991810664136e-05,1.6999219492869e-05,1.69992205074267e-05,1.69992235170881e-05,1.6999220323083e-05,1.69992216657846e-05,1.69992213423503e-05,1.69992228052459e-05,1.69992196873297e-05,1.69992217221155e-05,1.69992199332807e-05,0.005793052179036
"37",1.1899453918487e-05,1.18994579520996e-05,0.00985263180965158,1.18995050086344e-05,1.18994565970842e-05,0.0212528864622874,0.0351133001930243,1.18994618634143e-05,0.0194962179511779,1.18994533173406e-05,1.32071073908345e-05,1.18994554045914e-05,1.18994544385691e-05,0.00236107077851825,1.18994597346428e-05,1.18994561817918e-05,0.00733001678553764,1.18994553609089e-05,1.18994539597765e-05,1.18994535231663e-05,1.18994533576209e-05,0.0027357241391634,0.00517485709659024
"38",0.00166537253269139,1.69992216613972e-05,1.69992217220473e-05,0.0682356650443489,0.00309031993404531,0.00964044902500394,1.69992219761306e-05,1.6999218173898e-05,1.69992219540061e-05,0.00932168198419065,1.69992226996065e-05,1.69992223423158e-05,1.69992245315033e-05,1.69992224922146e-05,0.00412281559181601,1.6999223278844e-05,1.6999221614939e-05,1.69992227139909e-05,1.69992230022022e-05,1.69992276917501e-05,0.00261134068058829,1.69992221303972e-05,1.69992146915032e-05
"39",0.00833477190604423,3.46922911441307e-05,3.46922897490739e-05,3.46922896415702e-05,3.46922894172831e-05,3.46922900892155e-05,0.0900313964824574,3.46922889195275e-05,3.46922896946157e-05,0.00363241662659942,3.46922910282325e-05,3.46922906259232e-05,3.46922902550287e-05,3.46922886774012e-05,3.46922889781556e-05,0.0011433223879457,3.4692288824171e-05,3.4692289471468e-05,3.46922881033558e-05,3.46922893749755e-05,0.0029176035026878,3.46922882652934e-05,3.46922883759811e-05
"40",0.00634281030969035,4.95603881204143e-05,0.0033802446698894,4.95604137848649e-05,4.95604146499494e-05,0.0119255096001373,4.95604134754518e-05,4.95604416009306e-05,4.95604138494507e-05,0.00626231603318969,4.9560410243391e-05,0.0142507119419664,4.95604145977075e-05,0.00926660915773747,4.95604138814872e-05,4.95604153412265e-05,0.00558208264307627,4.95604130784823e-05,4.95604159729333e-05,4.95604148424025e-05,0.0294982352759581,4.95604139913718e-05,4.95604137821405e-05
"42",2.42846035889447e-05,2.42846151622323e-05,2.42846036030414e-05,0.0315835183893615,2.42846109662662e-05,0.0176680202185353,0.0129585941234293,2.42846026358805e-05,2.42846027877405e-05,0.0435036748129389,0.012502428424258,2.42846032381177e-05,2.42846018352572e-05,0.0196002370487147,2.42845997321381e-05,0.0529333152556254,2.42846031435578e-05,2.4284608471356e-05,2.42846029051504e-05,2.42846004225386e-05,2.42846054764721e-05,2.42845987028799e-05,2.42846022900096e-05
"44",4.95604133210668e-05,4.95604138735463e-05,4.95604143772544e-05,0.0443901721778365,4.95603319876923e-05,0.0284670910286871,0.00677788130661732,4.95604142117592e-05,4.95605264289552e-05,4.95604106042315e-05,4.95604217917548e-05,4.95604138213403e-05,4.95604140384338e-05,4.95604127909906e-05,4.95604117728967e-05,4.9560408400958e-05,4.95604138251633e-05,0.0318172063009906,4.95604135687678e-05,4.95604107945717e-05,4.95604074362843e-05,0.0119989199360319,0.0101194091732597
"47",0.0226015735830332,3.46925320638838e-05,0.0125255994889774,3.46923028696002e-05,0.0187344259726542,3.46923154732511e-05,3.46908247490213e-05,3.46923073126476e-05,3.4692289688727e-05,3.46922894840684e-05,3.4692290748165e-05,3.46922938368687e-05,3.46924211383079e-05,3.46922965124516e-05,3.46925870311712e-05,0.0152446200938432,3.46922914226823e-05,3.46922843462533e-05,3.4692288940467e-05,8.68972914042046e-05,3.46922908365393e-05,0.0143077973596876,0.00253012573002842
"50",0.0184444063588556,5.83074825728106e-06,0.0228802693361697,0.0796092182428308,5.83073247498969e-06,5.83073299284762e-06,0.000373485277810187,5.83072705535879e-06,5.83073067163315e-06,5.83073307376936e-06,5.8307355368519e-06,5.8307344906785e-06,5.83074004293728e-06,5.830725619076e-06,5.83072760416987e-06,5.83071597180712e-06,5.83073269252779e-06,5.83073148493341e-06,5.830732646549e-06,0.00391314363222654,5.83073464990025e-06,5.83072942683556e-06,5.83073068406481e-06
"51",5.83073296269423e-06,5.83073409631585e-06,0.0337497950685884,0.0304605002858849,5.83073385027405e-06,5.83073240613918e-06,0.0484207773838765,0.00632285017167489,5.83073309684291e-06,5.83071177258598e-06,5.8307329671733e-06,5.83073319519387e-06,0.00547215171656653,5.83073430967691e-06,5.83073263995606e-06,5.83073085525619e-06,0.0263561571817714,0.000957124929629365,6.35972736930829e-06,0.00805519306017231,5.83073345468608e-06,0.00786488786433133,5.8307359843477e-06
"53",2.42846000891959e-05,0.0145341574222916,2.42846138487254e-05,2.428461258013e-05,2.42845868829825e-05,2.42844738220086e-05,0.0626962829205527,0.0264178485935453,2.42846027862028e-05,2.4284602934281e-05,2.42846018260257e-05,2.42846120131046e-05,2.42846086639954e-05,0.00205173181066924,2.42846023322994e-05,2.42846020658084e-05,0.00320099247777255,2.42846027217371e-05,2.42846023909687e-05,2.42846032401329e-05,0.00163239474588909,0.00208834197880785,2.42846033978349e-05
"54",5.83072813863586e-06,5.83072879373962e-06,0.0618054196058295,5.83073312844886e-06,5.83073507741472e-06,0.0616654265491145,0.0173225804020273,5.83073295655836e-06,5.83073310184089e-06,0.0208776846612702,5.83073341351006e-06,5.83073055790747e-06,5.83073593185303e-06,5.8307344386876e-06,5.83073666578182e-06,0.00345461642671953,5.83073249580719e-06,5.83072633168892e-06,5.83073312897346e-06,0.00589692414404565,5.83073268296719e-06,5.83073358651116e-06,5.83072259435082e-06
"55",0.00639310001023424,3.46922886796681e-05,3.46922857652582e-05,3.46922723164843e-05,0.0193705653639697,3.46922819246418e-05,3.46922842980822e-05,0.0198084776643324,3.4692289652655e-05,0.0212626802844376,0.0194934376582842,3.46922897270137e-05,3.46922897428326e-05,0.00842491387207721,0.00466197710392689,3.46922897751675e-05,0.00609014560380629,3.46922904647759e-05,3.46922906171542e-05,3.46922904329301e-05,3.46922875468537e-05,3.4692289678653e-05,3.46922859679524e-05
"56",4.52792268917195e-05,2.42846502273152e-05,0.0141646305213744,0.0587975946341386,0.0244358996737374,0.021113242010738,9.64448073884493e-05,2.42846026750047e-05,2.42846046051096e-05,2.42846032396967e-05,2.42846024649367e-05,2.42846031089188e-05,2.42846075441575e-05,2.4284602706518e-05,2.42846037404621e-05,2.42846047282292e-05,2.4284602509896e-05,2.42846030343487e-05,2.42846003034232e-05,0.00628400562240734,2.42846028872911e-05,2.42846033707451e-05,0.00168890378954031
"59",0.0266292788200785,3.46922916792948e-05,3.469247524974e-05,3.46922899407428e-05,0.00400004837987626,3.46922882008621e-05,3.4692279441017e-05,0.0223777533010641,3.46923071661176e-05,0.0215893743019014,3.46922922611728e-05,3.46922896781407e-05,0.00307581534245576,3.46922811396683e-05,0.00410167387975395,3.46922904333315e-05,0.0326520503622455,3.46922906923931e-05,3.46922866825468e-05,3.46922910730324e-05,3.46922880228481e-05,3.46922864320489e-05,3.46922865626576e-05
"61",4.95604138724441e-05,4.95605032833961e-05,4.95604128936248e-05,4.95604138749725e-05,0.0469953300700927,0.000303688283112416,4.95604150458581e-05,4.9560413626315e-05,0.0163340649262125,0.0244752669478412,4.95604070827605e-05,4.9560413028162e-05,0.00868227781272544,0.00501453265584136,4.9560413174018e-05,0.00742351673173659,0.00574895582782433,4.95604145520197e-05,4.95604123350629e-05,4.9560413846235e-05,4.9560414739908e-05,0.0256368569947452,4.95604146199029e-05
"62",0.00177324751301184,0.000467251295462512,0.040888436759683,1.69991531031744e-05,1.70002774440577e-05,1.69986929586004e-05,1.69992218688183e-05,1.69992220956164e-05,0.00124390480591164,1.69992335164901e-05,1.69991181067623e-05,1.69992222150378e-05,1.6999793036243e-05,0.000186755021177485,1.69992431207071e-05,1.69992227435344e-05,1.69981671539437e-05,1.6999221817495e-05,1.6999222149647e-05,1.69991398544484e-05,1.69992222435345e-05,0.00137972569284531,1.69992218190265e-05
"65",0.0014908186820084,4.95610246064448e-05,4.95604109078109e-05,4.9560180233015e-05,4.95609351270161e-05,4.95577003948211e-05,0.0209170334168746,4.95593090819555e-05,4.95604139274016e-05,4.95656208443842e-05,4.95596641833427e-05,4.9560415056098e-05,4.95604141507828e-05,4.95600873227416e-05,4.95592733016681e-05,4.95604120009544e-05,4.95604148547351e-05,4.95604128775767e-05,4.95604141245249e-05,4.9560413256264e-05,0.0792142181071347,4.95604184349601e-05,4.95604276565093e-05
"66",7.08005907558163e-05,9.47426873003601e-05,7.08005900238336e-05,7.08005908456033e-05,0.00318776955911974,7.08026239539746e-05,7.07944063278799e-05,0.00794730746558616,7.07984489886516e-05,0.0005304630249916,7.08011663669233e-05,7.08005850549893e-05,7.08005887552418e-05,0.00573464254812451,7.08003866748934e-05,0.0556738094299545,7.08005913614432e-05,7.08005912500945e-05,0.00404586182776852,0.0045103204084668,7.08005910983012e-05,7.08005911107092e-05,7.0800584256503e-05
"67",4.95604159566967e-05,4.95603988469715e-05,0.00856939754423074,4.95604227875182e-05,0.0198912349836865,4.95604214827521e-05,0.0313761823113273,4.95604138651751e-05,4.95604138564901e-05,4.9560470129991e-05,4.95604150442878e-05,4.95604239536343e-05,4.95604148196635e-05,0.00272411795992935,4.95603959032323e-05,0.00612265445521728,4.95604137796669e-05,4.95604148640999e-05,4.95604137921012e-05,4.95604112114345e-05,4.95604139242309e-05,4.95604139636509e-05,0.00105079728292875
"68",0.0238407692428597,2.42846034226747e-05,0.00648499551786604,2.42846110359816e-05,2.42846734597959e-05,2.4284605247958e-05,0.00670657212830651,2.42846269555819e-05,2.42847520566505e-05,0.0317524243114548,0.0217780364765865,2.42846026877579e-05,2.42846099595556e-05,2.4284601400204e-05,2.42846233931569e-05,2.42846033407255e-05,2.42846079496405e-05,2.42846030055466e-05,2.42846027874401e-05,2.42845922557802e-05,2.42845725110411e-05,2.42846060377834e-05,2.4452218947203e-05
"69",0.00168509550328656,7.0800587903436e-05,0.0113316206125787,7.08005715102858e-05,7.08005926432866e-05,0.00757056031962895,7.08005912178944e-05,7.08005912730205e-05,0.0644804632350563,7.08005914523869e-05,7.08005914205501e-05,0.00368738162819131,0.00832835456128009,0.00199499674008937,7.08005859363035e-05,7.08005926643375e-05,7.08005923913744e-05,7.08005912047719e-05,7.08005914919251e-05,7.08005953844229e-05,0.00519220078586857,0.0106189591906745,7.08005891827945e-05
"70",2.42846081151223e-05,2.42846184015703e-05,2.42845871152672e-05,2.42846021134963e-05,2.42846022249239e-05,2.42846074325899e-05,2.42846134751915e-05,0.0251265289869453,0.0997615116480913,0.0225537180473595,2.42846056471887e-05,2.42846058722253e-05,2.42846124842468e-05,2.42846016801728e-05,2.42846138399224e-05,2.42846076499006e-05,2.42846085138313e-05,2.42845996455819e-05,2.42845885937934e-05,2.42845982436293e-05,2.42845859330901e-05,2.42846163825524e-05,2.42845958541468e-05
"72",1.69992223364333e-05,1.69992463633293e-05,1.69991207675774e-05,1.70005725645554e-05,1.69992222574981e-05,1.69992215246254e-05,0.0330664878843688,0.0428733372428668,1.69992217558569e-05,1.69992085212734e-05,1.69992227119111e-05,1.6999046135889e-05,1.69992218045858e-05,1.69992225145473e-05,0.0362652602026511,1.69992212420228e-05,1.69992210638645e-05,0.00143744714140166,1.69992215398716e-05,1.69992228937647e-05,1.69992248386753e-05,1.6999220692357e-05,0.0010522467044136
"73",2.42846080139775e-05,2.42837510116359e-05,0.0052819539454616,2.42822445655907e-05,2.42846067419348e-05,2.42846025495688e-05,2.42845769587823e-05,2.42845777565667e-05,0.00857290401597051,2.42828652093221e-05,2.42845981751334e-05,2.42846071316823e-05,2.42846032550855e-05,0.0343167129706042,2.42859171527094e-05,2.42845999871976e-05,0.0504070707361218,2.42846092194451e-05,2.42846051892518e-05,2.42846018791473e-05,2.42846047748197e-05,0.00538327241335343,2.42846009800986e-05
"74",2.42845074478691e-05,2.42846310836886e-05,2.42846048337771e-05,2.42842480233228e-05,2.42844297157326e-05,2.42846162002662e-05,2.42845896632644e-05,6.77916522796192e-05,2.42847236824714e-05,2.54580320759052e-05,0.024793196004518,2.42845870108957e-05,2.42846036932589e-05,0.0507925140782363,0.0475563295966237,2.42846037539406e-05,2.42846021857869e-05,2.42846013841307e-05,2.42846072802261e-05,2.42846025288129e-05,2.42846030780899e-05,2.42846008451091e-05,2.42845995208325e-05
"76",0.0232139628809547,0.0121405809685389,1.69992202875143e-05,0.0116983498247821,1.69992220223126e-05,1.69992213084225e-05,1.69992219502299e-05,1.6999221942656e-05,1.69992225163173e-05,1.69992256125393e-05,0.010496197303827,0.0146781019439375,1.69992222459719e-05,1.69992225090813e-05,1.69992274876521e-05,1.69992244699487e-05,1.69992227877365e-05,1.69992202108548e-05,0.0143327440738342,0.0535876719059112,1.69992187368501e-05,0.0233490282046119,0.0207448827906222
"77",0.0111673752501639,3.46922951576125e-05,0.0310216629797306,0.0186480523342794,3.46923028211672e-05,3.46922799069714e-05,3.46923505947899e-05,3.4692287521957e-05,3.46923470255225e-05,0.0066309990290408,3.46924655690203e-05,3.46922787888201e-05,3.46922888461562e-05,3.46922827541602e-05,3.46922918300842e-05,3.4692291987206e-05,3.46922895137636e-05,3.4692284948805e-05,3.46922896868486e-05,7.11659270869722e-05,3.46922950160741e-05,0.0344991695377463,3.46922881649619e-05
"78",1.39995912094805e-06,1.39995767785642e-06,0.0187848830485596,1.39995914743773e-06,1.3999590030829e-06,0.0094893794373937,1.39995907951078e-06,1.39997282280255e-06,1.39995719144239e-06,0.00580829237247955,0.0374511234980243,1.39997540325965e-06,1.39995899546622e-06,0.0021307628071583,1.39995913596657e-06,0.000528923542991984,0.0226608473982357,1.39995749839139e-06,1.39995847014502e-06,0.00603988718701838,0.0172362458985705,1.39995924363505e-06,0.00129722299076958
"79",0.00122682045492885,4.95604019460312e-05,0.0327228585299178,0.0272148417311008,4.95604433844265e-05,4.95604340276423e-05,5.70726555430014e-05,4.95604138180452e-05,4.95604138653584e-05,4.95604150159304e-05,4.95603912857623e-05,0.01514777379376,4.95604146484611e-05,0.0030903950613516,4.95604394961001e-05,0.000619841527970262,0.00509281256922583,4.95604140219965e-05,4.95604119070927e-05,4.95604137806554e-05,0.00163146223792414,0.00356415060555457,4.95604139923931e-05
"81",0.000134232137648671,1.69992189435507e-05,1.69992216342412e-05,0.0100843466340711,1.69992273176728e-05,1.69992219519358e-05,0.0117037089267416,1.69992221183562e-05,0.0126824446352809,1.69992212601927e-05,1.69992220679112e-05,1.6999222001915e-05,1.69992218372816e-05,1.69992219783605e-05,1.69992233123935e-05,0.000728949897164465,0.0672634728153744,1.69992213564536e-05,1.69992197522288e-05,0.00529757066176436,0.00568400226333456,1.69992219153034e-05,1.69992224567938e-05
"83",4.0815185018227e-06,4.08150603924908e-06,4.08149456032315e-06,0.0191103283663596,4.08151984986109e-06,0.040620969996888,4.38680084807228e-06,4.08151336786659e-06,4.08151339377572e-06,4.08154269028586e-06,5.69767175280537e-05,0.00218340254873842,4.08151441762069e-06,4.08152072390713e-06,4.08151201269669e-06,4.08151173623459e-06,3.30333779422747e-05,4.08152046399922e-06,4.08151470989872e-06,4.08151656675528e-06,0.0180278695158679,0.00104367841111659,4.081515352336e-06
"85",3.46922959662046e-05,3.46922922328478e-05,3.46922900077333e-05,3.46922894502306e-05,3.46922856888677e-05,3.46922896946138e-05,0.0106306721646659,3.46922866901174e-05,0.073210045321922,3.46922895767085e-05,3.46922893348621e-05,3.46922888220223e-05,0.00578650987316414,3.46922906395525e-05,3.46922895442904e-05,3.46922951266922e-05,3.4692286442837e-05,3.46922900156417e-05,0.00529069070293635,0.002341214322826,0.00959140835991818,3.46922896835682e-05,3.46922896170155e-05
"86",1.18994569668335e-05,1.18994535446551e-05,0.0158240086083677,0.00286471085225075,1.18994902624953e-05,1.18994570553558e-05,1.18994933385576e-05,1.1899449615548e-05,0.000207456450355074,0.0141778297174464,1.18994551820296e-05,0.0277137770379997,1.1899455806948e-05,1.18994554935317e-05,1.18994561569783e-05,1.18994559196856e-05,0.0147949297054192,1.18994547263718e-05,1.18994551630892e-05,1.18994553654469e-05,1.1899454645414e-05,1.1899455350528e-05,1.18994556511204e-05
"87",8.93251617940872e-05,4.95604080474438e-05,4.95604197372581e-05,4.95604027907296e-05,4.95604139524661e-05,0.0257234986938311,0.00205629374924314,0.0202667945522274,4.95604138260523e-05,0.021316910916462,4.95604145745584e-05,4.95604138494263e-05,0.00117321312544815,0.00601279539397021,4.9560414218221e-05,4.95604141431643e-05,0.00253167618154926,4.95604144939831e-05,4.95604169976803e-05,4.95604144134824e-05,4.95604137960669e-05,4.95604170543341e-05,4.9560412769411e-05
"88",0.0186628143265961,1.18994515631535e-05,0.0305471477706182,1.18994553218468e-05,0.0295091985231145,0.000260181832268538,0.00488836147052464,0.015368313351931,0.00144194138500445,0.0382455899669477,1.18994551794896e-05,1.18994549145553e-05,1.18994566201647e-05,1.18994574886244e-05,0.00538519647357418,1.18994515178525e-05,0.0297046043010794,1.18994565263038e-05,1.18994554999443e-05,1.18994538176044e-05,1.189945609566e-05,0.0119458042288799,1.42066757347641e-05
"89",8.32961327210639e-06,8.32962410805897e-06,0.0163216903656533,8.32959483283336e-06,8.32962554826276e-06,8.32961467479074e-06,2.48621501794917e-05,0.134973821257849,8.32961873503241e-06,0.0117837590158562,8.3296072986612e-06,8.3296100813047e-06,8.32963277558238e-06,8.32962573364061e-06,8.32959383691793e-06,8.32962109941348e-06,8.32961811424788e-06,8.32962908034448e-06,8.32957215599799e-06,8.32962104682174e-06,8.32961095784578e-06,0.00648889470854554,8.32963827970512e-06
"91",8.32961360916775e-06,8.32966906898001e-06,8.32968521133206e-06,0.00946388935971834,8.3296084563661e-06,8.32962440812828e-06,0.0193574101033653,0.01320822993348,0.00416036772874068,8.32962081686755e-06,8.3296184062582e-06,8.32961408289341e-06,8.32961603954767e-06,8.32962245941992e-06,8.32962620634758e-06,0.0249010082613766,8.32963098801874e-06,8.32960543849792e-06,8.32962799710919e-06,8.32962973606845e-06,0.0230113276518013,8.32961991427969e-06,8.32961646846646e-06
"92",0.00323552786598393,1.18994479273386e-05,1.18994552191678e-05,0.0141497118028468,0.0017232723648045,1.18994581137818e-05,1.18994554790228e-05,0.10376324306142,1.18994553672297e-05,1.18994533323954e-05,1.77048180996622e-05,0.000584054010611732,1.18994555241522e-05,1.18994562657414e-05,1.18994558962639e-05,1.18994564295649e-05,1.18994546285042e-05,0.00360750687343054,1.18994545194018e-05,1.1899451419289e-05,1.18994457946059e-05,1.18994570569493e-05,1.1899453812766e-05
"93",0.0770874776803745,1.18994531319793e-05,0.053780687709136,1.18994552962705e-05,1.18994554593092e-05,1.18993434032264e-05,1.18994553652522e-05,1.18994606827445e-05,0.0163893117712589,1.18994526334799e-05,1.18994484723479e-05,1.18994569639752e-05,1.18994528613887e-05,1.18994495477612e-05,1.18994449428374e-05,1.18994539919883e-05,1.18994607920985e-05,1.1899449136264e-05,1.1899458807687e-05,1.18994553661625e-05,1.18994588837489e-05,0.028537944017791,0.000110276162241088
"94",2.4284600937012e-05,2.42846027419476e-05,0.0936519447559339,2.42846027860512e-05,2.42846019454905e-05,2.42846010305865e-05,2.42846027923302e-05,2.42845989491913e-05,0.00915273914206001,2.42845917875833e-05,2.42846024307703e-05,2.42846027579236e-05,2.4284597413339e-05,2.42846008617035e-05,2.42846006341843e-05,2.42846085137931e-05,2.42845994642936e-05,2.42846118470624e-05,2.42846039860463e-05,2.42846046581179e-05,2.42846085153432e-05,2.42846012776372e-05,0.00453599233328129
"95",3.46922931048998e-05,0.0171705041101697,3.46926692558968e-05,3.46922907836818e-05,3.46925517508797e-05,3.46920584354698e-05,3.46932990199568e-05,0.0069929967653332,3.46922849526347e-05,3.46922888048683e-05,0.00273684637478024,3.46924446194244e-05,3.4692281291318e-05,3.46922817379267e-05,3.46922833891896e-05,3.46922843818674e-05,3.46923003436601e-05,0.0166256802630241,3.46922949465068e-05,3.46922952565998e-05,0.0227239468449346,3.46922916062091e-05,3.46922814097161e-05
"96",0.00388305255930279,0.00475506192032957,3.46922897045338e-05,0.034559616862818,3.46923361815078e-05,3.46921962544831e-05,3.46922896946127e-05,3.46922864412733e-05,0.0181998915798492,3.46920574624389e-05,3.4692301288336e-05,3.46920059497576e-05,3.46922893540234e-05,3.46922879591299e-05,3.46922845818735e-05,3.46922842189969e-05,3.46922921041862e-05,3.46923012062478e-05,3.46922882813298e-05,0.0241533829285808,0.0333864816649208,4.83286772516607e-05,3.46922863565878e-05
"97",0.00108687302932512,4.80193975853883e-07,0.138717347224301,0.000361966050878814,4.80187061203649e-07,4.80184758455671e-07,4.80185892378138e-07,4.80171280341515e-07,5.10785299477201e-05,4.80185413145489e-07,4.80186922297579e-07,4.80188238806533e-07,4.80184780834784e-07,4.80185675601298e-07,4.80184845759134e-07,4.80187495589783e-07,5.42856123038369e-07,4.80184666219951e-07,4.80185103518853e-07,4.80185071200049e-07,4.80180607332181e-07,4.80182843635043e-07,4.801858434227e-07
"100",4.95604127567219e-05,4.95604136534436e-05,4.95604111804263e-05,4.9560410721011e-05,0.0089103535691864,0.0537657282637782,0.0020814560383072,0.0231443025614105,4.95603659232794e-05,4.95604268106602e-05,4.95604139197746e-05,0.00370152402488783,4.95604244506904e-05,0.00389648933505966,4.95604069127321e-05,4.95604138344512e-05,4.95604259345922e-05,4.95604124726705e-05,4.9560415256025e-05,4.95604140879391e-05,4.95604128692466e-05,4.95604128759731e-05,4.95604194749836e-05
"101",4.95604059786914e-05,0.00264802343610162,0.01236632927774,4.95604146106443e-05,4.95604111279257e-05,0.033199637570422,4.95604161214467e-05,4.95594579287605e-05,4.95604133930136e-05,4.95604078173307e-05,0.00393681457331245,4.95602023541682e-05,4.95604136441013e-05,4.95604113415511e-05,0.0211844290016441,0.00541821192902605,4.95604063261718e-05,4.95604128691949e-05,4.95604146975951e-05,0.00359499881890608,0.00876992836539539,0.00753214804679834,0.00343258050497522
"105",1.1899456247864e-05,1.18994674810946e-05,1.18994533168036e-05,0.0432883144197808,1.18994552954315e-05,1.18994553668868e-05,0.00888577738003363,0.0621131578258392,0.0222481167421525,0.019143429432069,1.18994553366864e-05,1.18994536053385e-05,1.18994560299147e-05,1.18994564625219e-05,1.18994476113848e-05,1.18994547208808e-05,1.18994592256161e-05,1.18994538710881e-05,5.05351084010381e-05,1.18994562135496e-05,1.18994531173096e-05,0.00354188018675706,1.18994563638031e-05
"106",4.95604149947212e-05,4.95604216578686e-05,4.95604847587909e-05,4.95604138366475e-05,4.95604138517977e-05,0.0368392194801162,4.9560476616533e-05,4.95604071382149e-05,0.0349162176806479,0.00834071305131365,4.95604136064577e-05,4.95603567437741e-05,0.00881363125085581,0.00936094390088113,4.95604149422962e-05,4.95604147778573e-05,4.95604138530611e-05,0.00102334052572311,4.95604138406847e-05,4.9560414382062e-05,0.0201604346712286,0.00628616787833293,4.95604138395573e-05
"107",1.69992151254799e-05,1.6999252029234e-05,1.69992931550001e-05,1.69992216800393e-05,0.0212156730354513,1.69992245122137e-05,0.00649349103657731,0.00655527860746409,1.69992387426409e-05,1.69992189149083e-05,1.69992281659974e-05,1.69992232113029e-05,1.69992218912357e-05,1.69992179141171e-05,0.0032861102694142,1.69992218675186e-05,1.69992145336731e-05,1.69992219278921e-05,1.69992219496158e-05,1.69992233313535e-05,0.0403511604820785,0.00224101131991737,0.035834885762095
"110",4.95606689888029e-05,4.956041367248e-05,0.0274184355547202,4.9563735083494e-05,4.95605472423961e-05,4.95608675703786e-05,4.95603822671048e-05,4.95604139583638e-05,0.000515065554740868,0.00222355037216406,4.95604158325613e-05,4.95604132946402e-05,0.00769066426767483,0.0133432394831056,4.95603594468176e-05,0.000735691494039301,4.95604138405195e-05,4.95604158838057e-05,4.95604102277593e-05,4.95604145221452e-05,0.0172978103048518,0.000977041026055897,4.95604143711184e-05
"111",0.00147623072704393,4.956041638829e-05,0.0508660415780594,4.95604138494187e-05,0.0304097550356586,4.95604428623153e-05,4.95604143291916e-05,4.95604139434451e-05,4.95604139669121e-05,4.95604586656335e-05,4.95604039131099e-05,4.95604157305491e-05,4.95604130750922e-05,4.95604139456799e-05,0.00432644915694639,0.00224862092446405,0.00512006127233095,4.95604143037423e-05,4.95604138581476e-05,4.95604167230428e-05,4.95604158256359e-05,0.0163951993871978,4.95604144796811e-05
"113",0.0186317060322069,3.46920880145627e-05,3.46924223008816e-05,0.109975998096614,0.00610342061248009,3.46922927503072e-05,3.46922896944098e-05,3.46922927737917e-05,3.46922896930773e-05,0.00386119173083671,3.46922857403964e-05,3.46922896415834e-05,3.46922886464184e-05,3.4692289947386e-05,3.46922888353208e-05,3.4692288343532e-05,0.00556311421234596,3.46922908069244e-05,3.46922895855023e-05,3.46922854155048e-05,3.46922890224868e-05,3.46922893787517e-05,3.46922893053758e-05
"114",2.42849680802902e-05,7.54953634133451e-05,2.42862691683587e-05,0.0281520067136657,2.42848476455573e-05,2.42855843508381e-05,2.89863031178135e-05,2.4284258097214e-05,2.42813026627145e-05,2.428455785212e-05,2.42846025405835e-05,2.42846012624269e-05,2.42846017357417e-05,0.00506496218397704,2.4284299296426e-05,0.0225041892891545,2.42846034435787e-05,2.42846025687897e-05,2.42846042866283e-05,2.42846025456188e-05,2.42846020453826e-05,2.4284601768454e-05,2.42846017230033e-05
"116",0.00109570404724509,4.95604089586175e-05,4.95604144617662e-05,4.95604169622257e-05,0.00164903820209462,4.95602173979393e-05,0.0599072054048095,4.95603411394607e-05,4.9560414538424e-05,4.95604566956474e-05,4.95605309578294e-05,0.00618322283261346,4.95604136967177e-05,4.95604115463998e-05,0.0162823118748118,4.95604109545913e-05,4.9560415458298e-05,4.95604186043132e-05,4.95604070298754e-05,4.95604157926671e-05,4.95604182292518e-05,0.00513672101127069,4.95604151409232e-05
"117",3.46922940389294e-05,3.4692301963729e-05,3.46922898479836e-05,3.46922895174431e-05,3.46922882938296e-05,0.0372331153815188,3.46922897670011e-05,3.46922897357292e-05,0.0564265289887085,3.46922900899836e-05,0.00618098808851418,3.46922928449652e-05,3.46922896512238e-05,3.4692285969169e-05,3.46923158917e-05,3.46922888372014e-05,3.46922897468938e-05,3.46922933945461e-05,3.46922886794324e-05,0.011000043411494,3.46922949360609e-05,3.46922897099656e-05,3.46922888292328e-05
"118",0.00292716568175532,0.00797822575621353,3.46922870233715e-05,3.46922944980591e-05,3.46922916610965e-05,3.46922903303601e-05,3.46922898750473e-05,3.46922890562929e-05,0.0625903528249374,0.00897582072735003,3.46922903812944e-05,3.46922905314334e-05,3.46922891874032e-05,3.46922896176818e-05,3.4692283103338e-05,3.46922929014032e-05,0.00842060002736324,3.46922913592392e-05,0.000157109077254427,3.46922893534614e-05,3.46922801631711e-05,0.0144154119040807,3.46922887699603e-05
"119",2.42846016755678e-05,0.0195101666475707,2.42845721082832e-05,2.42846040655568e-05,2.42846058854617e-05,0.000601827246338526,2.42846029219474e-05,0.0612425588851651,0.00379625272794293,2.42846040615118e-05,2.42846030839426e-05,2.42846022778791e-05,2.42846100894477e-05,0.0272199754605226,2.42846005376796e-05,2.42846001062216e-05,2.42845985903541e-05,2.42845964092332e-05,2.428460770685e-05,2.42845986124861e-05,2.42846023224454e-05,0.00252796078514904,2.42846023057891e-05
"121",4.95601165757622e-05,0.0328940451070848,0.00249738963837557,4.95600853212848e-05,4.95602898820069e-05,4.95603702690017e-05,0.00569611613226542,0.0264372292074078,4.95604223661831e-05,4.95604612798066e-05,4.95604026167223e-05,4.95604137652951e-05,4.95604062497333e-05,0.00323850869113979,4.95604162481911e-05,4.95604156187549e-05,4.95604195052622e-05,4.9560416951359e-05,4.95604134451728e-05,0.0111785578936867,0.00507983537954801,0.00937904790222845,4.9560411925372e-05
"124",0.00780666352418761,1.69992270606607e-05,0.024518085095958,1.69992044269104e-05,1.69992150332145e-05,0.000156897574680355,0.0229422075696429,1.69992156667542e-05,0.00905107414603086,1.69992182891774e-05,1.69992227801762e-05,1.69992224025971e-05,0.0046967377966143,1.69992241016827e-05,1.69992213952856e-05,1.6999225527959e-05,1.69992221718028e-05,1.69992261582453e-05,1.69992260743419e-05,1.69992219151688e-05,1.69992210733615e-05,0.00719810559358898,2.09570453254006e-05
"125",8.35528937633349e-06,0.00015050188088076,8.11816107601908e-06,8.32960871858961e-06,8.32961554795043e-06,8.32964026709338e-06,8.32929814644011e-06,8.33158017816818e-06,8.32877645685007e-06,8.32954171046649e-06,8.32960611247646e-06,0.00245933311742335,8.32961834972409e-06,8.32959513810761e-06,8.329618772449e-06,8.32961913156644e-06,8.3296151633107e-06,0.0474623252312339,8.32961633863158e-06,8.32961897130768e-06,0.00462423233178332,8.32961508183394e-06,0.0324311401623123
"128",8.32961962142656e-06,8.32961479276276e-06,0.0970951630458217,0.000265095817782866,8.32961834745927e-06,0.00861781595942346,8.3296206736461e-06,8.32961893532377e-06,8.32961871089709e-06,8.32961890515189e-06,8.32962013511928e-06,8.32962184312512e-06,0.00360041649437565,8.32962016877876e-06,8.32960992534199e-06,8.32961973206346e-06,8.32961496467767e-06,8.32962081257161e-06,8.32963440693235e-06,8.3296186543931e-06,0.00274435619595418,8.32961411667254e-06,8.32965554845293e-06
"131",3.46906200212804e-05,0.00144071823574441,3.4693164472437e-05,0.0299586090605859,3.46922719953087e-05,3.46933201650847e-05,3.46922896964214e-05,3.4693993697753e-05,3.46931727830736e-05,3.46932118754869e-05,3.46925198132052e-05,3.46922898444925e-05,3.46922889403555e-05,3.46922935728285e-05,3.4692288930227e-05,3.46935755767852e-05,0.0407079281779071,3.46922903264469e-05,0.000495401199258938,3.46922900079503e-05,3.46922898103434e-05,3.46922900560944e-05,3.46922906993479e-05
"133",0.0222973339910867,1.69992203166031e-05,0.0682342359253267,1.6999222595474e-05,0.0110553252134069,1.69992216953247e-05,1.69992194900697e-05,1.69992234970614e-05,1.69992219503736e-05,0.0105457024334123,1.69992224200687e-05,1.69992236825537e-05,1.69992232493492e-05,1.6999225281622e-05,1.69992242546381e-05,1.69992144897878e-05,1.6999217986266e-05,1.69992126875082e-05,1.69992290464815e-05,0.0102361758333655,0.00330450137281703,1.69992219310531e-05,1.6999230998207e-05
"134",4.95604094468811e-05,4.95604236553485e-05,4.95604062885393e-05,4.95603818420331e-05,0.00218195581425933,8.02688531656534e-05,4.95604138484581e-05,4.95604462103277e-05,0.0829201593472337,4.95604142908699e-05,0.00493091817880319,4.95604138551101e-05,4.95604146161976e-05,0.0116834324822648,4.95604130033982e-05,4.95604146349277e-05,0.00690394695663534,4.95604161740827e-05,4.95604144583281e-05,4.95604133810631e-05,4.95604167027336e-05,0.00457692266847524,4.95604148855247e-05
"136",3.46918674922365e-05,3.46928976665445e-05,0.00728432562396547,3.46932251205328e-05,0.0110109845006864,3.46911363437434e-05,3.46922895217893e-05,3.46933796727962e-05,0.0634670482538648,3.46925227804575e-05,3.46919709332858e-05,3.4692295934731e-05,3.46923009126019e-05,3.46922723106607e-05,3.46922919304594e-05,3.46922856907235e-05,0.0150477761744088,3.46922849639037e-05,3.46922666077947e-05,3.46922894365141e-05,3.46922883769597e-05,0.00545876015870262,3.46922832444723e-05
"137",0.00375509014363997,4.95604148281429e-05,4.95604131937902e-05,4.95604140174744e-05,0.00646154225786642,4.9560413796171e-05,0.0539409967813804,4.95604138801885e-05,4.95604138471529e-05,4.95604136263684e-05,0.010433324302936,0.0113064866046144,4.95604070711885e-05,0.0105551459633953,4.95604192714219e-05,4.95604144621706e-05,0.0439613577743093,4.95604136293244e-05,4.95604161825432e-05,4.95604093199172e-05,4.95604085072864e-05,4.95604120412764e-05,4.95604090351574e-05
"138",4.95604088370848e-05,4.95604135872807e-05,0.0148897724867368,0.0102115212401552,4.95604140873642e-05,0.0220735116171602,4.9560413907895e-05,4.95604178914544e-05,4.95604103930719e-05,4.95604093484819e-05,0.0233195333339195,4.95604139964144e-05,0.0143543980597547,4.9560414978411e-05,4.95604128576378e-05,4.95604135744154e-05,4.95604136031485e-05,4.9560414523927e-05,4.95604131824757e-05,4.95604138810122e-05,0.0059299469043527,4.95604154191872e-05,0.00130071261096436
"139",4.95604151749381e-05,4.95603403648524e-05,4.95603722763246e-05,4.95605286234676e-05,0.00717016919327528,4.95604215202153e-05,4.95604332351024e-05,0.0628099088538489,4.95604541163425e-05,4.95601188384911e-05,4.95604164594584e-05,4.95604285342795e-05,4.95604134859555e-05,4.95604134504199e-05,0.011687855348382,4.95604138586193e-05,4.95604132257187e-05,4.95604191031596e-05,4.95604139483743e-05,0.016770318993372,0.00335027538927615,4.95604138507248e-05,4.95604153955256e-05
"140",3.46917452814659e-05,3.46922783783485e-05,3.46923012134756e-05,3.46915710790823e-05,0.00150078111547927,0.044561753379748,0.0330815096603298,3.46921945058829e-05,3.46922897422538e-05,3.46922934491795e-05,3.46922891782554e-05,3.46922182383036e-05,3.46922908588934e-05,3.46922895029773e-05,0.00931217058021831,3.46922917432717e-05,0.00837215929794751,3.46922921406661e-05,3.46922903253795e-05,3.46922918075897e-05,3.46922895536739e-05,3.46922871546575e-05,0.00295458224584248
"143",0.00392595391204227,5.83075149100014e-06,5.83074093574169e-06,5.83056394810124e-06,5.83073426103231e-06,0.0205759688397869,0.000225311283969078,0.0248351300209253,0.00010123823660754,5.83073412762609e-06,5.8307344000822e-06,5.83072052012309e-06,0.0349571091386461,5.83073558500972e-06,5.83073200206368e-06,5.8307320639466e-06,0.0428880223463471,5.83073160214117e-06,5.83073058327715e-06,5.83073559326529e-06,0.00297260426064004,5.83073570579017e-06,5.83074073120751e-06
"144",4.9416869511718e-05,0.00419219348697212,4.95594709524569e-05,4.96759070230524e-05,4.95651237885103e-05,0.00187443102471268,4.97775442119397e-05,4.95604132053201e-05,4.96019829219519e-05,4.95625684723721e-05,4.95632302681021e-05,4.95686848022142e-05,4.95604215408286e-05,4.95572260521912e-05,0.0018327825474604,0.022234967821997,4.9560317110346e-05,4.95604137925995e-05,4.95604138607613e-05,0.00039638754606495,4.95604138286247e-05,4.95604135188188e-05,4.95604128268777e-05
"146",0.0292905901292027,3.46922807720662e-05,0.0476041926830269,3.46922770180561e-05,3.46922883085956e-05,3.4692290475323e-05,3.46922896954345e-05,3.46922885080902e-05,3.46922897154691e-05,0.0213686034408626,3.46922898814585e-05,3.4692290364227e-05,3.46922966544899e-05,3.46909772210376e-05,3.46935816873677e-05,3.46922838269008e-05,0.00292526629302253,3.4692288306893e-05,3.46922832474676e-05,3.46922911462172e-05,3.46922930938096e-05,3.46922892749215e-05,0.00219333897502714
"150",2.95757097096379e-06,6.85970050831493e-07,6.8598134773177e-07,4.12958638145962e-07,6.8597611279936e-07,1.28625250471027e-06,6.85979462659309e-07,0.107192710695982,0.000673131763559261,6.92871842567744e-07,6.85986444432664e-07,5.82545098199907e-07,6.85983143452124e-07,7.38172978150013e-07,6.85993745280437e-07,6.85983141888424e-07,6.85989044522839e-07,6.85981991971354e-07,6.85983399638977e-07,0.00976767441669748,6.85977997685028e-07,6.85976450969091e-07,6.86024878178654e-07
"151",0.00425883656572514,0.00673926960541696,7.08005704307572e-05,7.08005865185446e-05,7.08005915927445e-05,0.0101952588585434,7.08005911473414e-05,7.08001640946853e-05,0.0181212424709891,7.08005910797444e-05,7.08006000449694e-05,7.08006761383989e-05,7.08005550465511e-05,7.08005867199408e-05,0.0158394489114705,7.08005938537828e-05,0.00774344206288852,0.00121067306700506,7.08005869300335e-05,7.08005921401231e-05,7.08005958712094e-05,7.08005913780243e-05,7.08005905890892e-05
"152",1.69992233163206e-05,0.00798540965480973,1.69992458329013e-05,0.013575977843543,1.69992261211114e-05,1.69992206303908e-05,1.6999224025425e-05,0.0180342896247528,1.69992219494484e-05,1.69992217399704e-05,1.69992230456764e-05,1.69991575615796e-05,0.00843345047981043,1.69992232933958e-05,1.69992239844068e-05,1.69992089525512e-05,0.0281817955246489,1.6999221447814e-05,1.69992217208535e-05,1.69992220270144e-05,0.0499211839319893,1.69992243107041e-05,1.69992203717483e-05
"154",1.18994562137482e-05,1.18994504439085e-05,1.18994739560311e-05,1.18994553766093e-05,1.18994814864878e-05,1.18994702195097e-05,1.18994553649516e-05,1.1899455090546e-05,0.0656806399157359,0.0100499803799383,0.00870370949184564,1.18994592856252e-05,1.18994482650605e-05,0.0127233052357445,1.18994589356003e-05,1.18994520797309e-05,1.18994549840801e-05,1.18994476139672e-05,1.18994553886444e-05,1.18994569967398e-05,1.18994525054595e-05,1.18994336279644e-05,1.18994483339289e-05
"159",7.08000788641538e-05,7.08006742133074e-05,0.0240758163231335,0.0215387867252053,7.08006027075706e-05,7.080059670302e-05,7.08005912036017e-05,7.08009417955638e-05,7.08005912109889e-05,7.08006058889879e-05,7.08006055283936e-05,7.08005898028385e-05,0.00453486356035274,7.08005917690458e-05,7.08005929004838e-05,0.00174861870716721,0.00198266018995199,7.08005912605199e-05,7.08005922734204e-05,0.00802747872916747,7.08005934309558e-05,7.08005913571484e-05,7.08005888943997e-05
"160",8.32962261912966e-06,8.3296267051831e-06,0.0878207238009593,2.06087792713256e-05,0.0012379158716575,0.000504359451742496,0.0169286491024484,0.00235665669001835,8.32961875103932e-06,8.32927964971292e-06,0.00288700072809582,8.32961798478299e-06,0.000420944529744741,8.32961922656813e-06,8.32961917984232e-06,8.32961949576119e-06,0.00140242836617366,8.32961880536239e-06,8.32961837091286e-06,8.32961633685741e-06,8.32961908247783e-06,8.32961807552278e-06,8.3296187937148e-06
"162",7.08005892564233e-05,7.08005468185929e-05,7.07996782502072e-05,0.0106258961147731,7.08032567116171e-05,7.08005973201488e-05,7.07995673037157e-05,7.08005915730159e-05,0.00478503431832956,7.08005913061492e-05,7.07993987350257e-05,7.0800602124289e-05,7.08005930894227e-05,0.00973337159314685,7.08005132774986e-05,0.0176659153149421,7.08005911141636e-05,0.00745551969020823,7.08005907770142e-05,7.08005961131905e-05,0.021818760636281,0.00497258915251975,7.08005919984407e-05
"163",4.95604138790571e-05,4.95603864390893e-05,0.0256114642313083,0.0211941925566175,4.95603818342742e-05,4.95604103533813e-05,4.95603807564058e-05,4.95604175485153e-05,4.95603268501975e-05,0.0063617896615274,4.95604118661529e-05,0.00752009728070693,4.9560299578921e-05,0.00649141024687942,4.95603134967835e-05,0.0345247615629238,4.95604076291362e-05,0.0215297111378927,4.95604154484519e-05,4.95604138514726e-05,4.95604155776039e-05,0.0129035248346407,4.95604206495894e-05
"165",3.46922935119804e-05,3.46922880292022e-05,3.46922810784803e-05,0.0215569639978038,0.0112090292525134,3.4692294030796e-05,3.46922896897214e-05,3.46923005425327e-05,0.018018035329103,3.46923006486755e-05,0.0168749716618784,3.46922905851451e-05,0.00543396301028992,3.46922911275683e-05,3.46922890317628e-05,3.46922929414261e-05,3.4692285369546e-05,0.00129260853680306,3.46922921671749e-05,3.46922890125933e-05,3.46922907322206e-05,3.46922915418707e-05,3.46922880853348e-05
"166",5.8307278941282e-06,5.83073250356227e-06,5.83076663907193e-06,5.83072985728906e-06,5.83073222817843e-06,0.0614172847946084,0.0336218418999377,5.83073344357281e-06,5.83074229234148e-06,0.000150328584827292,0.000499564968604937,5.83073317399902e-06,5.8307332041397e-06,0.00430014581152212,5.83073268185099e-06,0.000952595744108991,0.0122793507554698,5.83073427870979e-06,5.83073289243046e-06,0.0083505786802078,0.00496032615057992,4.80778834868857e-05,5.83073335599301e-06
"167",0.00167537481059231,8.32961312744962e-06,0.0221568332176718,0.000361610062368203,8.32962167581189e-06,8.32962021850171e-06,0.000290188899656738,8.32961817373963e-06,0.0470258382508272,8.32961860404538e-06,8.32961882867045e-06,8.32961875554277e-06,8.32962066123486e-06,0.0166126385694834,8.32961226300821e-06,8.32961862586465e-06,0.0545337289183361,8.32962160353033e-06,8.32961951439747e-06,8.32961865976183e-06,8.32961999031189e-06,0.0327121305480436,8.3296200034921e-06
"168",4.95604213476433e-05,0.0434829286442215,4.95602657959935e-05,0.0150921218767117,4.95604143718939e-05,4.95604137493598e-05,4.95604138604112e-05,4.95604265641693e-05,0.0429132910135658,4.95604028017611e-05,4.95603880837001e-05,4.95582187168344e-05,4.95604124202625e-05,4.95604135757028e-05,4.95604522984928e-05,0.000309302248517372,0.00882411805337492,4.95604141969203e-05,4.95604134302699e-05,0.00784980757522716,4.95604104515929e-05,4.95604135056295e-05,4.95604139500545e-05
"170",4.95604145519322e-05,4.95602757597189e-05,0.0464097073063753,4.95604185789653e-05,4.95604138711595e-05,0.00995117533080449,4.9560413892655e-05,4.95603522002684e-05,4.95604138501608e-05,0.00575556179089158,4.95604122452689e-05,4.95604127995526e-05,0.022928852902614,0.00251247719449288,4.95604114778789e-05,4.95604129920783e-05,4.95604133166595e-05,4.95604158227084e-05,4.95604141971938e-05,0.0175815709787256,0.0106733845674053,4.95604138494482e-05,4.95604157595018e-05
"171",1.69992253805794e-05,1.69992223030897e-05,1.69992219903226e-05,1.69992219511143e-05,1.6999218590269e-05,0.0410275503972523,1.69992219529999e-05,0.127530546004255,1.79805544507699e-05,1.69992190555286e-05,0.00379479162181461,0.00562422856218452,1.69992222675651e-05,1.69992204363182e-05,1.69992048130443e-05,1.69992234610961e-05,0.00640303880902643,1.69992214749852e-05,1.69992292079554e-05,1.69992208733438e-05,1.69992184567854e-05,1.69992261547598e-05,1.69992182660166e-05
"175",0.00865715581681219,1.18994538300775e-05,0.124347298474531,1.18994553656822e-05,1.18994556026773e-05,1.18994895621572e-05,1.18994553699463e-05,0.0104263835843225,0.0172083380015476,1.18994219239511e-05,1.18994552995701e-05,1.18994522018057e-05,0.00395469195860843,0.0015158926980841,1.18994556081275e-05,1.18994574605811e-05,1.18994554321427e-05,1.18994565708819e-05,1.18994552165946e-05,1.18994553706863e-05,1.18994556587454e-05,0.0051591941017941,1.18994562229238e-05
"176",3.46922871746049e-05,3.46922902603827e-05,0.0390196164418621,0.0116595799299368,0.00899632884702853,3.61015724647741e-05,3.46923693231753e-05,3.46922755100689e-05,3.46922643449851e-05,0.0017183720991222,3.46922896322179e-05,3.46919888224471e-05,0.00123935960644741,3.46923073535774e-05,3.46922897223599e-05,0.00156111112912898,3.46922895849012e-05,3.46922893296844e-05,3.46922897586355e-05,3.46922882713796e-05,3.46922900215262e-05,0.00668213743562574,3.46922897087106e-05
"177",0.00147581391402825,7.07995624849243e-05,0.0413585867179692,7.08005618948916e-05,7.08004510050931e-05,0.00450250407551934,7.08005912011679e-05,7.08005892379853e-05,7.08005912177587e-05,7.0800591298903e-05,7.08005910711097e-05,7.08005570534851e-05,7.08005910189813e-05,7.08006040193201e-05,7.08005913106307e-05,7.0800590755795e-05,0.00390426025638291,0.00118824419198904,7.08005912434996e-05,8.64201940859416e-05,0.00577651431570893,7.08005912251042e-05,7.08005913610875e-05
"179",3.46922807504304e-05,3.46922887208515e-05,0.0195928266473983,0.0564095917015112,3.46922899262422e-05,3.46922824808337e-05,3.46922896766582e-05,0.00372761495154859,3.46922897171677e-05,3.46922898802796e-05,3.46922903503469e-05,3.46922893523977e-05,3.46922901373224e-05,3.46922893832527e-05,0.027128127706719,3.46922884243312e-05,3.4692289647557e-05,0.00188309915930612,3.46922906761922e-05,3.46922928607017e-05,3.46922889777228e-05,3.46922896655668e-05,3.46922878355333e-05
"181",0.00852215278993789,0.0138815453887304,1.6999222985119e-05,1.69992202366619e-05,0.0045684479231545,1.69992285703998e-05,1.69992219461903e-05,0.00961495268227806,1.69992420574517e-05,1.69992233890528e-05,1.69992445289953e-05,1.699922321929e-05,1.69992219050357e-05,1.69992198489434e-05,0.0421025825313344,0.0177151710605456,1.69992188768047e-05,1.69992186381339e-05,1.69992220077252e-05,1.6999221949563e-05,1.69992231024716e-05,0.0037715068168073,1.69992204419901e-05
"183",4.95597558687271e-05,4.95604154296635e-05,4.95616670453892e-05,0.0180213209407386,4.95603433206176e-05,4.95602922709794e-05,0.0295257982790353,4.95602902497025e-05,4.95588468710297e-05,4.95618002862104e-05,4.95604116358488e-05,4.95604147101687e-05,0.019931927799745,0.00319605157241399,4.95604138954107e-05,4.95604126457879e-05,0.000989149140104482,4.956041309226e-05,4.95604143028487e-05,4.95604131076075e-05,0.0013715131644691,0.00236130873425376,0.00772111716861598
"184",1.69631541597789e-05,1.70365059760118e-05,1.69992195138197e-05,0.00577190205699875,1.69992681906612e-05,1.69993996636777e-05,1.70009861981745e-05,1.69992388208177e-05,0.00129145170921648,0.00548081293015282,1.6999086378266e-05,0.000243887400469732,1.69992221301478e-05,1.69992238050511e-05,1.69992220544152e-05,0.000649444411601379,1.69992217672662e-05,1.69992208422677e-05,1.69988827156249e-05,0.00687304247231369,0.0385770132858681,1.69992219776757e-05,1.69992217534958e-05
"191",3.46922857749142e-05,3.3980293945254e-05,0.0270930963150971,3.46901638879566e-05,3.46873994903711e-05,3.46922886875502e-05,3.47082477713333e-05,3.470317134656e-05,3.46923180481508e-05,3.46826105225406e-05,3.46922863815883e-05,3.46922919461158e-05,3.46922153725212e-05,3.46922905101685e-05,3.46922877781964e-05,3.4692295843931e-05,3.46922895167034e-05,0.00362450174693063,3.4692276472456e-05,3.46922896212593e-05,0.0454274660243758,0.00567860432663493,0.00224924347554812
"192",3.46922897340824e-05,0.0126815226109139,0.0796574827314026,3.46922077654278e-05,3.46922905409383e-05,3.94674625874119e-05,3.46922373405832e-05,3.46922893519333e-05,3.46922896892385e-05,3.46924092258756e-05,3.46922814685573e-05,0.00143849376095656,3.4692289495948e-05,0.000595520081710066,3.46922895980912e-05,3.46922902704175e-05,0.00363619567352003,3.46922900180667e-05,3.46922895667621e-05,0.00230884053004507,3.46922900027985e-05,3.4692290905122e-05,0.00105030396986836
"193",2.42846053990411e-05,2.42845721897398e-05,0.0572125487035093,2.42845139031061e-05,0.0127767891598975,2.42844506668671e-05,2.42845593965797e-05,2.42839540331681e-05,2.42850691494718e-05,2.42844420273125e-05,2.42846143734939e-05,2.42844594332754e-05,2.4284604018272e-05,2.42846080078022e-05,2.42846005509056e-05,2.42846025159102e-05,0.00439093799234038,0.0092740790681925,0.000907903761231766,0.00612480316457929,2.42846026060934e-05,0.0153887645514773,2.42846027480371e-05
"194",4.9560415509833e-05,4.95604195162767e-05,0.0299020362345575,4.95602553251476e-05,4.95608519324612e-05,4.95582733074946e-05,0.00996851895761738,4.95604143712244e-05,0.000897300959224645,8.90122078684249e-05,4.95605101886899e-05,4.95606370077077e-05,4.95604018028151e-05,4.95604159897927e-05,0.00280571990039753,4.95604166146372e-05,4.95604048805125e-05,4.95604152980416e-05,4.95604010158249e-05,4.95604170354551e-05,0.0815069183153672,4.95604121128611e-05,4.95604133066009e-05
"196",1.18994550881476e-05,1.18994631678541e-05,0.0736527731824076,1.18994560770846e-05,1.18994622677937e-05,1.18994456361087e-05,1.18994539804091e-05,1.18994663218716e-05,0.0262255372464456,1.18994536653112e-05,1.18994553737249e-05,0.0266563384029414,1.18994445220199e-05,1.18994573887887e-05,0.0171546849786726,1.1899456986691e-05,0.0100422586084086,4.43455683713231e-05,0.0145927693363851,1.18994513778552e-05,1.1899455364833e-05,1.18994543718101e-05,1.18994589681406e-05
"197",0.0181446185081171,3.46922975015149e-05,3.46922916213744e-05,3.46922950424857e-05,3.46923047302163e-05,3.46922896475471e-05,0.0566800009200113,3.46922894291962e-05,0.00344759319951901,3.46922912923807e-05,3.46922835173368e-05,3.46922903590012e-05,3.46923275747099e-05,3.46922874181443e-05,0.0410191353892682,3.46922869129185e-05,3.4692290953845e-05,3.46922975903295e-05,3.46922896915608e-05,3.46922880806083e-05,0.0183811829295532,0.00633751516788767,3.46922903499966e-05
"198",7.35512634338467e-05,2.4284603906156e-05,0.0120726298086693,2.42846030247319e-05,0.0184535242863736,2.42846026540749e-05,2.42846027862298e-05,2.42846041823202e-05,2.42846034802598e-05,2.42846044159195e-05,2.42846019143952e-05,2.42846045415933e-05,0.0229947095224354,2.42846019767455e-05,0.0059415523508493,2.4284603039652e-05,0.0397392810768483,2.42846030943088e-05,2.42846017135199e-05,0.00260810217118764,0.00556148684414704,2.42846026642941e-05,2.42846022570609e-05
"199",8.32961350169195e-06,0.00597588390521027,8.32961905816943e-06,8.32962472142837e-06,0.00393587886185861,0.00284520855149113,8.32961959032169e-06,0.00532161672757167,1.08599619214822e-05,8.32961672791788e-06,0.00603308679759014,8.32961812824663e-06,8.32961952520376e-06,8.32961647813231e-06,8.32962040552363e-06,8.32961812248379e-06,0.0277283131078306,8.32961010214747e-06,8.32961238250391e-06,8.32961871815687e-06,0.127320189274476,0.0041397341255081,8.32962281988297e-06
"200",2.42845983895422e-05,0.0246128250133591,0.027167011834124,2.42846027889791e-05,2.42846027171822e-05,0.00439548894674777,0.000245058847234767,0.00500456575047165,0.0405575952621859,2.60076302514447e-05,2.42846045115449e-05,0.00259552192706717,2.42846025498628e-05,2.42846037320742e-05,2.42846070185746e-05,2.42845979507493e-05,2.42846000508432e-05,2.42846034054932e-05,2.42846021942113e-05,2.42846025137106e-05,2.42846102275036e-05,0.0498164838513806,0.0049302426906299
"201",8.32962043565733e-06,8.32961760475924e-06,8.33940162939498e-06,8.33753165606528e-06,8.32960034772834e-06,0.142204811902273,8.32961895680158e-06,8.32947743643301e-06,1.37041714303801e-05,8.32962230774124e-06,8.32961751879724e-06,8.32962060350238e-06,8.38865673308172e-06,0.00280418833129945,8.32961030399508e-06,8.32962090291586e-06,0.0334555622940923,8.32962035103601e-06,8.32962022575893e-06,8.3296134315595e-06,8.32960796686487e-06,8.32962322281698e-06,8.32961845812794e-06
"202",1.69992199486515e-05,1.69919768799616e-05,1.83814480757202e-05,1.71114866717041e-05,1.69986621609258e-05,1.70344179661051e-05,1.69994106045289e-05,1.69993279104632e-05,0.0439400234158022,1.7138152245808e-05,1.69988812939071e-05,1.69991860194865e-05,1.69992162378331e-05,0.0163311459076187,1.69991764972603e-05,1.69992079855842e-05,1.69992164432109e-05,1.69992199608998e-05,0.00387551955046135,0.00962982571748892,0.0278990358800213,1.69992218291603e-05,1.6999233341967e-05
"203",0.00361859346945514,3.46923140981909e-05,0.00598722628410449,0.0239407993966282,3.46922960020729e-05,3.469228969105e-05,0.00718267446284015,0.00901726949920072,3.46922898311668e-05,3.46922912320867e-05,3.46922911941162e-05,3.46922896401896e-05,0.00119245160747652,3.46922906185218e-05,3.46922887168284e-05,3.46922902100043e-05,0.039421333832312,3.46922903420103e-05,0.00017275854235573,3.46922895525589e-05,0.00662725191845585,3.46922896888754e-05,3.46922898644241e-05
"204",2.42846022085703e-05,2.42846022026896e-05,2.42846036275526e-05,0.00280099448052888,2.42846027712799e-05,2.4284599134165e-05,2.42845970139452e-05,0.00675340843283024,2.42846026845726e-05,2.4284602419972e-05,2.42846030184669e-05,2.428460277065e-05,0.00459415677824207,0.01129164275326,2.42846081973551e-05,2.42846014624565e-05,0.0672568123778998,2.42845963503659e-05,2.42846010763313e-05,0.0471922165897742,2.42846007723641e-05,0.0116759241330321,2.42846018990085e-05
"208",0.00395496113697205,3.46922909312184e-05,0.0664870560636462,3.46922993887864e-05,0.00369418463789515,3.46922339796409e-05,3.46922895868457e-05,3.46922829208083e-05,0.0379211164730225,3.4692289208596e-05,0.00311992867851167,3.46922879922242e-05,3.4692287615678e-05,0.00167190635144789,3.46922900771672e-05,3.46922818810602e-05,3.46922872090911e-05,3.46922910190009e-05,3.4692289092304e-05,3.46922896972571e-05,0.0159721862262429,0.00470185356317407,3.4692289466941e-05
"209",0.00894922745903636,1.69992221710346e-05,0.11015688034155,1.69992219503608e-05,1.69992197519143e-05,1.69992195462177e-05,1.6999241608718e-05,1.69992218889571e-05,1.69992219500885e-05,1.69992089973506e-05,1.69992136972754e-05,1.6999206840531e-05,1.69992287235084e-05,1.69992238328556e-05,0.00208082773159266,1.69992191950472e-05,0.00695945444724921,1.69992210026332e-05,1.69992211911226e-05,2.28978831832543e-05,1.69992272808702e-05,1.6999224513273e-05,1.69992250320601e-05
"211",2.42845832019671e-05,2.42845222764824e-05,0.0192699981074019,0.0218152663764453,2.42846218320374e-05,2.42845979679871e-05,2.42846000954367e-05,2.42846002647834e-05,2.42846951460429e-05,2.4284588570213e-05,2.42846047356761e-05,2.42846057008836e-05,0.0082669592691177,0.0270903925524513,2.42846089147954e-05,2.4284608750572e-05,2.42845928459344e-05,2.42846014489795e-05,2.42845992721198e-05,2.42846104988973e-05,0.0260879036996872,2.42846194138782e-05,2.42845942570347e-05
"212",3.46922475634268e-05,3.46922958517345e-05,0.0104106773537155,0.0602907870974298,3.46926670429661e-05,0.00394561480717419,3.46922896891501e-05,3.46923020885522e-05,0.0160291043445498,3.46922896933736e-05,3.46922949984499e-05,3.46922218201431e-05,3.46922869941546e-05,3.46922885606648e-05,3.46922895400456e-05,3.46922897610559e-05,3.46922901425711e-05,3.469228632107e-05,3.46922757290992e-05,5.69882762314266e-05,3.46922909925869e-05,0.0077330525755837,3.46922888099318e-05
"214",0.0251306713725127,0.0110395597811542,2.71465117138275e-05,0.108388209623986,0.0104186649021374,2.42846033139197e-05,2.42846027862293e-05,2.42846049308328e-05,2.42846027938721e-05,2.42846050767604e-05,0.00941223019797479,2.42846033084668e-05,2.42846103847139e-05,2.42845996095092e-05,2.42846050427353e-05,2.4284582578753e-05,2.42846081934216e-05,2.42845987812515e-05,2.42846018674999e-05,2.42846076295122e-05,2.42845977162378e-05,2.42846033041999e-05,2.42845991655567e-05
"215",3.46922678863353e-05,3.46920080904839e-05,0.00980856197275301,3.46922906866847e-05,3.46923181965693e-05,3.46922899943883e-05,0.0688257451345954,0.00315317690257711,3.46922897527425e-05,3.46922891795564e-05,3.46922875531677e-05,3.46923152637353e-05,3.46922848189274e-05,3.46922913061392e-05,3.46922894694086e-05,0.00173481348238405,0.0142607724290068,3.46922910418321e-05,3.46922894327643e-05,3.46922891657806e-05,0.0128862864660863,3.4692291141366e-05,3.46922893996703e-05
"216",0.00211350923556634,4.95604194260608e-05,4.95602673782159e-05,4.95604538115895e-05,0.00488255559723626,0.0286289799709568,4.95604903296613e-05,0.00310485851492323,4.95604271716151e-05,4.95606859844153e-05,4.95604098591782e-05,4.95586839596582e-05,4.95604147925173e-05,4.95604100931957e-05,4.95604125865087e-05,4.95604141472224e-05,4.95604158978263e-05,4.95604157532044e-05,4.95604037437094e-05,4.95604144659367e-05,0.0194860001733053,0.0063726743724015,4.95604135374457e-05
"217",9.79969825580931e-07,9.79970202915585e-07,9.79973060577019e-07,9.79973558996434e-07,3.9126443841057e-05,9.79972474618969e-07,0.000261590541622755,0.0499273147590517,9.7997131753469e-07,9.79971677281132e-07,9.79971950153342e-07,0.00939051492069096,9.79964519140871e-07,9.79971678786059e-07,9.79977299638636e-07,9.79973711026833e-07,9.79973365830763e-07,9.7996795002491e-07,0.000683291324856637,9.79974681201492e-07,9.79969347240834e-07,9.79969063033517e-07,9.79970893708898e-07
"218",0.00435102637160957,0.100273914271183,5.83072924908974e-06,0.00131612950483981,5.83073898913618e-06,5.83075655507328e-06,5.83070525296674e-06,0.0102383519703268,5.83068329385247e-06,5.83073793501295e-06,0.00651488532359382,5.83072805129955e-06,5.83072960375003e-06,5.83072432148044e-06,5.8307323059826e-06,5.83072671027105e-06,0.00984173433823838,0.00276028218988654,5.83073309795063e-06,5.8307264566486e-06,0.00585811194625831,5.83073697480355e-06,5.83073404386666e-06
"219",8.32961867337794e-06,8.32961710044798e-06,8.32959354114622e-06,8.32961930050265e-06,0.00362973955916108,8.32961924285424e-06,1.47943803970944e-05,8.32961845886004e-06,0.129574263770296,8.32961919024272e-06,8.32961796362805e-06,8.32961727739494e-06,8.32961994639288e-06,0.0154438853066631,8.32962188212527e-06,8.32961992098002e-06,8.32961875760052e-06,8.32961933445788e-06,8.32962163281892e-06,8.32959156053927e-06,0.00151534718762375,0.00692930910552615,8.32961912407185e-06
"220",1.69992193269489e-05,1.69992151032215e-05,1.69992216290729e-05,0.0612728394362178,1.69992210479857e-05,5.25020450344319e-05,1.69992479130492e-05,1.69992211045143e-05,0.0523102116547196,1.69992237142375e-05,1.69992228995226e-05,1.69992217337884e-05,1.69992257666181e-05,1.69992257834874e-05,1.69992208235406e-05,1.69992169566294e-05,0.0285431798018511,1.69992153191049e-05,1.69992220518913e-05,1.69992225000392e-05,1.69992206750236e-05,1.69992219072428e-05,0.00165490062566804
"224",0.0117576785955941,4.95604135392965e-05,0.0416565871289268,4.95605244241225e-05,0.00503101736112427,4.95604193937525e-05,4.9560430819268e-05,4.95604070383748e-05,4.95604465947162e-05,4.95604138275879e-05,4.95604126109887e-05,4.95604148538637e-05,4.95604138322503e-05,0.00390730206829544,4.95604139435434e-05,4.95604137326976e-05,0.00285072423630071,4.9560414052137e-05,4.95604137762916e-05,4.95604141510638e-05,4.95604131516879e-05,0.00214646269860957,4.95604200485195e-05
"225",5.83073239827604e-06,0.00200804367457444,0.116527878646999,0.00348209630521145,0.00339900838787809,0.0223328867985876,0.0399297489560035,5.83073355546577e-06,5.83073312433442e-06,5.83073245072402e-06,5.8307359710703e-06,5.83073235401774e-06,5.83073438960103e-06,5.83073315445045e-06,5.83073468432532e-06,5.83073300111837e-06,5.83073379715934e-06,5.83073221115692e-06,5.8307336090988e-06,5.83073309875642e-06,7.74471976508693e-06,0.00325255265482862,5.83073362951184e-06
"226",3.46922912552992e-05,0.0130472292865248,0.0590944040601745,0.0257079821215661,3.46922935494726e-05,3.4692290331208e-05,3.46922896920975e-05,0.00905693200387787,3.46922896962615e-05,3.46922878595512e-05,3.46922885919961e-05,3.46922901855078e-05,3.46922896238503e-05,3.4692283933031e-05,3.46922518727209e-05,3.46922897349949e-05,3.46922882301412e-05,3.46922889322753e-05,7.87507943404071e-05,3.46922896150198e-05,3.46922913040553e-05,3.4692289801756e-05,3.46922899533043e-05
"231",1.69992299008174e-05,1.69992215807031e-05,0.0248592660368635,0.0468651559897923,1.69992220223312e-05,1.69993789979681e-05,7.53662228864563e-05,1.69992219424895e-05,0.057168424784051,1.69992305898042e-05,1.69992267026894e-05,1.69992224136564e-05,1.69992285694941e-05,1.69992341043963e-05,0.00244372779556193,1.69992225055382e-05,1.69992229324505e-05,1.69992228369191e-05,1.6999228735757e-05,0.00508964796347714,1.69992260022962e-05,5.3398816142316e-05,1.69992240300178e-05
"233",3.46922908866607e-05,0.00426787888199943,3.46922803888493e-05,0.00498997779730194,0.0376528801879279,0.0112721498386266,0.0216634410492841,3.46922533440593e-05,0.0348014097228952,3.46922622977317e-05,3.46922639877221e-05,3.469228970321e-05,3.46922897955601e-05,3.46922886439284e-05,3.46922877494227e-05,3.46922789816088e-05,3.46922934716056e-05,3.46922877014994e-05,0.026179282492819,3.46922899174541e-05,3.46922830113835e-05,0.0108972333890239,3.4692290241912e-05
"235",0.0285268602123677,2.85705929759283e-06,0.106810496487404,0.004252617444565,2.85705917836855e-06,2.85705771336326e-06,2.85705996279265e-06,2.85705599092331e-06,2.8570593116354e-06,2.85692900066379e-06,2.85706714442268e-06,2.85705137159602e-06,0.000103003710190901,2.85705540779855e-06,2.85708346050242e-06,2.85705426189125e-06,0.0114820186793011,2.85704780153785e-06,2.85706930773369e-06,2.8570622874384e-06,2.85706362209108e-06,2.85706001313185e-06,2.85702904680882e-06
"239",2.42846027917648e-05,2.42846027987117e-05,0.0567194254418558,2.4284602587539e-05,2.42846019900947e-05,0.018774664746226,2.42846027860001e-05,2.42846057466289e-05,2.42846025781985e-05,2.42846028918119e-05,2.42846045389804e-05,2.42846043122193e-05,0.0543151771264982,2.42845984906323e-05,2.42846028217584e-05,2.42846039266155e-05,2.42846030197833e-05,3.41119787821741e-05,2.42846027459708e-05,2.4284602788263e-05,2.42846139582101e-05,0.0136024379676036,2.42845940205239e-05
"240",0.0291364241895333,9.79966083880762e-07,0.0945111599561197,9.79973186648654e-07,9.79982481391621e-07,9.79971674217959e-07,9.79971316953641e-07,9.79977206436187e-07,9.79971271020355e-07,0.000621384880629057,9.79982216896003e-07,9.79975478535758e-07,9.79972528697843e-07,9.79970594142688e-07,9.79958475654866e-07,9.79973055243108e-07,9.79976074318003e-07,9.79947062453523e-07,9.79971359614203e-07,9.79955222189834e-07,9.79982878835533e-07,9.7997071148048e-07,9.7997105320661e-07
"241",1.18994419529969e-05,1.18994484548139e-05,0.118000500125196,1.1899456149534e-05,1.18994508492916e-05,1.18993897429388e-05,1.18994553655648e-05,1.1899455444195e-05,0.00110309199854178,1.18994480367892e-05,1.18994541792078e-05,0.00346815316100807,1.18994740976511e-05,0.00164522219447466,1.18994539101617e-05,1.18994525516324e-05,1.1899457616e-05,1.18994601410537e-05,1.18994573459595e-05,1.18994574898495e-05,1.18994549991739e-05,1.18994542035169e-05,0.00131305663377943
"244",0.00403874622147987,7.08005902245313e-05,7.08018470419999e-05,0.0466896554491021,7.08005888466671e-05,7.08006243357928e-05,7.08005912530767e-05,7.08006458278852e-05,7.08005902734877e-05,7.08005975705166e-05,7.08006907528709e-05,7.08007424014361e-05,7.08006308890022e-05,7.08005952532394e-05,7.08005990001845e-05,7.08005940905775e-05,7.08006351049741e-05,7.08005901919006e-05,7.08005966785918e-05,7.08005908883863e-05,7.08006027610061e-05,0.0177634160413631,7.08005852110842e-05
"246",0.00253315853626656,3.46922888960468e-05,0.014391774624516,0.0232189337476242,0.0150307314280634,3.46922897113073e-05,3.46923677837537e-05,3.46922788611212e-05,3.46921211647937e-05,3.46922873783402e-05,3.46922900612853e-05,3.46922863318738e-05,3.469228237065e-05,3.46922932176609e-05,3.46922825950534e-05,3.46922862270644e-05,0.0300885797252065,3.46922843138306e-05,3.46922817368576e-05,4.63245201736649e-05,0.0376803996100627,3.46922936213246e-05,3.469229067291e-05
"247",2.42840003513857e-05,2.42840300533993e-05,0.000606714453076401,2.42851078586851e-05,0.0014588723589315,2.42846239506739e-05,0.0157095608065169,2.42843745832237e-05,2.42847942413577e-05,2.42847818262609e-05,2.42845839176208e-05,2.42846016154938e-05,2.42846044182343e-05,2.4284599551327e-05,0.00472473316145621,2.42846060362945e-05,0.0556976309862164,2.42846025906658e-05,6.90156617412802e-05,2.4284600656215e-05,2.42846027887631e-05,2.42846027742149e-05,2.42846035323096e-05
"248",3.46922892598316e-05,3.46919987249511e-05,3.46922897133115e-05,3.46922896836582e-05,3.46922870481711e-05,0.0393114198343173,3.46922431376847e-05,3.46922778222928e-05,3.46922899022701e-05,3.46922970508394e-05,0.00414150053302378,0.00477914385875474,3.46922906494637e-05,0.0148180325027712,3.46922755540298e-05,3.46922888632654e-05,3.46922897869728e-05,0.00141924601043524,3.46922897418492e-05,0.00616544739789031,0.0335466350169123,3.46922895633022e-05,3.46922906953604e-05
"249",4.95570070881736e-05,0.0169317862728113,4.95601489183777e-05,0.00563458941315157,4.95592673509434e-05,4.95604261188114e-05,4.95598403565766e-05,4.95604024212834e-05,4.95605019595149e-05,4.9559172439374e-05,4.95587078960463e-05,4.95604138494485e-05,4.95604149597594e-05,4.95614855811353e-05,4.95637617228366e-05,4.95604130602553e-05,4.95604029592942e-05,4.95604216553105e-05,4.95604108343056e-05,4.95604134721912e-05,4.95604073399375e-05,0.0589315027808779,4.95604123006148e-05
"250",0.0316594659911906,4.95604094968542e-05,0.0174926561120958,4.95604138498742e-05,4.95604129631284e-05,4.95604145499463e-05,4.95604022834005e-05,4.95604106817577e-05,4.95604221121347e-05,0.00707629902061933,4.95604195256838e-05,4.95604064294623e-05,4.95604150297438e-05,0.00835011287321517,4.95604041343879e-05,4.95604115309306e-05,4.95604079770501e-05,4.95604170460413e-05,4.95604249196672e-05,0.0267174266999869,4.95604083317264e-05,9.96153181798882e-05,4.95604084218698e-05
"251",0.0177970486225017,0.00142264104537559,0.0539467201481911,0.0485466245431844,0.0386677676881266,1.39995889619683e-06,1.39995899596195e-06,1.3999594808149e-06,1.3999590241975e-06,1.39995923026599e-06,1.39995931892074e-06,1.39995941237579e-06,1.39995894308541e-06,1.39995806974633e-06,1.39996000517352e-06,1.39995713693281e-06,0.00735719948210646,1.39995919115047e-06,1.39995894149132e-06,1.39995564382968e-06,1.39995978638534e-06,1.3999589824392e-06,1.39995650605932e-06
"252",0.00822931025177789,1.69992220407554e-05,1.69992219587496e-05,0.0538378571102813,0.0290488454237252,1.69992219649301e-05,1.69992219506244e-05,1.69992223159907e-05,1.69992217128979e-05,1.69992193132389e-05,0.0275736611175213,1.69992220626464e-05,1.69992222285024e-05,0.000403618837842067,1.69992212367104e-05,1.69992228288186e-05,1.69992159253532e-05,1.69992232552025e-05,1.69992218225727e-05,1.69992219375377e-05,0.0185550713444027,0.042016271984267,1.69992232539428e-05
"254",7.08005917990706e-05,7.08006645317102e-05,0.0530442150238285,7.08005917125751e-05,7.08004983682207e-05,7.08003327684174e-05,7.08005911586066e-05,7.07998486188145e-05,7.08005912104628e-05,7.08005902851047e-05,7.08011357906324e-05,7.08018491565529e-05,7.08005718119364e-05,7.08005965939917e-05,7.08005923644597e-05,7.08005907574775e-05,7.08005919149993e-05,7.0800589656619e-05,7.08005914425406e-05,7.08005910002605e-05,0.02066450506264,0.00430567683385498,0.000795848721606619
"255",1.69992213504154e-05,1.69992520224595e-05,1.69992220384369e-05,0.11267900461886,1.6983279055522e-05,1.69992223158493e-05,1.69992216351671e-05,1.74140901244563e-05,1.6809837367085e-05,1.69992208939067e-05,1.79620937213988e-05,1.69262426601375e-05,0.00644972554643612,1.69992214912394e-05,1.69992218508555e-05,1.69992200756427e-05,1.69992231018057e-05,1.69992205408631e-05,1.69992203077893e-05,1.69992223890434e-05,0.00295448130427578,1.69992251288848e-05,1.69992210976001e-05
"256",0.0407692838533974,7.08006000743444e-05,0.00455329197943778,0.0613721134968386,7.08005935215706e-05,7.0800665434061e-05,7.08005912132536e-05,7.08005903836438e-05,7.08005844086573e-05,7.08005929847638e-05,7.08005823047284e-05,7.08005934468526e-05,7.08005970779669e-05,7.08005884240349e-05,7.08005850308216e-05,7.08005964515972e-05,0.00448563788699478,7.08005898331688e-05,7.08005870122842e-05,0.00862257977646892,0.0029547917917457,7.08005912383686e-05,7.08005903569539e-05
"257",0.00915441873700031,3.46922907986486e-05,3.46922896837746e-05,0.0457688283096218,3.46922904147157e-05,0.0111285365919389,3.46922897158806e-05,3.46922685041015e-05,3.46922897104701e-05,3.46922864881567e-05,3.4692289323974e-05,0.016429666626378,3.46922906848975e-05,3.46922865079931e-05,0.0176249556790706,3.46922874573918e-05,3.46922875836018e-05,3.46922855847148e-05,3.46922842572142e-05,3.46922849856672e-05,0.00772431987647825,3.46922935413083e-05,3.4692287258648e-05
"262",3.46922528410622e-05,0.00107624026908824,3.46922887796456e-05,0.0172205819675007,0.00832374046513627,0.026119851987008,0.00181368914822275,3.46924007069864e-05,3.46922900106697e-05,0.00446642868452257,3.46922904763591e-05,3.46923455976378e-05,3.46922895377052e-05,3.46922898621657e-05,0.00350445106509192,0.00202469448908699,0.00802455460579722,3.46922919127436e-05,3.46922901245933e-05,3.4692290552418e-05,0.0520608436884148,3.46922867986465e-05,3.46922904116812e-05
"263",1.18994559896555e-05,0.0148911810015617,1.18994553515233e-05,0.0218974058169959,1.1899452764612e-05,0.00266332501329939,1.1899456484526e-05,0.00324054776114554,0.080353566128151,1.18994553181258e-05,1.18994550744236e-05,1.18994553636922e-05,1.1899451951167e-05,1.18994551802035e-05,1.18994462081037e-05,2.17048590869292e-05,0.00387612443287757,1.18994553676781e-05,1.18994560732677e-05,1.18994546584047e-05,1.18994521290032e-05,0.0129632412623186,0.034461818174374
"264",0.00545100072506998,3.46922896785045e-05,0.0956335486431303,3.46922896934509e-05,0.00487242344922824,0.00625395265611272,3.46922898385577e-05,0.00405405222836853,3.46922896925056e-05,3.46922896656589e-05,3.46922898011046e-05,3.46922909546223e-05,3.46922901373363e-05,3.46922880461318e-05,3.46922866354916e-05,3.46922917237216e-05,0.0159735704004678,0.00868058268745583,3.46922898360428e-05,3.46922924352801e-05,3.46922856068495e-05,0.00164632567519998,3.46922896605398e-05
"267",0.0120845784083195,4.95604137261769e-05,0.0485969585084144,0.0497066837738147,0.00106268059859225,4.95604137470525e-05,4.95604138524171e-05,4.9560414059696e-05,4.95604138449809e-05,4.95604132890993e-05,0.00348379595107066,4.95604143398208e-05,4.95604157573193e-05,4.9560415494121e-05,4.95604137315597e-05,4.95604153897763e-05,0.00735457091570164,0.00132561614186769,4.95604140686878e-05,4.95604138444241e-05,4.95604138574112e-05,4.95604117003365e-05,4.95604139830288e-05
"268",0.0333743085800092,0.0461748664837933,1.18995626503016e-05,1.18994264059906e-05,0.0319916347586106,1.18994550335396e-05,1.18994621213017e-05,1.18994553444659e-05,1.18993476356966e-05,1.18994577990292e-05,1.18994533001378e-05,1.18994561626294e-05,0.00115618089485368,1.27938973926299e-05,0.051003153766733,1.1899457056084e-05,1.18994520547334e-05,0.00755596708039321,0.000172586352420621,1.1899455360978e-05,1.18994565286592e-05,0.000260312684693281,1.18994553657492e-05
"269",0.00165375120745418,0.00122685628790361,4.08151037002747e-06,0.0955172591982398,4.08151538151034e-06,4.08151312880274e-06,4.08151669798199e-06,4.08151272639708e-06,4.08151271725889e-06,4.08151333093465e-06,0.00357731010264616,4.08150803881719e-06,0.00473151691787797,4.08151235204807e-06,4.08151102014761e-06,4.08151664818013e-06,4.08151316334219e-06,4.0815131919479e-06,0.000285835676838069,0.0052418516066999,4.08151627158632e-06,0.00701765805164598,4.08151543324265e-06
"271",2.42846022482527e-05,2.42846040963637e-05,2.42846027015621e-05,0.0536481029649485,0.0123471404778061,2.42846045976508e-05,2.42846027837736e-05,2.42846116013406e-05,2.42846028647017e-05,2.42846023006565e-05,2.42846035018347e-05,0.018262091358999,2.42846029599181e-05,2.42846067434365e-05,2.42846023545195e-05,2.42846018683392e-05,2.42846019601278e-05,2.42846042323308e-05,2.42846027600146e-05,2.42846028021612e-05,0.00719540084779257,0.00682917605070255,0.00135464827360308
"273",2.42846021048766e-05,2.42845496155254e-05,0.0660608252217131,2.4284585603052e-05,0.000241156730136968,2.42846028279101e-05,2.42843948816705e-05,2.4284020651666e-05,0.00957091171515368,2.42846027492946e-05,2.42845578143967e-05,2.42848459338156e-05,2.42846034551138e-05,2.42846028622557e-05,2.42845029717656e-05,2.42846039136695e-05,0.00362058841021497,2.42846023875563e-05,2.42846047439162e-05,2.42846027928303e-05,2.42846029203139e-05,0.007138133021145,2.42846011343341e-05
"274",0.0436860511277187,3.46922948241543e-05,0.051199546302497,3.46922802981009e-05,3.46922807240904e-05,3.46922889245183e-05,3.46922896946131e-05,3.46921842519386e-05,3.4692289844715e-05,3.46922658948436e-05,3.46922905815534e-05,3.46921072477068e-05,3.46922318857594e-05,3.4692289354047e-05,3.46922871490613e-05,3.46922898392427e-05,0.0035175402171803,3.46922876356302e-05,3.46922881442469e-05,0.00472838517604342,3.46922895075179e-05,0.00388539914019814,3.46922899387944e-05
"275",4.95604136664944e-05,4.95604129942349e-05,0.0628734006118999,4.95605875796306e-05,0.00513424126375999,4.95604138596368e-05,4.95603765236928e-05,4.9560105338794e-05,4.95605166362307e-05,0.00233203617739143,4.95604135530641e-05,4.95606011381993e-05,4.95604093941094e-05,4.95604150021012e-05,4.95604137788714e-05,0.00105613147136645,0.0230187776293657,4.95604165876945e-05,4.95604130470789e-05,0.00473425451959806,0.0124831951738338,0.000293937737451951,4.9560415959186e-05
"277",3.46922904904651e-05,0.0146557528707711,3.46922892842411e-05,0.00035982328948941,0.0110227925001683,3.46922894408294e-05,3.46922896938354e-05,3.46922885580777e-05,0.0398335811005024,0.000448170933500606,3.46922898961974e-05,3.46922897620262e-05,0.00930886836488618,3.4692286158956e-05,3.4692290446783e-05,3.46922884060695e-05,0.0149604761871114,3.46922872630841e-05,3.46922896898576e-05,3.46922944217464e-05,3.46922916941903e-05,3.46923024489177e-05,3.46922908135582e-05
"278",0.000804267118933645,3.46922955266784e-05,0.0872421634806351,0.0112993756971602,3.46922891744341e-05,0.00120216655483923,3.46922896935253e-05,3.4692260661624e-05,3.46922897028949e-05,3.46922984034657e-05,3.46922897027243e-05,3.46922893124044e-05,3.46922897778473e-05,3.4692290665238e-05,3.46922904926617e-05,3.46922898255457e-05,3.46922902458573e-05,0.000821351149333733,3.46922898618305e-05,7.06064127307701e-05,3.46922881776449e-05,0.00514127523706563,3.46922896469858e-05
"280",5.8307380655107e-06,5.83073184150808e-06,0.0301682923850006,0.0392220027229762,5.83073380047451e-06,5.83073295528872e-06,0.079423025219223,5.83073390834769e-06,5.83073312884631e-06,5.8307332622152e-06,5.83073482853019e-06,5.83073452482628e-06,5.83072640083612e-06,5.83074432288701e-06,5.83072861683433e-06,5.83072942532976e-06,0.00256982257751887,5.83073438724986e-06,5.83073097404934e-06,5.83072982506132e-06,5.8307363329411e-06,0.00268065928947003,5.83073595993523e-06
"281",2.42846072181628e-05,0.00468465863779802,2.42845991878434e-05,2.42846138968099e-05,2.428459990205e-05,2.42846266946576e-05,2.42846029075982e-05,2.42846121960987e-05,0.0861545109886061,0.00230488486339009,2.42846035234605e-05,2.42846071272251e-05,2.42846116266143e-05,0.00889444353672309,0.0315255428587295,2.42846017998307e-05,2.42845893077641e-05,2.42846021619649e-05,2.42846022389405e-05,2.42846063183895e-05,2.42846026833629e-05,2.4284602951892e-05,2.42846021089859e-05
"282",7.07781380248242e-05,7.08024307964414e-05,0.00112821048028135,7.07845495677472e-05,7.08005652192463e-05,7.08003217540516e-05,7.08011822345099e-05,7.08005963844119e-05,7.08016794136902e-05,0.000538130368369255,7.0800591051962e-05,0.00277526612031206,0.00202569332297688,0.00175903218118024,7.08011873376735e-05,7.08005909228746e-05,7.08005907539897e-05,7.08005911079596e-05,7.08005912156688e-05,0.00729925498816148,7.080059138566e-05,7.0800591816927e-05,0.027832036050194
"283",0.00743084292421118,2.42846094210188e-05,2.42844613664792e-05,0.00285621219397038,2.42846058898812e-05,2.4284789429452e-05,2.4284602254013e-05,2.42846493697091e-05,2.42855644518073e-05,2.4284603498806e-05,2.42844569936387e-05,0.00223059342455265,2.42845474654559e-05,2.42845980401437e-05,0.025815787332939,2.42846025120721e-05,2.42846124259803e-05,2.4284603347482e-05,2.42846029182954e-05,2.42846053296188e-05,2.42846031652181e-05,0.0163843785797738,0.0667701981251726
"284",0.000975063477808941,0.0211637963629412,0.0653535714021823,5.87652435360591e-05,4.95604144427075e-05,0.00509207192385224,4.95604208361451e-05,4.95604213538575e-05,4.95604147908879e-05,4.95603240978433e-05,4.95603972557756e-05,4.95604138420481e-05,0.00070374997887545,4.9560410561179e-05,4.95604161668945e-05,0.0017216754428703,4.95604144043681e-05,4.95604145846105e-05,4.9560413747196e-05,0.0248080873247291,4.95604066895747e-05,4.95604140985209e-05,4.95604143278234e-05
"285",8.32954549744161e-06,8.32961253921681e-06,0.0606053589515418,8.32963214083115e-06,8.32977660778658e-06,8.32964219694805e-06,0.00294614719560782,8.32969558759889e-06,0.0362988700314554,8.32961892647475e-06,8.32961923857409e-06,8.32960369749944e-06,8.32961931939319e-06,8.32961505240448e-06,0.00188243109371394,0.00134689836775525,8.32961807209959e-06,8.32961823625033e-06,8.32961794313173e-06,0.00345287962756026,0.0132958706953877,0.000841252468724354,8.32961679440419e-06
"286",0.00996938335449598,5.83073219977281e-06,0.0457398866957217,5.83072069346952e-06,5.83073410495286e-06,0.00301948910731699,5.83073392986788e-06,5.83073163081499e-06,0.0244855534699279,0.000278352852957885,5.83073864566714e-06,5.83072736270517e-06,0.0111860047701411,5.83073574624992e-06,5.83072752742774e-06,5.83073644606687e-06,5.83073953353589e-06,5.83071738150963e-06,5.83074792609654e-06,0.00104111939750021,5.83073504651194e-06,0.0220817105286178,5.83072868113104e-06
"290",1.69992175385303e-05,1.69986933730821e-05,0.075190179531944,1.69992174268094e-05,1.6999218816527e-05,1.6999143726913e-05,1.6999193555171e-05,1.70012656763667e-05,1.69992219486965e-05,1.69992232541317e-05,1.69990207612614e-05,1.6999224195946e-05,0.0241938466893922,1.69992225410081e-05,1.69992227939891e-05,1.69992216096413e-05,0.00407681271178955,1.6999225665932e-05,1.69992109282063e-05,5.0749069531634e-05,1.69992173180499e-05,0.0187045376232548,1.69992194228153e-05
"291",3.46924391903669e-05,3.46927097779446e-05,3.4691919379615e-05,0.0774660208442499,0.00306899359880594,3.46922418594882e-05,3.4692289702761e-05,3.46922209854532e-05,3.46922897249656e-05,3.46922896346381e-05,3.46922898392026e-05,3.46922901391837e-05,3.469229122399e-05,3.46922899285133e-05,3.46922742872301e-05,3.46922905079731e-05,0.00130159957161175,3.46922893691241e-05,3.46922865702595e-05,3.4692289414666e-05,0.00107274446590224,3.46922900302743e-05,3.46922905125828e-05
"295",0.0400549606391909,2.42844558838526e-05,0.0228585548512755,2.4284602781689e-05,2.42846075587868e-05,2.42846007574046e-05,0.00597285942289603,2.42846045134737e-05,0.00557746905607793,2.42846086069816e-05,2.42846064283197e-05,2.42846023498864e-05,2.4284598207123e-05,2.42846045325757e-05,2.42846153049686e-05,2.42846030309079e-05,2.42846019698119e-05,2.42846015065315e-05,2.42846027838657e-05,0.056254658519175,2.42846028298677e-05,2.4284602775229e-05,2.42846042658345e-05
"296",0.000260822444421552,0.00328739616763119,0.053473210327791,3.46922909399535e-05,3.46927661627119e-05,3.46921394239221e-05,3.46922899315814e-05,3.46922781521853e-05,3.4692289722076e-05,3.46922899224393e-05,3.46922894949307e-05,3.46922897089177e-05,3.46923931445869e-05,3.46922687096386e-05,3.46922657259515e-05,3.46922890280251e-05,3.46922881348858e-05,3.46922907518972e-05,3.46922899307787e-05,0.00205332004084728,3.46922886124566e-05,3.46922896561077e-05,3.46922895770423e-05
"306",8.3338344537173e-06,0.00127341249398974,0.106678848216936,1.24716262663166e-05,8.3335540143824e-06,8.32969782895708e-06,8.32920305440032e-06,8.32959758168648e-06,0.00714606057961197,8.32961421072973e-06,8.33266234651701e-06,8.32961740571227e-06,8.32962009770713e-06,8.32961447207185e-06,8.32961856820998e-06,8.32962245569167e-06,8.32961909801197e-06,8.32962766629103e-06,8.32962028372705e-06,8.32962846126984e-06,8.32962535159037e-06,8.3296189276439e-06,8.3296070888564e-06
"307",0.0069541675189716,3.46922884823303e-05,0.0221134240183961,0.0147886423766271,0.00573397985869201,0.00150001990301152,3.46922897018336e-05,3.46922888847323e-05,3.46922867425998e-05,3.46922633082216e-05,3.46922916397175e-05,3.46922896104276e-05,0.0114738605107029,3.46922895321733e-05,0.00320836998500247,0.00235019958533226,3.46922903236596e-05,3.46922882923226e-05,3.46922896606805e-05,3.46922900340605e-05,0.0163500085298742,3.46922889585492e-05,3.46922880978085e-05
"310",4.95577134148815e-05,0.0304077582127262,4.95603749951569e-05,4.95604124125055e-05,4.95605685082834e-05,4.9560413913354e-05,4.95604138494488e-05,0.0195285738357207,4.9560413758348e-05,4.95604152049741e-05,4.95602482690364e-05,4.9560413677608e-05,0.0717876765885371,4.95604117966733e-05,4.95604145917667e-05,4.95604120298123e-05,0.00128103190671892,4.95604140794132e-05,4.95604136549965e-05,4.95604157156839e-05,4.95604178704875e-05,0.0087952234915517,0.0242309105862342
"311",4.95604162273894e-05,0.00237864492520289,4.95604180537801e-05,4.9560411960841e-05,0.00035354681583582,4.95633516381303e-05,4.95606774191569e-05,4.95604198647805e-05,4.95613887250727e-05,0.00761447669161574,4.95604051575934e-05,0.0201428365516011,4.95603868284119e-05,0.0613425879360402,4.95604119545476e-05,4.95604131369228e-05,4.95604135204633e-05,4.9560412095176e-05,4.95604138088487e-05,0.00525574743964536,4.95604153188901e-05,4.95604138492972e-05,4.95604145914932e-05
