,spot_id,center_x,center_y,radius,n_cells
0,0,3669.484129939351,-3977.299114733596,27.5,1
1,1,3769.484129939351,-3977.299114733596,27.5,1
2,2,3869.484129939351,-3977.299114733596,27.5,1
3,3,3769.484129939351,-3877.299114733596,27.5,2
4,4,3869.484129939351,-3877.299114733596,27.5,1
5,5,4069.484129939351,-3877.299114733596,27.5,6
6,6,3869.484129939351,-3777.299114733596,27.5,3
7,7,4069.484129939351,-3777.299114733596,27.5,1
8,8,4169.484129939351,-3777.299114733596,27.5,2
9,9,4369.484129939351,-3777.299114733596,27.5,3
10,10,4469.484129939351,-3777.299114733596,27.5,3
11,11,4569.484129939351,-3777.299114733596,27.5,2
12,12,4669.484129939351,-3777.299114733596,27.5,6
13,13,4769.484129939351,-3777.299114733596,27.5,2
14,14,4869.484129939351,-3777.299114733596,27.5,4
15,15,4969.484129939351,-3777.299114733596,27.5,3
16,16,3869.484129939351,-3677.299114733596,27.5,3
17,17,3969.484129939351,-3677.299114733596,27.5,6
18,18,4069.484129939351,-3677.299114733596,27.5,2
19,19,4169.484129939351,-3677.299114733596,27.5,1
20,20,4269.484129939351,-3677.299114733596,27.5,1
21,21,4369.484129939351,-3677.299114733596,27.5,3
22,22,4469.484129939351,-3677.299114733596,27.5,3
23,23,4569.484129939351,-3677.299114733596,27.5,3
24,24,4669.484129939351,-3677.299114733596,27.5,6
25,25,4769.484129939351,-3677.299114733596,27.5,2
26,26,4869.484129939351,-3677.299114733596,27.5,1
27,27,4969.484129939351,-3677.299114733596,27.5,2
28,28,3769.484129939351,-3577.299114733596,27.5,2
29,29,3869.484129939351,-3577.299114733596,27.5,2
30,30,3969.484129939351,-3577.299114733596,27.5,1
31,31,4069.484129939351,-3577.299114733596,27.5,2
32,32,4169.484129939351,-3577.299114733596,27.5,3
33,33,4269.484129939351,-3577.299114733596,27.5,1
34,34,4369.484129939351,-3577.299114733596,27.5,4
35,35,4469.484129939351,-3577.299114733596,27.5,4
36,36,4569.484129939351,-3577.299114733596,27.5,6
37,37,4669.484129939351,-3577.299114733596,27.5,3
38,38,4769.484129939351,-3577.299114733596,27.5,4
39,39,4869.484129939351,-3577.299114733596,27.5,4
40,40,4969.484129939351,-3577.299114733596,27.5,6
41,41,5069.484129939351,-3577.299114733596,27.5,3
42,42,5169.484129939351,-3577.299114733596,27.5,3
43,43,5269.484129939351,-3577.299114733596,27.5,3
44,44,5369.484129939351,-3577.299114733596,27.5,4
45,45,3769.484129939351,-3477.299114733596,27.5,2
46,46,3869.484129939351,-3477.299114733596,27.5,2
47,47,3969.484129939351,-3477.299114733596,27.5,3
48,48,4069.484129939351,-3477.299114733596,27.5,4
49,49,4169.484129939351,-3477.299114733596,27.5,4
50,50,4269.484129939351,-3477.299114733596,27.5,3
51,51,4369.484129939351,-3477.299114733596,27.5,3
52,52,4469.484129939351,-3477.299114733596,27.5,2
53,53,4569.484129939351,-3477.299114733596,27.5,4
54,54,4669.484129939351,-3477.299114733596,27.5,3
55,55,4769.484129939351,-3477.299114733596,27.5,3
56,56,4869.484129939351,-3477.299114733596,27.5,4
57,57,4969.484129939351,-3477.299114733596,27.5,2
58,58,5069.484129939351,-3477.299114733596,27.5,1
59,59,5169.484129939351,-3477.299114733596,27.5,4
60,60,5269.484129939351,-3477.299114733596,27.5,1
61,61,5369.484129939351,-3477.299114733596,27.5,4
62,62,3869.484129939351,-3377.299114733596,27.5,6
63,63,4069.484129939351,-3377.299114733596,27.5,3
64,64,4169.484129939351,-3377.299114733596,27.5,2
65,65,4269.484129939351,-3377.299114733596,27.5,2
66,66,4369.484129939351,-3377.299114733596,27.5,4
67,67,4569.484129939351,-3377.299114733596,27.5,2
68,68,4669.484129939351,-3377.299114733596,27.5,5
69,69,4769.484129939351,-3377.299114733596,27.5,3
70,70,4869.484129939351,-3377.299114733596,27.5,3
71,71,4969.484129939351,-3377.299114733596,27.5,3
72,72,5069.484129939351,-3377.299114733596,27.5,3
73,73,5169.484129939351,-3377.299114733596,27.5,4
74,74,5269.484129939351,-3377.299114733596,27.5,3
75,75,5369.484129939351,-3377.299114733596,27.5,2
76,76,3769.484129939351,-3277.299114733596,27.5,4
77,77,3869.484129939351,-3277.299114733596,27.5,4
78,78,3969.484129939351,-3277.299114733596,27.5,4
79,79,4069.484129939351,-3277.299114733596,27.5,6
80,80,4169.484129939351,-3277.299114733596,27.5,2
81,81,4269.484129939351,-3277.299114733596,27.5,3
82,82,4369.484129939351,-3277.299114733596,27.5,2
83,83,4469.484129939351,-3277.299114733596,27.5,5
84,84,4569.484129939351,-3277.299114733596,27.5,3
85,85,4669.484129939351,-3277.299114733596,27.5,2
86,86,4769.484129939351,-3277.299114733596,27.5,7
87,87,4869.484129939351,-3277.299114733596,27.5,4
88,88,4969.484129939351,-3277.299114733596,27.5,3
89,89,5069.484129939351,-3277.299114733596,27.5,4
90,90,5169.484129939351,-3277.299114733596,27.5,4
91,91,5269.484129939351,-3277.299114733596,27.5,5
92,92,5369.484129939351,-3277.299114733596,27.5,4
93,93,3769.484129939351,-3177.299114733596,27.5,3
94,94,3869.484129939351,-3177.299114733596,27.5,2
95,95,3969.484129939351,-3177.299114733596,27.5,2
96,96,4069.484129939351,-3177.299114733596,27.5,4
97,97,4169.484129939351,-3177.299114733596,27.5,4
98,98,4269.484129939351,-3177.299114733596,27.5,2
99,99,4469.484129939351,-3177.299114733596,27.5,3
100,100,4569.484129939351,-3177.299114733596,27.5,3
101,101,4669.484129939351,-3177.299114733596,27.5,3
102,102,4769.484129939351,-3177.299114733596,27.5,1
103,103,4869.484129939351,-3177.299114733596,27.5,2
104,104,4969.484129939351,-3177.299114733596,27.5,1
105,105,5069.484129939351,-3177.299114733596,27.5,4
106,106,5169.484129939351,-3177.299114733596,27.5,4
107,107,5269.484129939351,-3177.299114733596,27.5,5
108,108,5369.484129939351,-3177.299114733596,27.5,3
109,109,3769.484129939351,-3077.299114733596,27.5,3
110,110,3869.484129939351,-3077.299114733596,27.5,6
111,111,3969.484129939351,-3077.299114733596,27.5,4
112,112,4069.484129939351,-3077.299114733596,27.5,4
113,113,4169.484129939351,-3077.299114733596,27.5,4
114,114,4269.484129939351,-3077.299114733596,27.5,5
115,115,4369.484129939351,-3077.299114733596,27.5,3
116,116,4469.484129939351,-3077.299114733596,27.5,4
117,117,4569.484129939351,-3077.299114733596,27.5,3
118,118,4669.484129939351,-3077.299114733596,27.5,3
119,119,4769.484129939351,-3077.299114733596,27.5,3
120,120,4869.484129939351,-3077.299114733596,27.5,2
121,121,4969.484129939351,-3077.299114733596,27.5,6
122,122,5169.484129939351,-3077.299114733596,27.5,2
123,123,5269.484129939351,-3077.299114733596,27.5,2
124,124,5369.484129939351,-3077.299114733596,27.5,5
125,125,3669.484129939351,-2977.299114733596,27.5,4
126,126,3769.484129939351,-2977.299114733596,27.5,1
127,127,3869.484129939351,-2977.299114733596,27.5,3
128,128,3969.484129939351,-2977.299114733596,27.5,4
129,129,4069.484129939351,-2977.299114733596,27.5,2
130,130,4169.484129939351,-2977.299114733596,27.5,1
131,131,4269.484129939351,-2977.299114733596,27.5,3
132,132,4369.484129939351,-2977.299114733596,27.5,2
133,133,4469.484129939351,-2977.299114733596,27.5,5
134,134,4569.484129939351,-2977.299114733596,27.5,3
135,135,4669.484129939351,-2977.299114733596,27.5,1
136,136,4769.484129939351,-2977.299114733596,27.5,3
137,137,4869.484129939351,-2977.299114733596,27.5,2
138,138,4969.484129939351,-2977.299114733596,27.5,7
139,139,5069.484129939351,-2977.299114733596,27.5,3
140,140,5169.484129939351,-2977.299114733596,27.5,5
141,141,3669.484129939351,-2877.299114733596,27.5,1
142,142,3769.484129939351,-2877.299114733596,27.5,1
143,143,3969.484129939351,-2877.299114733596,27.5,5
144,144,4069.484129939351,-2877.299114733596,27.5,1
145,145,4169.484129939351,-2877.299114733596,27.5,2
146,146,4269.484129939351,-2877.299114733596,27.5,4
147,147,4369.484129939351,-2877.299114733596,27.5,3
148,148,4469.484129939351,-2877.299114733596,27.5,1
149,149,4569.484129939351,-2877.299114733596,27.5,3
150,150,4669.484129939351,-2877.299114733596,27.5,2
151,151,4769.484129939351,-2877.299114733596,27.5,5
152,152,4869.484129939351,-2877.299114733596,27.5,6
153,153,4969.484129939351,-2877.299114733596,27.5,2
154,154,5069.484129939351,-2877.299114733596,27.5,3
155,155,5169.484129939351,-2877.299114733596,27.5,1
156,156,5269.484129939351,-2877.299114733596,27.5,3
157,157,5369.484129939351,-2877.299114733596,27.5,1
158,158,3769.484129939351,-2777.299114733596,27.5,4
159,159,3969.484129939351,-2777.299114733596,27.5,3
160,160,4069.484129939351,-2777.299114733596,27.5,4
161,161,4169.484129939351,-2777.299114733596,27.5,1
162,162,4269.484129939351,-2777.299114733596,27.5,5
163,163,4369.484129939351,-2777.299114733596,27.5,5
164,164,4469.484129939351,-2777.299114733596,27.5,2
165,165,4569.484129939351,-2777.299114733596,27.5,4
166,166,4769.484129939351,-2777.299114733596,27.5,5
167,167,4869.484129939351,-2777.299114733596,27.5,6
168,168,4969.484129939351,-2777.299114733596,27.5,3
169,169,5069.484129939351,-2777.299114733596,27.5,2
170,170,5169.484129939351,-2777.299114733596,27.5,4
171,171,5269.484129939351,-2777.299114733596,27.5,3
172,172,5369.484129939351,-2777.299114733596,27.5,2
173,173,3769.484129939351,-2677.299114733596,27.5,5
174,174,3869.484129939351,-2677.299114733596,27.5,3
175,175,3969.484129939351,-2677.299114733596,27.5,3
176,176,4069.484129939351,-2677.299114733596,27.5,7
177,177,4169.484129939351,-2677.299114733596,27.5,2
178,178,4269.484129939351,-2677.299114733596,27.5,5
179,179,4369.484129939351,-2677.299114733596,27.5,5
180,180,4469.484129939351,-2677.299114733596,27.5,1
181,181,4569.484129939351,-2677.299114733596,27.5,5
182,182,4669.484129939351,-2677.299114733596,27.5,3
183,183,4769.484129939351,-2677.299114733596,27.5,6
184,184,4869.484129939351,-2677.299114733596,27.5,3
185,185,4969.484129939351,-2677.299114733596,27.5,2
186,186,5069.484129939351,-2677.299114733596,27.5,2
187,187,5169.484129939351,-2677.299114733596,27.5,1
188,188,5269.484129939351,-2677.299114733596,27.5,1
189,189,5369.484129939351,-2677.299114733596,27.5,2
190,190,3869.484129939351,-2577.299114733596,27.5,2
191,191,3969.484129939351,-2577.299114733596,27.5,3
192,192,4069.484129939351,-2577.299114733596,27.5,4
193,193,4269.484129939351,-2577.299114733596,27.5,4
194,194,4369.484129939351,-2577.299114733596,27.5,2
195,195,4469.484129939351,-2577.299114733596,27.5,4
196,196,4569.484129939351,-2577.299114733596,27.5,4
197,197,4669.484129939351,-2577.299114733596,27.5,3
198,198,4769.484129939351,-2577.299114733596,27.5,3
199,199,4869.484129939351,-2577.299114733596,27.5,5
200,200,4969.484129939351,-2577.299114733596,27.5,4
201,201,5069.484129939351,-2577.299114733596,27.5,3
202,202,5169.484129939351,-2577.299114733596,27.5,3
203,203,5269.484129939351,-2577.299114733596,27.5,6
204,204,5369.484129939351,-2577.299114733596,27.5,4
205,205,3869.484129939351,-2477.299114733596,27.5,2
206,206,3969.484129939351,-2477.299114733596,27.5,2
207,207,4069.484129939351,-2477.299114733596,27.5,2
208,208,4169.484129939351,-2477.299114733596,27.5,6
209,209,4269.484129939351,-2477.299114733596,27.5,2
210,210,4369.484129939351,-2477.299114733596,27.5,2
211,211,4469.484129939351,-2477.299114733596,27.5,5
212,212,4569.484129939351,-2477.299114733596,27.5,4
213,213,4669.484129939351,-2477.299114733596,27.5,2
214,214,4769.484129939351,-2477.299114733596,27.5,4
215,215,4869.484129939351,-2477.299114733596,27.5,4
216,216,4969.484129939351,-2477.299114733596,27.5,5
217,217,5069.484129939351,-2477.299114733596,27.5,3
218,218,5169.484129939351,-2477.299114733596,27.5,5
219,219,5269.484129939351,-2477.299114733596,27.5,5
220,220,5369.484129939351,-2477.299114733596,27.5,4
221,221,3969.484129939351,-2377.299114733596,27.5,2
222,222,4069.484129939351,-2377.299114733596,27.5,2
223,223,4169.484129939351,-2377.299114733596,27.5,1
224,224,4269.484129939351,-2377.299114733596,27.5,6
225,225,4369.484129939351,-2377.299114733596,27.5,4
226,226,4469.484129939351,-2377.299114733596,27.5,4
227,227,4569.484129939351,-2377.299114733596,27.5,1
228,228,4669.484129939351,-2377.299114733596,27.5,2
229,229,4769.484129939351,-2377.299114733596,27.5,3
230,230,4869.484129939351,-2377.299114733596,27.5,2
231,231,4969.484129939351,-2377.299114733596,27.5,4
232,232,5069.484129939351,-2377.299114733596,27.5,4
233,233,5169.484129939351,-2377.299114733596,27.5,4
234,234,5269.484129939351,-2377.299114733596,27.5,3
235,235,5369.484129939351,-2377.299114733596,27.5,5
236,236,4069.484129939351,-2277.299114733596,27.5,1
237,237,4169.484129939351,-2277.299114733596,27.5,1
238,238,4269.484129939351,-2277.299114733596,27.5,2
239,239,4369.484129939351,-2277.299114733596,27.5,5
240,240,4469.484129939351,-2277.299114733596,27.5,3
241,241,4569.484129939351,-2277.299114733596,27.5,3
242,242,4669.484129939351,-2277.299114733596,27.5,3
243,243,4769.484129939351,-2277.299114733596,27.5,1
244,244,4869.484129939351,-2277.299114733596,27.5,3
245,245,4969.484129939351,-2277.299114733596,27.5,1
246,246,5069.484129939351,-2277.299114733596,27.5,3
247,247,5169.484129939351,-2277.299114733596,27.5,2
248,248,5269.484129939351,-2277.299114733596,27.5,3
249,249,5369.484129939351,-2277.299114733596,27.5,2
250,250,4369.484129939351,-2177.299114733596,27.5,4
251,251,4469.484129939351,-2177.299114733596,27.5,6
252,252,4569.484129939351,-2177.299114733596,27.5,3
253,253,4669.484129939351,-2177.299114733596,27.5,4
254,254,4769.484129939351,-2177.299114733596,27.5,5
255,255,4869.484129939351,-2177.299114733596,27.5,2
256,256,4969.484129939351,-2177.299114733596,27.5,6
257,257,5069.484129939351,-2177.299114733596,27.5,4
258,258,5169.484129939351,-2177.299114733596,27.5,1
259,259,5269.484129939351,-2177.299114733596,27.5,2
260,260,5369.484129939351,-2177.299114733596,27.5,2
261,261,4369.484129939351,-2077.299114733596,27.5,3
262,262,4469.484129939351,-2077.299114733596,27.5,4
263,263,4569.484129939351,-2077.299114733596,27.5,4
264,264,4669.484129939351,-2077.299114733596,27.5,5
265,265,4769.484129939351,-2077.299114733596,27.5,1
266,266,4869.484129939351,-2077.299114733596,27.5,3
267,267,4969.484129939351,-2077.299114733596,27.5,4
268,268,5069.484129939351,-2077.299114733596,27.5,4
269,269,5169.484129939351,-2077.299114733596,27.5,5
270,270,5269.484129939351,-2077.299114733596,27.5,2
271,271,5369.484129939351,-2077.299114733596,27.5,5
272,272,4469.484129939351,-1977.299114733596,27.5,1
273,273,4569.484129939351,-1977.299114733596,27.5,6
274,274,4669.484129939351,-1977.299114733596,27.5,2
275,275,4769.484129939351,-1977.299114733596,27.5,4
276,276,4869.484129939351,-1977.299114733596,27.5,1
277,277,4969.484129939351,-1977.299114733596,27.5,3
278,278,5069.484129939351,-1977.299114733596,27.5,4
279,279,5169.484129939351,-1977.299114733596,27.5,3
280,280,5269.484129939351,-1977.299114733596,27.5,3
281,281,5369.484129939351,-1977.299114733596,27.5,4
282,282,4369.484129939351,-1877.299114733596,27.5,4
283,283,4569.484129939351,-1877.299114733596,27.5,4
284,284,4669.484129939351,-1877.299114733596,27.5,3
285,285,4769.484129939351,-1877.299114733596,27.5,3
286,286,4869.484129939351,-1877.299114733596,27.5,5
287,287,4969.484129939351,-1877.299114733596,27.5,3
288,288,5069.484129939351,-1877.299114733596,27.5,3
289,289,5169.484129939351,-1877.299114733596,27.5,3
290,290,5269.484129939351,-1877.299114733596,27.5,4
291,291,5369.484129939351,-1877.299114733596,27.5,6
292,292,4569.484129939351,-1777.299114733596,27.5,2
293,293,4669.484129939351,-1777.299114733596,27.5,1
294,294,4769.484129939351,-1777.299114733596,27.5,1
295,295,4869.484129939351,-1777.299114733596,27.5,3
296,296,4969.484129939351,-1777.299114733596,27.5,4
297,297,5069.484129939351,-1777.299114733596,27.5,2
298,298,5169.484129939351,-1777.299114733596,27.5,3
299,299,5269.484129939351,-1777.299114733596,27.5,2
300,300,5369.484129939351,-1777.299114733596,27.5,2
301,301,4769.484129939351,-1677.299114733596,27.5,3
302,302,4869.484129939351,-1677.299114733596,27.5,1
303,303,4969.484129939351,-1677.299114733596,27.5,2
304,304,5069.484129939351,-1677.299114733596,27.5,2
305,305,5169.484129939351,-1677.299114733596,27.5,3
306,306,5269.484129939351,-1677.299114733596,27.5,3
307,307,5369.484129939351,-1677.299114733596,27.5,5
308,308,5069.484129939351,-1577.299114733596,27.5,4
309,309,5169.484129939351,-1577.299114733596,27.5,2
310,310,5269.484129939351,-1577.299114733596,27.5,3
311,311,5369.484129939351,-1577.299114733596,27.5,2
