1700022I11Rik	1700022I11Rik
1810046K07Rik	1810046K07Rik
5031425F14Rik	5031425F14Rik
5730522E02Rik	5730522E02Rik
Acta2	Acta2
Adam2	Adam2
Adamts2	Adamts2
Adamts4	Adamts4
Adra1b	Adra1b
Alk	Alk
Ankfn1	Ankfn1
Ano4	Ano4
Aqp4	Aqp4
Asic4	Asic4
B4galnt2	B4galnt2
B4galnt3	B4galnt3
Barx2	Barx2
Bcl11b	Bcl11b
Bdnf	Bdnf
Bgn	Bgn
Blnk	Blnk
Bmpr1b	Bmpr1b
Brinp3	Brinp3
C1ql3	C1ql3
C1qtnf7	C1qtnf7
Cacng5	Cacng5
Calb2	Calb2
Camk2d	Camk2d
Car3	Car3
Cbln2	Cbln2
Cbln4	Cbln4
Ccbe1	Ccbe1
Ccdc162	Ccdc162
Ccdc3	Ccdc3
Ccdc80	Ccdc80
Ccnb1	Ccnb1
Cd14	Cd14
Cd24a	Cd24a
Cdca7	Cdca7
Cdcp1	Cdcp1
Cdh12	Cdh12
Cdh13	Cdh13
Cdh20	Cdh20
Cdh9	Cdh9
Ceacam9	Ceacam9
Cemip	Cemip
Chat	Chat
Chn2	Chn2
Chodl	Chodl
Chrm2	Chrm2
Chrna2	Chrna2
Cldn5	Cldn5
Clrn1	Clrn1
Cntnap5b	Cntnap5b
Cobll1	Cobll1
Col14a1	Col14a1
Col15a1	Col15a1
Col23a1	Col23a1
Col24a1	Col24a1
Col25a1	Col25a1
Corin	Corin
Cplx3	Cplx3
Crhr2	Crhr2
Crispld2	Crispld2
Cspg4	Cspg4
Ctss	Ctss
Cux2	Cux2
Cxcl14	Cxcl14
Daam2	Daam2
Dmkn	Dmkn
Dnase1l3	Dnase1l3
Dscaml1	Dscaml1
Egfem1	Egfem1
Egfr	Egfr
Egln3	Egln3
Egr2	Egr2
Elfn1	Elfn1
Enpp6	Enpp6
Epha7	Epha7
Fam19a2	Fam19a2
Fam84b	Fam84b
Fbxl7	Fbxl7
Fezf2	Fezf2
Flrt3	Flrt3
Flt1	Flt1
Fndc7	Fndc7
Fosb	Fosb
Foxp2	Foxp2
Frem2	Frem2
Fst	Fst
Gfap	Gfap
Glra1	Glra1
Gpc6	Gpc6
Grik1	Grik1
Grin3a	Grin3a
Grm1	Grm1
Grm8	Grm8
Hpse	Hpse
Hs3st5	Hs3st5
Igf2	Igf2
Igfbp4	Igfbp4
Igfbp5	Igfbp5
Ikzf2	Ikzf2
Il1rapl2	Il1rapl2
Il4ra	Il4ra
Inpp4b	Inpp4b
Iqgap2	Iqgap2
Itgb8	Itgb8
Kcng1	Kcng1
Kcnj8	Kcnj8
L3mbtl4	L3mbtl4
Lama3	Lama3
Lhx6	Lhx6
Lmo1	Lmo1
Lsp1	Lsp1
Ltf	Ltf
Luzp2	Luzp2
Lypd1	Lypd1
Lyzl4	Lyzl4
1-Mar	1-Mar
Marcksl1	Marcksl1
Meis2	Meis2
Moxd1	Moxd1
Mrc1	Mrc1
Mrgprx2	Mrgprx2
Muc20	Muc20
Myh14	Myh14
Ndst4	Ndst4
Nhs	Nhs
Nkain3	Nkain3
Nnmt	Nnmt
Nos1	Nos1
Npas1	Npas1
Npnt	Npnt
Npsr1	Npsr1
Npy2r	Npy2r
Nr2f2	Nr2f2
Nr4a1	Nr4a1
Nr4a2	Nr4a2
Ntng2	Ntng2
Nxph1	Nxph1
Nxph2	Nxph2
Nxph4	Nxph4
Olah	Olah
Olfm3	Olfm3
Opalin	Opalin
Oprk1	Oprk1
Osr1	Osr1
Otof	Otof
Parm1	Parm1
Pcdh8	Pcdh8
Pde11a	Pde11a
Pdgfc	Pdgfc
Pdgfra	Pdgfra
Pdlim5	Pdlim5
Phactr2	Phactr2
Plch1	Plch1
Plcxd3	Plcxd3
Pld5	Pld5
Plekhg3	Plekhg3
Pou3f1	Pou3f1
Pou3f3	Pou3f3
Pou6f2	Pou6f2
Prdm8	Prdm8
Prok2	Prok2
Prokr2	Prokr2
Prox1	Prox1
Prr16	Prr16
Prss12	Prss12
Prss23	Prss23
Ptger3	Ptger3
Ptprk	Ptprk
Ptprm	Ptprm
Ptprt	Ptprt
Ptpru	Ptpru
Pxdc1	Pxdc1
Ramp1	Ramp1
Reln	Reln
Rerg	Rerg
Rfx3	Rfx3
Rgs5	Rgs5
Rgs6	Rgs6
Rnf152	Rnf152
Ror1	Ror1
Rorb	Rorb
Rspo1	Rspo1
Rxfp1	Rxfp1
Rxfp2	Rxfp2
Satb2	Satb2
Scgn	Scgn
Sema3e	Sema3e
Sema5a	Sema5a
Serpinf1	Serpinf1
Sertm1	Sertm1
Sgcd	Sgcd
Shisa9	Shisa9
Slc17a6	Slc17a6
Slc17a8	Slc17a8
Slc25a13	Slc25a13
Slc30a3	Slc30a3
Slc32a1	Slc32a1
Slc44a5	Slc44a5
Slco5a1	Slco5a1
Sncg	Sncg
Sox10	Sox10
Sox6	Sox6
Sp8	Sp8
Spon1	Spon1
St6galnac5	St6galnac5
Sulf1	Sulf1
Sulf2	Sulf2
Syndig1	Syndig1
Syt10	Syt10
Syt6	Syt6
Tbc1d4	Tbc1d4
Tcap	Tcap
Teddm3	Teddm3
Tenm3	Tenm3
Th	Th
Thbs2	Thbs2
Thsd7a	Thsd7a
Timp3	Timp3
Tmem163	Tmem163
Tmtc2	Tmtc2
Tnfaip6	Tnfaip6
Tox	Tox
Trp53i11	Trp53i11
Trpc4	Trpc4
Trpc6	Trpc6
Tshz2	Tshz2
Tunar	Tunar
Ubash3b	Ubash3b
Unc13c	Unc13c
Unc5b	Unc5b
Unc5d	Unc5d
Ust	Ust
Vipr2	Vipr2
Vtn	Vtn
Vwc2	Vwc2
Wipf3	Wipf3
Wnt7b	Wnt7b
Zfp804b	Zfp804b
Vip	Vip
Calb1	Calb1
Gad2	Gad2
Tac2	Tac2
Lamp5	Lamp5
Cnr1	Cnr1
Pvalb	Pvalb
Sst	Sst
Rab3b	Rab3b
Slc17a7	Slc17a7
Penk	Penk
Gad1	Gad1
