cell_ID,Astro,Endo,L2_3_IT,L4_5_IT,L5_6_NP,L5_ET,L5_IT,L6_CT,L6_IT,L6_IT_Car3,L6b,Lamp5,Micro,OPC,Oligo,PVM,Peri,Pvalb,SMC,Sncg,Sst,VLMC,Vip
X0,0,0.0448729625061289,0.0182383223628076,0.0463187522044857,0.0569843421603636,0,0,0,0,0.0303473212292382,0,0,0.000708479458896231,0,0,0,0.569257764156378,0,0,0,0,0.233272055921701,0
X1,0.287860176855454,0.636743876386055,0,0,0,0,0,0,1.60570552063066e-21,0,0,0,0,0,0.0749717580289842,0,0,0,0.000424188729507157,0,0,2.31741894292053e-18,0
X2,0.974461902256254,0,0.0255380977437459,0,0,0,0,0,0,0,0,0,0,0,0,0,0,0,0,0,0,0,0
X3,0.418589172916952,0,0,0,-8.32968229864454e-25,0,0,0,0,0,0,0,0,0,0,1.53359165122909e-20,0.566136859160868,0,0,0,0,0.0152739679221802,0
X4,0,0,0,0,0.0438527283063871,0,0,0,0,0,0,0,0,0,0,0.00213746305917264,0.919264918525555,0,0.0340662608088153,0,0,0.000678629300069691,0
X5,0,0,0,0,0,0,0,-8.45831036215961e-18,0,0,0,0,0,0.956644865715593,0,0.0419686053176718,0.00138652896673549,0,7.95186103776401e-19,0,0,-4.6549224298904e-20,0
X6,0.391900086554452,0,0.0360951786217002,0.0670548877398293,0,0,0,0,0,0.242799156300791,0.262150690783228,0,0,0,0,0,-4.06145142968096e-18,0,0,0,0,0,0
X7,0,0,0.112918885237811,0.0384516956125416,0,0,0,0,0.196419094290695,0,0.283438855730731,0.00394474303675355,0.0106055799485686,0,0,0.000987215394566875,0,0,0,0,0.353233930748333,0,0
X8,0,0,0.0928459467329533,0,0,0,0.171699405523616,0.140611630840271,0.142841279147382,0,0,0.00117630672698985,0.0604179290208317,0,0.390407502007957,0,0,0,0,0,0,0,0
X9,-3.3500814611895e-20,0,0.336495544850233,0,0,0,0,0.198082410685628,0,0.257229783022041,0,0,0.174561571307315,0,0,0,0,0,0,0,0,0.033630690134784,0
X10,0.283933969113657,0,0.0605943442013076,0,0,0.279799531520093,0,0,0,0,0,0,0,0,0,0.00365969816673781,0.372012456998204,0,0,0,0,0,0
X11,0.207430164653651,0.00678688494091294,0,0,-2.49828407554143e-20,0,0,0,0,0,0,0,0.25353501917717,0,0.532220743344529,0,0,0,2.71878837375449e-05,0,0,0,0
X12,0,0.171974978732828,0,0,0,0,0,0.233863840004149,0,0,0,0.14721434462957,0,0,0,0.0984883443226905,0,0,0,0,0.348458492310763,0,0
X13,0,0.0641180651048857,0,0,0,0,0,0.0296080235517669,0,0,0.0690853882874582,0,0,0,-6.777329086011e-35,0,0.837188523055889,0,0,0,0,0,0
X14,0,0.107709816740095,0.0337416455145476,0.0446772395563945,0,0,0,0,0.545294345401196,0,0,0.033047395983386,0.0200403446678361,0.000311674578086323,0,0,0,0,0.215177537558458,0,0,0,0
X15,0,0,0.311630225723312,0,0,0,-2.30083396488395e-18,0,0,0.472792077852374,0,0,0,-3.65514094234218e-19,1.72743060362832e-25,0.141842490301953,0,0,0,0,0,0.0737352061223607,0
X16,0,0,0,0,0,0,0,0,0,-5.88994393612054e-17,1.08309363027821e-16,0,0.267422744004105,0,0,0,0,0,4.98329511311252e-19,0,0.732577255995895,0,0
X17,0,0.00593831962244422,0.0384977786345674,0.197928943834029,0,0,0.165927943611775,0,0.176793274222568,0,0,0,0,0,0,0,0,0,0.414913740074616,0,0,0,0
X18,0.0384071828788127,0.0334301415076539,0,0.450321398754506,0.133680963921588,0.132064075635669,0.0943743938248565,0,0,0,0,0,0,0.117721843476914,0,0,0,0,0,0,1.27176179222394e-19,0,0
X19,0,0,0,0.0241677241258562,0.0149397906600245,0,0.209359625405733,0,0.291007366429906,0,0,0,0,1.06225151701707e-18,0,0,0,0,0.0587755370557789,0,0.401749956322701,0,0
X20,0.0157964131567321,0,0.040552144049917,0.0202537512275849,0.311534435168814,0,0,0.044742602583242,0,0.0434404837446388,0,0,0.38909184675019,0,0,0,0,0.134588323318881,0,0,0,0,0
X21,0,0,0,0,0.536788946266926,0.0384391324203338,0.144483738178939,0,0,0,0,0,0,0.0273224379899483,0,0.000682769332940757,0.00698292651156639,0,0,0,0,0.245300049299345,0
X22,0,0.035893183137716,0.0114963103200899,0.0927474482746219,0,0.177319039363839,0,0.0418346944013388,0.0565436229786479,0,0,0.256587070649641,0,0,0.095730511270707,0,0,0,0,0,0,0.231848119603398,0
X23,0,0.097292480618059,0,0,0.00785040038918906,0.693851529947013,0.122313903613132,0,0,0,0,0.078691685432607,0,0,-1.10600942012334e-19,0,0,0,0,0,0,0,0
X24,0.170896354579125,0,0,0.0261252598017594,0.502488903498224,0.00141521624476543,0.0533846074494749,0.00994046079828173,0,0,0,0,0,-6.48246681932754e-19,0,0,0,0,0,0,0.235749197628369,0,0
X25,0.0788279405261111,0,0.0643331885774879,0,0.193210785560929,0,0,0.311369859906838,0,0,0,0.176761097013716,0,0,0.00205185563280645,0.0141684456228695,0.154529005051339,0,0,0,0.00474782210790324,0,0
X26,0,0,0.0299667002524162,0.0284872396581084,0,0,0,0,0,0,0,0,0,0,1.36322562840314e-18,0.727624451504292,0,0,0.090684177874758,0,0,0.123237430710425,0
X27,0,0,0,0.0421650808610097,0,0,0,0.0987449336687432,0,0,0,0,0,0,0,0.7335510218931,0,0,0,0,0.0809482951292341,0.0445906684479132,0
X28,0,0,0,0.0214666153643063,0.0319650785076376,0.295706683387622,0,0,0,-6.8285701280159e-20,0,0.00265944562642599,0,0,0.0771089266303483,0,0.184682528771455,0,0,0,0.31392726454739,0.0724834571648137,0
X29,0,0.104411980044128,0.0383969348524109,0.0661329636121034,0,0,0,0.082508670535715,0.54018969113085,0,0,0,0,0,0,0,0,0,0.0467423866036633,0,0.121617373221129,0,0
X30,0,0,0.0180766644087084,0,0.0181426311088687,0,0.680563877951295,0,0,0,0,0.00038868142287728,0.0312580013285856,0.044637332772158,0,0,0,0,0.206932811007507,0,0,0,0
X31,0.0082991727035151,0.028903241362389,0,0.147964851430195,0.0444738076081934,0,0,0.138061286731998,0,0,0.00057639088319428,0,0,0.0981266691261089,0,0.0521474688697564,0,0,0,0,0.48144711128465,0,0
X32,0,0,1.87163341977203e-21,0.195846172113407,0.0285620782010018,0.0665655683472996,0,0.0498334176623225,0,0,0,0,0,0.0600103845338933,0,0,0,1.12281408224607e-06,0,0,0.141873104592187,0.457308151735806,0
X33,0.384991764233269,0,0.0306413665785934,0.070426616076766,0.26589392391403,0,0,0.0493504879995115,0.0720418112999546,0,0,0.0172944199073154,0,0,0,0,0,0,0.109359609990561,0,0,0,0
X34,0,0.0604427219416575,0,0.70846431611926,0.008069794765537,0,0.000114639335870577,0,0.150345605716119,0,0,0,0,0,0,0,0,0,0.0136416885451018,0,0.0589212335764547,0,0
X35,0,0,0.0171243754581717,0.0254180814222243,0.189055382255289,0.0207269400062956,0.0279945212994325,0,0,0.317603975691136,0,0.00157607255148824,0,0.0867894205932661,0.0684806341214539,0,0,0,0.125968510364022,0,0,0.119262086237221,0
X36,0.0291809008531923,0,0,0,0.0925346545258703,0.161317774282646,0,0,0,0.0804043596947575,0.627650763214184,0,0,0,0,0,0.00891154742934942,0,0,0,0,0,0
X37,0.38522082824666,0,0,0.0761753712525902,0.149884119532881,0,0,0.0604885566232153,0,0,0,0,0,0.145273097551246,0,0.182957457741246,3.58464054066589e-19,5.6905216111022e-07,0,0,0,0,0
X38,0,3.24416377445897e-05,0,0,0.475137462840442,3.8107270831015e-05,0,0,0.0690401213051611,0,0,0.035165138348109,0,5.70185971361911e-05,0.0960756495466793,0,0,0,0,0,0.324454060453897,0,0
X39,0,0.0539513828027601,0,0.460797958814524,0,0,0.000122925404256391,0,0.0440489085519796,0,0,0,0.0140838102080916,0,0.0100715505758778,0,0,0,0.333596507994847,0,0.0833269556476628,0,0
X40,0.0198748437890269,0.495109977964736,0,0,0.00188857650665059,0.196093462806539,0,0.137368526686613,0,0,0,0.0117757252956063,0,0,0,0,0,0,0,0,0.137888886950828,0,0
X41,0,0.217648788937672,0,0.000968666737608878,5.06829234955655e-21,0.296313589105909,0,0,0,3.02186736762295e-20,0,0.110066294848146,0,0.375002660370664,0,0,0,0,0,0,0,0,0
X42,0.0498542196343603,0.0249442707088741,0.0607250882359977,0.161778619756063,0.0398311233403022,0.038812242733884,0,0.261768706287613,0,0,0,0.0447794452805713,0,0,0,0,0.317506284022334,0,0,0,0,0,0
X43,0,0,0,0.460754544175987,0.137022971510769,0,1.83392672416645e-05,0.0317822073579279,0,0,0,0,0.0122625390893232,0,0,0,0.218509547205079,0,0.139649851393672,0,6.38741965663887e-19,0,0
X44,0.0921791061615047,0,0.0640540683363756,0,0,1.22704157721177e-05,0,0,0.120259073021562,0.525259691953309,0,0.00382028338964215,-1.91497921209735e-21,0,0,0,0,0,0.194415506721835,0,0,0,0
X45,0.208294674232832,0.0468809469372126,0,0.0416910097257635,0,0,0,0.0790260148259714,0,0.0700162179510804,0,0.0150714888607379,0,0,0.0291642405967297,0,0.0506522971076303,0,0,0,0.459203109762042,0,0
X46,0,0,0.419314682320562,0,0.0902546497234262,0,0,0,0.164505618367174,0,0,0.266748231735628,0,0,0,0.0591768178532095,0,0,0,0,0,0,0
X47,0,0,0,0.126524209048148,0.00147167388340265,0.057419251951245,0,0.152668722884604,0,0,0,0,0.090662163301647,0.386133170994024,0.00192731031114106,0.107137193101986,0,0,0,0,0.0760563045238027,0,0
X48,0.203459914606013,0,0.0418310609168861,0.277125484775611,0,0.0402300651306761,0.120806890299193,0,0,0,0,0,0,0,0,0,0.00246473669616961,0,0,0,0.131739366027826,0.182342481547625,0
X49,0,0,0.0361002129439965,0.0124568944404253,0.0108673465198164,0.019748540040293,0,0,0.504702152088204,0,0,0.00877584718584937,0,0,0.407349006781416,0,0,0,0,0,0,0,0
X50,0.255597053857155,0.323803868552004,0,0.0430295064582352,0,0,0.252833240638587,0,0.000951160373217287,2.60449593906526e-22,0,0,0.103807664005946,0.0199775061148552,0,0,0,0,0,0,0,0,0
X51,0.471844143895186,0.0619776829984606,0,0.00843455723638751,0,0,0,0,0,6.97870044502796e-21,-1.94878681116899e-20,0.367421507761532,0,0,0,0.0403915321891574,0,0,0,0,0,0.0499305759192768,0
X52,0,0,0.0189269164954293,0,0,0,0,0.509587837359517,0.00565018757877999,0,0,0.465835058566274,0,0,0,0,0,0,0,0,0,0,0
X53,0.0387403165241422,0.000137524335592364,0,0,0.00628742377579705,0.0604941931667144,0,0.613580117744557,0.107818828546053,0,0,0.046438382981448,0,0,0,0,0,0.067784908156495,0,0,0.0587183047692011,0,0
X54,0.152145583871266,0,0,0,0.158338578964136,0,0.108405375717351,0,0,0,0,0.149240910859265,0,0,0.0612161668395356,6.39076713629161e-07,0,0,0,0,0.370652744671732,0,0
X55,0,0,0.0611727120104646,0,6.24921506034656e-30,0,0,0.356944380095447,0.394770568550485,0,0,0.165038390774793,0,0.0220739485688097,0,0,0,0,0,0,0,0,0
X56,0.0344454293386415,0,0,0,0.105117802636538,0.117549049768375,0.0405754728103022,0,0,0.629125725777429,0,0,0,0.0181666427670588,0.055019876901655,0,0,0,0,0,0,0,0
X57,0.0774745314835649,0.0557187489989587,0,0,0,0.596204405319294,0,0,0.181410765045746,0,0,0.0486809355115611,0,0,0,0,0,0,0.0405106136408757,0,0,0,0
X58,0,0.0703987119593201,0.0126599665517893,0.0387852079634694,0.0685402871004532,0.283533237649856,0,0.0486943337811031,0.330840339603774,0,0,0.114331068635358,0,0,0,0,0,0.0248353793647824,0,0,0.00738146739009484,0,0
X59,0.206388438361797,0,0,0.280832957359159,0,0,0.0965093701061324,0,0,0,0.416269234172912,0,0,0,0,0,0,0,0,0,0,0,0
X60,0.0376019264146763,0.751632213010947,0.0402309368298382,0,0,0,0,0.0412582318661015,0.0754472164529396,0,0,0,0,0,0,0,0.000154111257686777,0,0,0,0,0.0536753641678105,0
X61,0,0,0.0164443906195049,0,0,0.0186973872118687,0,0,0.0784519393736296,0,0,0,0,0,0,0,0,0.0830692912539546,0.261962246959121,0,0.0271078797929653,0.514266864788956,0
X62,0,0.242551823974909,0.0436807001204503,0.20013069118538,0,0.186130936632023,0,0,0,0,0,0.107022393460911,0,0.0590438036584399,0,0.0954872041463449,0.000711923756768667,0.0652405230647723,0,0,0,0,0
X63,0.118477292205194,0.0623211821841806,0,0.00761231494086783,0,0.000983781286645803,0.0599500036747947,0,0,0.285733018621872,0,0,0.00472689625424216,0,0,0.417017089140837,0,0.0431784216913661,0,0,0,0,0
X64,0,0.0810724703338995,0.0399615702922049,0.386505768767522,0,0.0340864981297203,0,0.0517967938524986,0.000982036053037287,0,0,0,0,0,0,0,0,0,0,0,0,0.405594862571117,0
X65,0.0320442401785239,0.0145760039789507,0.0227822076729659,0,0,0.199425754932763,0,0.0341270410964976,0.411794555055626,0,0,0,0,0,0.0711327340257123,0,0.214117463058961,0,0,0,0,0,0
X66,0,0.00457096698494287,0,0.698814239125203,0,0.0156479880026989,0.0412030392710143,0,0.0254977092081706,0,0,0,0,0,0,0,0,0.0924174458431591,0.0573876428109864,0,0.0644609687538252,0,0
X67,0,0,0.0336419052115034,0.04867324919973,0.062836879178192,0,0,0.0378771394573098,0.6495303811381,0,0.0735470830674825,0,0,0.0938933627476823,0,0,0,0,0,0,0,0,0
X68,0.467032094045597,0.0134521717507866,0.013556977883622,0,0,0.0251853577001464,0,0,0.156268772503938,0,0,0,0,0,0.0468055092536577,0,0.0920649980798537,0.185634118782399,0,0,0,0,0
X69,0,0,0,0.0154300308781576,0.394926524401357,0.469863021406266,5.0347902208554e-19,0.0586049839939251,0.00106403676884803,0,0,0,0.0244617280426941,0.0282076991503593,0.00719440486067288,0,0,0.00024757049771956,0,0,0,0,0
X70,0.0587553730896381,0.0913809858327265,0,0.0366273010136524,0.238869878610797,0.498380963229588,0.0381956676774286,0,0,0.0317859680744989,0,0,0.00600386247167103,0,0,0,0,0,0,0,0,0,0
X71,0,0,0.0197248398149637,0,0.024261057541859,0,0.451604370352493,0.304444567045948,0.00852106521225526,0,0,0,0,0,0,0,-3.93557250906297e-18,0,0,0,0,0.191444100032481,0
X72,0,0,0.0306312309701293,0,0,-1.57828008186972e-20,0,0,0.0925546072784593,0,0,0,0,0,-8.84382310356142e-21,0,0,0,0.876814161751411,0,0,0,0
X73,0.0618417079435866,0,0,0,1.34250975490783e-06,0.000452756831693136,0,0.000343431052242823,0.0809651759577524,0.103520608754495,0,0.000363352371558587,0,0.367002157272197,0.0100815466677341,0,0,0.375427920638986,0,0,0,0,0
X74,0.0648790947366594,0.0552296413298622,0,0,0,0.0506637352815966,0,0.577434785573859,0,0.0343241525984074,0,0.128319643279332,0.0846106813969605,0,0,0,0,0,0,0,0.00453826580332348,0,0
X75,0,0,0.0252446468028814,0,0,0,0,0.166229103182637,0.230575569497835,0,0,0,0,0,0.577950680516647,0,0,0,0,0,0,0,0
X76,0,0,0.148164770163911,0,0,0,1.99687979930822e-31,0.211297155048247,0.546119662986077,0,0,0,0,-1.00547671371811e-39,0,0.0944184118017646,0,0,0,0,0,0,0
X77,0,0.0327085308472386,0,0,0.246420584320919,0,-2.02646830862535e-20,0,0.0403210593132726,0.325124229749809,0,0,0,0,0.278292895215547,0.0771327005532129,0,0,0,0,0,0,0
X78,0.196390238793369,0,0.0100252578294387,0.0529821628370876,0.119033434317048,0,0.151119652954174,0.291512632209773,0.00105457139397504,0,0,0,0,0,0,0,0,0.00140435221735325,0,0,0,0.176477697447781,0
X79,0,0,0.0260513121673948,0,0.043223907171151,0,0,0.158337108493585,0,0,0.00451779098610928,0.309718927736777,0,0.458150953444983,0,0,0,0,0,0,0,0,0
X80,0,0,0.0382771573717466,0.319454123163651,0.0969741225982021,0,0,0,0,0.385525302224331,0.0782918842319615,0,0,0,0,0.0605084504013857,0,0,0.00784468633949719,0,0.0131242736692247,0,0
X81,0.167237979640669,3.74810369365204e-05,0.0847522632252525,0,0,0,0,0,0.13678561583093,0.483843116909283,0.0470982959420981,0,0,-5.11167420221064e-20,0,0,0.0802452474148312,0,0,0,0,0,0
X82,0,0,0.0554362271714187,0.0618849924044267,0,0,0,0.0876132686198699,0.748943666237951,0,0,0,0,0,0,0,0,0,0.0211170958310375,0,0.0250047497352962,0,0
X83,0,0,0,0.00767334441474483,0,0.0800514789109922,0.0687992283050915,0,0.0692485438921354,0.000452728375148939,0,0,0,0,0.758519656236402,0,0.00118615579422868,0.0140688640712559,0,0,0,0,0
X84,0.659165671500442,0,0.0122264641710255,0.0432028100490754,0,0,0.063642628038722,0,0.0708600672202754,0,0,0,0,0,0,0,-1.4923208136244e-19,0,0,0,0,0.15090235902046,0
X85,0,0,0.0681218263498181,0.014297728852278,0.0760199693232674,0,0.633340816685242,0,0.0187499818841169,0.0718248626679022,0.033936404687575,0,0,0,0.0837084095498003,0,0,0,0,0,0,0,0
X86,0.255910198880077,0.0117271545891395,0.0323354481953223,0.0264560323000489,0,0,0.00200479467571555,0,0.331027560328236,0,0,0,0,0,0,0,0,0,0.027738767962483,0,0.312800043068978,0,0
X87,0.049347975848257,0,0,0,0,4.06052198663249e-19,2.26528174970301e-05,0,0.46746463853689,0.0300751660430957,0,0,1.43911556640657e-06,0.339555334627409,0.00949782264837063,0.104034970362914,0,0,0,0,0,-6.8202928969057e-19,0
X88,0,0,0.0219239131436628,0,0.325020474184743,0.189295957720263,0,0,0.156461458002131,0,0.128811568106991,0.0396171764479933,0.0671518579867663,0,0,0,4.87549206173469e-20,0,0.0717175944074507,0,0,0,0
X89,0.0204053029661599,0,0,0,0.0784858218296931,0,0.0625582934217746,0,0.120793131721784,0,0,0.010862689120194,0,2.9547279852123e-22,0.265702991197971,0,0.0125347405745323,0,0,0,0.428657029167891,0,0
X90,0,0,0,0.0171453144756371,0.112473807578953,0.0673519105425408,0.083648995573143,0.027236376986908,0,0.377513452448414,0,0,0.00291532812215869,0.120519640125004,0.149727934813684,0,0,0,0.0414672393335569,0,0,0,0
X91,0,0,0.0174387879820324,0,0,0,0,0,0.763801801233888,0.21875941078408,0,0,0,0,0,0,0,0,0,0,0,0,0
X92,0,0,0.0501907985232323,0,0.000105934387211436,0,0,0.566366232230095,0.335817206313487,0.0435779594405451,0,0,0,0.00394186910542875,0,0,0,0,0,0,0,0,0
X93,0.0438971037997285,0,0,0.205148289421954,5.6364225748547e-05,0,0.00693259835735786,0.359644540808198,0,0,0,0,0,0.328070778145351,0,0,0,0,0.0402648653174402,0,0.0145611326181566,0.0014243273060655,0
X94,0.144920542342073,0,0.0149565192030561,0.0768898281931171,0,0,0,0.0868115414474274,0.00538688616108324,0,0,0,0,0,0.222615675142783,0,0,0.44841900751046,0,0,0,0,0
X95,0,0,0,0,1.54238252156732e-18,0,0,0.693218298716902,0,0.237923451277386,0,0.00685179954707555,0,0,0.024586508788927,0,0,0,0.0013397157637786,0,0.0360802259059308,0,0
X96,0.0588094429625686,0,0,-7.63851366835206e-19,0.039604495023849,0,0.552547943266319,0,0.00408472118168753,0,1.08934016683303e-18,0,0,0,0.247684811336742,0,0,0,0,0,0.097268586228834,0,0
X97,0,0,0,0,0,0.0532636645631826,0,0.062512186825977,0,9.51418971033298e-19,0.309961353639446,0,0,0.340088689076133,0.234174105895262,0,0,0,0,0,0,0,0
X98,0.691347344204754,0,0.0272155854347191,0,0,0.0337126164509351,0,0.0719200129317161,0,0,0,0.0783281863940333,0.000770998430991271,0,0,0.0967052561528509,0,0,0,0,0,0,0
X99,0,0,0.0694972496644464,0,0,0,0,0.0970692786990525,0,0.277571695882556,0,0,5.78325667641357e-20,0.0190874815731804,0.352182434719164,0,6.76744233483344e-19,0,0,0,0.184591859461601,0,0
X100,0,0,0.0405240570758681,0,0,0,0,0.0174652148283849,0.591658396861925,0,0,0.0295230946480636,0,0.000482208324135528,0.320347028261622,0,0,0,0,0,0,0,0
X101,0,0.078009748791989,0,0.0444024906383725,0,0.132833595941138,0,0,0,6.03572057791089e-05,0,0,0.0239115929578573,0.111788906305382,0,0,0.240259132638758,0,0,0,0.368734175520725,0,0
X102,0.0129247941171289,0,0.0215182366326371,0.040959179761575,0.0952455876944038,0,0,0,0,0.160947577621448,0,0.494704430073162,0,0.0990358798305299,0.0591688375118566,0,4.19454143164303e-22,0.015495476757259,0,0,0,0,0
X103,0,0.0302713061431778,0,0.057774476536639,0,0.160326015863217,0.0137002817747708,0.0868345925121794,0,0,0,0,0,0.625997596294475,0.0250957308755412,0,0,0,0,0,0,0,0
X104,0,0.123679180183123,0,0.036000437557056,0,0,0.0222273142371933,0.0324728307870613,0,0,0,0.0104035329756228,0,0.568185575094155,0.0206398988846107,0.170432823225117,0,0,0.0159584070560615,0,0,0,0
X105,0,0,0.0488986533674788,0.474141415992048,0.00369288138887075,0,0.119339791462404,0,0.232006298776111,0,0,0,0,0,0,0.121920959013087,0,0,0,0,0,0,0
X106,0,0.148711840780076,0.0231876980854378,0,0.0269158653071115,0,0.544151633484601,0,0,0,0.044016990343471,0,0,0.0582748451841795,0.0233031517751895,0,0,0,0.131437975039933,0,0,0,0
X107,0.107430582066291,0,0.0185240356526844,0,0.500650818029568,0.0350691910583743,0,0,0,0,0,0,0,0,0,0,3.01893625445509e-19,0,0,0,0.338325373193082,0,0
X108,0,0.0156986890334016,0,0,0.176321254516853,0.0576530379254445,0.00979038182745965,-2.76471258803051e-19,0.0591770995235211,0,0,0,0,0,0,0,0.68135953717332,0,0,0,0,0,0
X109,0,0,0,0.100343978461893,0.00261152741557555,0,0,0,0.0911331310204854,0,0,6.54620779522315e-19,0,0,0,0.0939601837746172,0,0,0,0,0.711951179327429,0,0
X110,0,0.0759418511598444,0,0.0719102084743612,0.105838254065441,0.342110721439621,0.0689633222011242,0.26013176932177,0,0,0,0,0,0,0,0.0751038733378384,0,0,0,0,0,0,0
X111,0.0415298196405703,0.0332808198112504,0,0.0366870067951927,0,0.0787293067564434,0,0.539560769975099,0,0,0,0,0,0,0.0718037633029778,0.198408513718466,0,0,0,0,0,0,0
X112,0.0344680849437161,0,0,0,0,0,0,0.136000165402714,0,0.642693571393921,0,0,0.104461199874631,0,0.082376978385018,0,0,0,0,0,0,0,0
X113,0,0,0,0.202680211765039,0.141317140677181,0,-2.20532521679023e-19,0.0588156920700947,0,0.467146139208292,0,0,0,0,0,0,-5.340917637262e-20,0,0.130040816279393,0,0,0,0
X114,0.153157943641356,0,0,-3.78845462350363e-21,0,0.0345548311754978,0,0.039160793140706,0.0938279952263755,0,0,0,0,0.45854581318616,0,0,0,0.220752623629904,0,0,0,0,0
X115,0.0859797989701357,0,0,0,0,0,0.0681736572142697,0,0,0.194294293272761,0,0,0,-5.75064384558141e-23,-1.83649287686064e-19,0.651552250542834,0,0,0,0,0,0,0
X116,0,0,0.0421390051758489,0.0668732730934556,0.109176356307057,0,0.113094795207867,0,0,0.403419015573218,0,0,0,0,0,0,0,0,0.0704932975111525,0,0.194804257131401,0,0
X117,0.38659643977518,0,0,0.514200439100272,0.0482222724168964,0,0,0,0.0235061884129475,0,-1.80284612360375e-20,0,0,0,0,0,-4.02306066904583e-19,0,0,0,-1.46379995133871e-18,0.0274746602947041,0
X118,0.0463815572344831,0,0,9.49748519732325e-19,0,0,0.0152163638218595,0,0.225153867196538,0,0,0.712912571497689,0.000335640249430436,0,0,0,0,0,0,0,0,0,0
X119,0,0.0572504641082075,0.0810192332750488,0.142097628050612,0.0657093182931434,0,0.0340074096076298,0,0.213269661275616,0,0,0,0,0,0,0,0,0,0.107744707401224,0,0.298901577988519,0,0
X120,0.129463923479559,0.128077092451239,0.224897001018847,0,0,0,0.288662153257152,0.114959227332495,0,0,0,0,0,0,0,0,0,0,0.113940602460708,0,0,0,0
X121,0,0.202626103233552,0.190673743131627,0.0159239225781339,0,0,0.355888268068196,0,0.0523806647254615,0,0,0,0,0.0118723785711929,0.0229227227616232,0,0,0,0.147712196930213,0,3.68021362325096e-20,0,0
X122,0,0,0.12061742073936,0,2.77690729832754e-30,0,0,0.2424598289816,0.581440481825797,0,0,0,0,0.0554822684532425,0,0,0,0,0,0,0,0,0
X123,0,0,0,0.0599777613957955,0,0,0,0,0,0,0,0.0942111348644566,0.000170628885612672,0.405288740693504,0,0,0.0299309940025868,0.111594188858685,0,0,0.298826551299359,0,0
X124,0,0,0.0236731342867246,0.035191047868608,0,0,0,0.0401787931277337,0.232162897480744,0,0,0,0.0643339801866365,0.157044403371504,0.0264744929720583,0.390248455290833,0,0,0.0306927954151574,0,0,0,0
X125,0,0,0,0.17084998852821,0.357594122749651,0.378950528848708,0.0335698307789544,0,7.83136242928877e-05,0,0,0,0,0,0,0,0,0,0,0,0.058957215470184,0,0
X126,0,0,0,0,0,0,0.77102305310274,2.08042612978935e-21,2.48968459703329e-07,0.0955125353878738,0.0898947968591733,0,0,0,0,0,0,0,0.0435693656817532,0,0,0,0
X127,0.003365239544129,0,0,0.0290361096713314,1.22323826490314e-19,0.269151633627736,0.263114674589076,0.0427177164464487,0.0225890089931871,0,0,0,0,0.337204112119636,0.0328215050084564,0,0,0,0,0,0,0,0
X128,0,0.0946590344178051,0,0,0.534003254730992,0.0669798816351306,0.0471546184623841,0,0.00294889607302309,0,0,0,0,0,0,0.254254314680665,0,0,0,0,0,0,0
X129,0,0,0,0.0356495831370553,0,0,0.035366535818149,0,0,0,0,0,0.0543687435417333,0,0,0.00279893156161808,0.871816205941444,0,0,0,0,0,0
X130,0.0358610983856517,0,0,0,0.348244586540802,0,0.0446769870510095,0,0.00162936612374673,0.467218355397267,0,0,0.0860389297601969,0,0.0163306767413261,0,0,0,0,0,0,0,0
X131,0.168276567234854,0.0146631305018022,0,0,0.0252414709941942,0.485626049362613,0.023802637536638,0.0550181260600831,-1.87256639681613e-19,0,0,0,0.0670305006717619,0.0641240917470623,0.0721927640256248,0,0.0240246618653666,0,0,0,0,0,0
X132,0,6.23111440284761e-20,0,0,0,0,0,0,0,0.424985271989215,0,0.00618160778131665,0,5.01347610302445e-20,0,0,0,0.560247044447235,0,0,0.00858607578223329,0,0
X133,0,0,0,0,0,0,0,0.262621518039125,0.3901117906635,0,0.347266691297375,3.87715388168193e-19,0,1.82920261288135e-33,1.20035969280128e-32,0,0,0,0,0,0,0,0
X134,0,0,0.0314580052007035,0.0969181805604934,0.102698095015205,0,0.070714412641512,0.404107125406143,0.150977968710142,0,0,0.0354092527834277,0,0,0,0,0,0,0.107716959682373,0,0,0,0
X135,0,0,0,0,0,0,0,0.201338110120984,0.0394124555488696,0,0,0,0,0.0752190668561278,0,0.624284674544505,0,0,0.0597456929295132,0,0,0,0
X136,0,0,0,0,0.000269883306485859,0,0,0.0725035132844878,8.15032859790188e-19,0,0,0.239869550607713,0.571545218319559,0,0,3.05695207331212e-19,3.44576751421647e-18,0.115811834481754,0,0,0,0,0
X137,0,0.0100493985498521,0,0.0205585626280807,0,0.333982554666598,0.0227032957790064,0,8.3502987247753e-19,0,0,0.0377406593842968,0,0.0666908580027584,0,0,0,0.000423547508298524,0.506214156961135,0,0.00163696651997439,0,0
X138,0.107697989895329,0,0,0,0.247448181728032,0,0,0,0,0,0,0.0554580222093281,0,0,0.58939580616731,0,0,0,0,0,0,1.52126577171011e-19,0
X139,9.268606453038e-05,0.116023272398458,0,0.0414832671561764,0,0,0,0,0.0527372384782673,0.0384015248174291,0,0,0,0,0,0,0,0.0343836939325008,0,0,0.716878317152638,0,0
X140,0,0,0.0389313027537767,0.0622993512499501,0.187128647480563,0,0,0,0.418142345283503,0,0,0,0,0.0213593989069063,0.0263913149953975,0,0,0,0,0,0.245747639329903,0,0
X141,0.026478603186244,0.0280238891609106,0.202008319745671,0.26649965617365,0.0745108477779539,0,0,0,0.231286736224082,0.0133864151357831,0.0278913361983383,0.0558675070383018,0,0.0740466893590653,0,0,0,0,0,0,0,0,0
X142,0.315579221673803,0,0.239358010112676,0.0206446295079415,0,0,0,0,0.0466640131917746,0,0,0.0671176503727377,0,0,0.066082399345064,0.162440603488706,0,0,0.0821134723072971,0,0,0,0
X143,0,0.0524680062391713,0,0.0329666396155084,2.35578681373764e-19,0,0,0.00103675265308057,0.0191939693956133,0.0122767256127635,0.0727757290136462,0.149577510022297,0,0.0911273322652098,0,0,0,0,0.441402303614717,0,0.127175031567993,0,0
X144,0,0.0496115014259355,0,0.153407957896227,0,0,0,0,0,0,0,0,0,0.703615532525414,0,0,0,0,0.0933650081524237,0,0,0,0
X145,0,0,0,0.22544010310267,0.0157428436325654,0.131369911778829,0,0.171609186360339,0,0,0,0,3.83352558278943e-18,0,0.366908144898425,0,0,0,0.0889298102271715,0,0,0,0
X146,0,0,0.104834621473111,0,3.08856187049344e-31,0,0,0.287548592512111,0.201577192749436,0,0,0.198629278832622,0,0.120662569224746,0.0867477452079734,0,0,0,0,0,0,0,0
X147,0,0.0153783907776043,0.00179333799076658,0,0,0.0160045921489932,0,0.343731551138096,0,0.259227970478149,0.17555448678989,0.0494835237687391,0.0132859900454271,0,0,0,0,0.0684011042745404,0.0571390525877948,0,0,0,0
X148,0,0,0.0530416463336481,0.0268015888476475,0,0,0.0435158466809885,0,0.063167028024216,0,0.0788414788414959,0,0,0,0.0547833143317104,0.6788883245479,0,0,0.000960772392393198,0,0,0,0
X149,0,0.0591483982955468,0.030579985389759,0.0535789099462067,0,0,0,0.0910462891435719,0.228478918555715,0,0,0,0.0649174536813454,-1.9481593939768e-18,0.472250044987855,0,0,0,0,0,0,0,0
X150,0,0,0.010345574195986,0.034402810235413,0.3359750843009,0.000982718919285123,0.0494664457384773,0.000170514848516706,0,0,0.190093337370875,0,0,0,0,0,0,0,0.378563514390547,0,0,0,0
X151,0.0984334628789047,0,0,0,0,1.57205283543988e-18,0.0411410680903419,0.224524177376418,0.00848922692225118,0,0,0,0.103418429218481,-1.14876513394727e-18,0.20979742954438,0,0,0,0,0,0.314196205969223,0,0
X152,0.000101721847839305,0.11838061941524,0,0,0,0,0.584821449227293,0.143522240630824,0,0.0151635645212091,0,0,0,0.0656846315914571,0.0365175314723716,0.0358082412937663,0,0,0,0,0,0,0
X153,0,0.030768177258979,0,0,0.369110894623822,0.00214101320267828,3.41937249792876e-18,0.066082824544785,0.260212708338675,0.13692019480955,0,0,0,0,0.0690741453523688,0.0656900418691426,7.60285519346091e-19,0,0,0,0,0,0
X154,0,0,0.0102307585201051,0,0.0192989578920287,0,0,0.597645746309048,0.0865693521284069,0,0.121091803339803,0.0626349841065037,0,0.102528397704104,0,0,0,0,0,0,0,0,0
X155,0.241566030679853,0,0.0275672239054036,0,0.137018643141842,0.0199241166026433,0,0.227316858050981,0.254081271034639,0,0,0,0,1.02214488874203e-05,0,0,1.09926424410013e-21,0,0,0,0.061124154583328,0.0313914805524228,0
X156,0.0273219948401926,0,0,0,0.0115161875888991,0,0,0.021471488903422,0.15732812265246,0,0,0,0,0.0273554540334141,0,0,0.755006751981612,0,0,0,0,0,0
X157,0,0.0461944321063631,0,0,0,0,0.0843981485102033,0.582482377752237,0.11313215332347,0,0,0,0.0617034370631133,0,0.00219312334946607,0,0.0840667400698556,0,0.0145197488619727,0,0.0113098389633183,0,0
X158,0,0,0,0,0,0,0,0,0,0,0,0,0,0,0,0,0,0,0,0,0,0,0
X159,0.261887012361118,0,0,0,6.33596393452922e-05,0.0142370247413411,0,0,0,1.49324818843043e-19,0,0.267821893941406,0,0.324815441439312,0,0,0.0299582923960969,0,0.01489436290855,0,0.0516430306760377,0.0346795818967931,0
X160,0,0,0.114216946599812,0.0105201897221334,0,0.0898113257811387,0,0,0.0936146749674315,0.000654676628337782,0,0.164107463329916,0.0431139671904938,0.265238282238529,0,0,0.0482026114011397,0.0617723910590719,0.108747471081996,0,0,0,0
X161,0,0,0.693158549711429,0.0834651030011678,0,0,0,0,0.00236997053116796,0.106797691360017,0,0.112232775433681,0,0,0,0,0,0,0.00197590996253783,0,0,0,0
X162,0,0.621659473877749,0.124262136301961,0,0.106469320216242,0,0,0,0,0,0,0,0,0,0,0,0.0610830718342854,0,0.0865259977697627,0,0,0,0
X163,0,0,0.037921650297427,0,0,0,0.00366541327224389,0,0.875136308661674,0,0,0,3.19352078471742e-19,0,1.92275625612685e-19,0,4.6947126409617e-24,0,0,0,0.0587587461246534,0.0245178816440018,0
X164,0,0.0960638102136427,0,0.747862694993999,0.0582999375633632,0,0,0,0.0302697727010421,0,0,0,0,0,0,0.0675037845279528,0,0,0,0,0,0,0
X165,0.0562916601206277,0,0.0134829009527341,0.515930711446376,0.0328804306699838,0.141953344736128,0,0,0,0,0,0.0398456754526801,0,0,0,0,-1.57490658130748e-20,0,0,0,0,0.19961527662147,0
X166,0,0,0,0.0945483329445979,0,0.0638946226674933,0.0741112537811844,0,0,0,0,0,0,0,0.767445790606724,0,0,0,0,0,0,0,0
X167,0.0218628844758002,0.27844896929415,0,0,0.13727036290434,0,0.071495982837475,0,0.0422056302520261,0,0.0382632633933763,0,0,0,0,0,0,0,0.0189985740982642,0,0.391454332744568,0,0
X168,0.140804868479115,0.206885042438863,0.0407503827533968,0.0270312326326117,0,0.0551754510853906,0,0.131047530363036,0.376122378494908,0,0,0,0,0,0,0,0,0,0.0221831137526788,0,0,0,0
X169,0,0,0.0241417896392256,0,0.0386417887485617,0.046194106721379,0,0.609508482749613,0.0913816161955816,0,0,0,0.0893318412431195,0,0.100800374702519,0,0,0,0,0,0,0,0
X170,0.0351410919664026,0.0262760613533271,0,0,0.12359929140303,0,0,0.222325254040328,0,0,0,0.00799430123896002,0.0264126150269771,0,0,0,0.385364900035168,0.172886484935807,0,0,0,0,0
X171,0.314576954471922,0,0.0597445454051419,0,0.0687210770715506,0,0,0.155988379106988,0,0,0.0181660771819888,0.038618469926093,0,0,0,0,-3.0296031338673e-21,0,0.0695921256598374,0,0,0.274592371176478,0
X172,0,0,0.0195985929917223,0,0.0332420998825243,0.0419396771820214,0.136566273612352,0.468392261494855,0.25264672831095,0,0,0,0,0,0.0476143665255746,0,0,0,0,0,0,0,0
X173,0,0.0104066693080561,0,0,0,0,0,0.182054943210846,0,0,0,0.00481892262548839,0,0,0,0.0611513516148303,0.237520397349537,0,-1.01041153947305e-19,0,0.504047715891242,0,0
X174,0,0,0.0137972706036098,0.0191767802674668,0.0377520924907911,0,0,0.208031701149035,0.204305536922744,0,0,0.350481958122143,0.0834016085896929,0.0830530518545186,0,0,0,0,0,0,0,-2.18447023883408e-20,0
X175,0.0361816692741414,0,0,0.0268432500919961,0.0414399989184717,0.0304188784323744,0,0.476066628874271,0,0.340282960359028,0,0,9.6791646105413e-18,0,0.0487666140497175,0,0,0,0,0,0,0,0
X176,0,0,0,0,0.435665018680805,0.00448145231666348,0,0.0884938257289782,0.0382597979948006,0,0.433099905278753,0,0,0,0,0,0,0,0,0,0,0,0
X177,0,0,0,0.0447875131762787,0.165925082399388,0,0.177031693911662,0,-1.07749765573708e-19,0.0308277012448515,0,0,0,0,0,0,0,0,0,0,0.58142800926782,0,0
X178,0.00150938296498339,0,0,0.00837805137703475,0,0,0,0,0,0,1.61699935066765e-22,0,0,0,0,0,0,0,0,0,0,0.990112565657982,0
X179,0.936942634493719,0,0,1.13382333527007e-19,1.38731319007466e-21,0,0,0,0,0,0,0,0,0,0,0,0.063057365506281,0,0,0,0,0,0
X180,0,0.00108312609572767,0.0636695995288896,0,0,0,0,0.0315768247846383,0.0807538291126844,0,0,0,0,0,0,0.0237649675766151,0.441434532664804,0,0,0,0,0.357717120236641,0
X181,0,0,0.190464605175292,0,0,0,0,0,0.0125088636738579,0,0,0,-4.28420126726197e-33,0,0,0,1.30692458629418e-16,0.79702653115085,0,0,0,0,0
X182,0,0,0.0979755536856279,0,0.0153222665066241,0,0,0.102719191745752,0.783982988061996,0,0,0,0,0,0,0,0,0,0,0,0,0,0
X183,0,0,0,0.103128039909644,0,0,0,0,0.0671775601422756,0,0,0.0518009228836417,0.0559980412907492,0,9.38409859522028e-22,0.00720023097672396,0,0,0.714695204796966,0,0,0,0
X184,0,0,0.131289161290468,0,0,0,0.0326045845566455,0.0295705347059373,0.639409138997269,0,0,0,0.0888888481054601,0,0,0.0782377323442196,0,0,0,0,0,0,0
X185,0,0,0,0.0136252146246844,0,0.0997900248707398,0,0,0,0,0,0,0.110137884322815,0.483885977546194,0.0998682429640483,9.32446618446222e-06,0,0,0.11078879746715,0,0.0818945337381843,0,0
X186,0.0558001767966201,0,0,0,0,0,0.147901632310308,0,1.21898984378514e-19,0.0146822161449189,0,0,0,0.0256658852927861,0.0986965412064093,5.49970314888659e-19,0.473926321743614,0,0,0,0.183327226505344,0,0
X187,0.0376134392120251,0.0363072372631653,0,0.167327834231802,0.0953986470277993,0.00246837768042486,0.587656562715342,0,0,0.00369783050128468,0,0,0,0,0,0.00712283167620089,0,0,0,0,0.0624072396919551,0,0
X188,0.297350322093314,0,0.0350816871349058,0,0,0.0868131509318361,0,0,0.526190516957554,0,0,0,4.4113433844206e-06,0,0,0,0,0,0.0394353458767034,0,0,0.0151245656623024,0
X189,0,0,0.109451659293236,0,0,0.208229272667774,0,0.0715264110558047,0,0,0,0,0,0,0,0,5.49546738142019e-17,0.25573667087569,0.355055986107496,0,0,0,0
X190,0,0.0660180431158084,0,0.0474861100079089,0.431350230364283,0,0,0.0574211078927693,0.0990622887941809,0,0,0.024968442416614,0,0.273693777408435,0,0,0,0,0,0,0,0,0
X191,0,0,0.0606277661409074,0,0,0,0,0.403572379576864,0.194127399246274,0,0.0771505277808022,3.13573174743725e-31,0,-3.79192351942732e-32,0.264521927255152,0,0,0,0,0,0,0,0
X192,0.0488913552327027,0,0,0.00690305300806322,0.000908696091636132,0.491834258456136,0,0,0,0.181440604062916,0.235455990990786,0,0,0,0,0.0345456883229128,2.03538348471984e-05,0,0,0,0,0,0
X193,0,0,0.187016371428482,0.061998331393242,0,0,0,0.713844908382368,0.0239770949776356,0,0,0,0,0,-1.48466095808457e-19,0,5.59720751571152e-16,0,0.0131632938182719,0,0,0,0
X194,0.0475240083557373,0,0,0.028482726764759,0,4.40730958667525e-21,0,0.271062880047171,0,0,0.0676067894566561,0,0.00989512023151333,0.272257599112744,0.279944202090668,0,0.0232266739407514,0,0,0,0,0,0
X195,0,0,0,0,0.375924409677144,0,0,5.74476963477297e-06,0.373863904036421,0.250205941516801,0,0,0,0,0,0,0,0,0,0,0,0,0
X196,0,0,0,0.0403438349093537,0,0,0.0883816095320709,0.590535412071444,0.228280679870831,0,0,0,0.0524584636162998,0,0,0,0,0,0,0,0,0,0
X197,0,0.0525239506746409,0.0363618450564048,0.0282526123862762,0.0878602711841155,0,0,0,0,0,0,8.59751401679572e-21,0,0,0,0,0,0,0.0780969214640553,0,0.0354490819293598,0.681455317305148,0
X198,0.186169283812501,0,0,0.0707810312867962,0,0,0,0.0176308117327411,0,0,0,0.107303685378544,0,0,0.618115187789418,0,0,0,0,0,0,0,0
X199,0,5.42623911180786e-05,0,0,0,0,0,0,-8.38255578166679e-21,0,0,0.0244696680673889,0,0,2.29058537754082e-20,0.850816954016034,0.0185078646167229,0.0542159571762407,0,0,0.0519352937324953,0,0
X200,0.0389541309915194,0.0150702915599199,0.0826965360336629,0.0203643679424032,0.0588185991661972,0,0,0,0.0752831548706919,0.579947059058625,-4.44082806747044e-17,0,0.0721160858423141,0,0,0,0.0567497745346667,0,0,0,0,0,0
X201,0,0,0.0380717606051731,0,0,0,0,0,0.124179948848698,0.000136473225850727,0,0.0614857293346082,0,0.0992672067532527,0.000808162734675857,0,0,0.0328527304718564,0.10596044225335,0,0.537237545772534,0,0
X202,0.0615127979529327,0,0,0.172373162380793,0,0.00387516562585087,0,0.00495973410030946,0,0.0606418931425662,0,0,0,0,0,0,0,0,0.696637246797548,0,0,0,0
X203,0.0585037964295177,0.360438790413192,0,0,0,0,0,0.0796834252389358,0,0,0,0,0,0.107780391798645,0.380608046871661,0.0129855492480483,0,0,0,0,0,0,0
X204,0.456524975288834,0.03287678373204,0.0428223139173262,0.180276521050663,0,0.0639507205463076,0,0.0690442484552352,0.0593469938236469,0,0,0,0,0,0,0,0,0,0.095157443185948,0,0,0,0
X205,0.192290578105741,0,0,0.00122155757194453,0.0632723308310025,0,0.0555252141735881,0,0,0,0,0,0,0.0875480884306394,0,0,0.440892595082155,0.15924963580493,0,0,0,0,0
X206,0,0,0,0,0,0,0.263755632098681,0,0.0323585342011993,0,0,0,0.188285599844321,0.00617711936219874,0.439231525656947,0.070191588836653,0,0,0,0,0,0,0
X207,0,0.165245445668738,0,0,0.0132127148831976,0.00146479231360778,0.195881494508905,0.0331337974872334,0,0,0,0.0882928699941969,0,0.502768885144121,0,0,0,0,0,0,0,0,0
X208,0,0,0,0,3.60264461332122e-19,0.292993663763699,0.00309546260165771,0.394420807069018,0,-1.02676925913251e-18,0,0.217428485820866,0,0,0,0,0,0,0,0,0.0920615807447589,0,0
X209,0,0,0,0,0,0,0,0,4.47265271922047e-21,0,0,0.0519851418158398,0,0,1.20359221931225e-23,0,0,0.94801485818416,0,0,0,0,0
X210,0.0101766555239035,0.121475836527379,0,0.0258147531108747,0,0,0.0573576503775256,0.0779083976817136,0,0,0,0.0564326691583021,0,0.422310877464419,0,0.171185924756748,0,0,0.0573346509692544,0,2.58442987996251e-06,0,0
X211,0.282544858494466,0,0,0,0.416233425707682,0.0688156216490636,7.49219125016641e-05,0.00828508166544248,0.0166323072103375,0,0,0.0832393162224663,0.0567998590945495,0,0,0,0,0.0660472726091047,0.00132733543438569,0,0,0,0
X212,0,0,0.0370181154836175,0,0,0,0,0.410548737839132,0.552433146677251,0,0,0,0,0,0,0,0,0,0,0,0,0,0
X213,0,0,0,0,0.0330213071327152,0,0.0338290659680092,0.00765663282436723,-1.89527718625812e-19,0,0,0.0300159231226528,0.0551901824278928,0.305668611923639,0,0,0,0,0.534618276600723,0,0,0,0
X214,0.193368385980148,0.0388096941034621,0,0,5.04537857871453e-19,0,0,0.649496431016902,0.0426450344702153,0,0,0,0,0,0,0,0.0756804544292725,0,0,0,0,0,0
X215,0,0.016935456464801,0.0189388950037045,0.026919536491767,0,7.93539061080085e-05,0,0.286136626531454,0.138096249783578,0,0,0,0.0937709992148188,0,0.0338626710313958,0,0,0,0.385260211572373,0,0,0,0
X216,0.0484690523627511,0.0342389700187185,0,0,0,0.000832376772151581,0,0.228331821841101,0.102771258760866,0.00244977589258402,0.582906744351828,0,0,0,0,0,0,0,0,0,0,0,0
X217,0,0.0489769839291515,0,0,0,7.9137818446656e-05,0,0,0,0,0,0,0,-2.64106560779643e-19,0.188737379597019,0.00165317601594611,-5.7179097858215e-18,0,0.739358426671308,0,0,0.0211948959681283,0
X218,0.0982623595686284,0,0,0,0.000218498394840738,0,0,0.0817651308918779,0,0,0.588151638300668,0.230364641150898,0,0,0.00123773169308614,0,0,0,0,0,0,0,0
X219,0,0.986188970923573,0,0,0.0138110290764274,0,0,0,0,0,0,0,0,-3.18513530543072e-19,0,0,0,0,0,0,0,0,0
X220,0,0,0.0640073913544933,0,0,0,0,0.639260152438796,0.296732456206711,0,0,0,0,0,0,0,0,0,0,0,0,0,0
X221,0.0714088894289253,0,0.0840763927298511,0.0700186510445108,0.347890277365874,0,0,0,0.219197264185472,0,0,0.024292734732433,0,0,0.0507607347377669,0,0,0.0051551558350216,0.127199899940145,0,0,0,0
X222,0,0,0.0242264604443872,0.0415703458197128,0,0.0910214012087358,0,0,0,0,0.429825208000168,0,0.185596158816005,0,0.118263657447568,0.109496768263424,0,0,-3.70204614562933e-20,0,0,0,0
X223,0,0,0,0.0289211649777597,0.0924716770478053,0,0,0.0994894053216498,0.0599021590264002,0,0.00157279220044025,0.385727203046125,0,0.307061230369189,0,-5.81747742527049e-20,0,0.0248543680106309,0,0,0,0,0
X224,0,0.0232139328705657,0.0360417794784061,0.0590582867641229,0,0,0,0,0.450135965412606,0,0.217342751377461,0.00120963346332485,0.0148850651652955,0.067427072345697,0.0801282088910765,0,0,0,0,0,0.0505573042314446,0,0
X225,0.0668434487296847,0.0635874990672785,0,0.0755505013219976,0,0.217556599148593,0.421531443407336,0.147320401677687,0,0,0,0,0,0,0,0,0,0,0.00761010664742267,0,0,0,0
X226,0.34981397647891,0,0.0651548609630863,0.25957886557186,0,0,0,0.0810449114575255,0.212931108201311,0,0,0.0264760754208068,0,0,1.27080223517848e-19,0,-1.46838865369559e-19,0,0,0,0,0.00500020190650036,0
X227,0.0884689991175852,0,0,0.0451019737911597,0.126960458706989,0,0,0,2.22990570192565e-19,0,0.670896135109655,0,0.0685724332746112,0,0,0,0,0,0,0,0,0,0
X228,0,0.0267583498992147,0.0404881373269825,0.0418093117907092,0,0,0,4.96114964511664e-19,0.765547999767741,0.0352498526931419,0,0,0.0655017132387034,0,0,0.0246446352835072,0,0,0,0,0,0,0
X229,0.0973444017671819,0,0.0167515751749662,0,0,0.493497129778945,0.159368029899298,0,0.0422968494529434,0,0,0,0,0,0.0861189856509194,0.0112336393221645,2.63396722889012e-20,0,0,0,0.0933893889535821,0,0
X230,0,0.32404182904846,0,0,0.0524783626481632,0.215842603786912,0,0.0312195985692278,0,0,0.0280577702261549,0.000129336431796134,0,0,0.019386408122218,0.0230552434363846,0,2.77727394686678e-06,0,0,0.305786070456737,0,0
X231,0,0.0400053012381002,0.0501202519032365,0,0,0,0,0.0879737278830002,0.510786005688059,0,0,0,0.0254678974472013,0,0,0,0,0,0.285646815840403,0,0,0,0
X232,0,0.3181774542295,0,0.170146144286748,0,0,1.36892856953422e-19,0.211287386902184,1.35303694201776e-19,0,0,0,-7.7062916273245e-20,0,0,0,0,0,0.272884744544864,0,0.027504270036704,0,0
X233,0,0,0.0360515678608045,0.0108144770159005,0,0,0.0559394074878987,0.413009423583403,0.243829984262707,0,0,0,0,0.0771298980855726,0.0836537524222765,0.0795714892814365,0,0,0,0,0,0,0
X234,0.205933224139179,0,0,0.155665930474567,0,0.0443345446115588,0.000619342269737053,0.0770341332703974,0,0,0,0.135097126995595,0.373125114883045,0,0,0,-4.03907846050099e-20,0,0.0081905833559202,0,1.23858042358416e-19,0,0
X235,0.102767931557149,0.0248242700510682,0,0.0200221039703876,0.563646674831989,0.074044240452233,0.0402330134540136,0.127951180894684,0,0,0,0,0,0.0465105847884747,0,0,0,0,0,0,0,0,0
X236,0,-1.98377168083441e-19,0.0351823138583653,0.0455482773701993,0.565751698359024,0,0.0608086083405231,0.0566863308402738,0,0,0,0.111337261079954,0.0171190306470006,0,0,0,0,0.0810364697958746,0.0265300097087859,0,0,0,0
X237,0,0,0.0107952804151036,0.0305001742877485,0,0,0,0.0218222674658601,0,0,0.0146653368753389,0,0.167085857486691,0,0,0,0,0,0,0,0,0.755131083469258,0
X238,0,0,0,0,0,0.154508084115025,0,0,0,0,0,0.308446446711783,0.0308309466531964,0.506170165195435,0,0,0,0,0,0,4.43573245593348e-05,0,0
X239,0.212569763873053,0,0.150125245009372,0.000787395764439796,0,0.242003455220907,0,0,0.0980736119637257,0,0,0.101820398509901,0.0776888329737673,0.0310012715288457,0,0.049688102341722,0.0362419228142662,0,0,0,0,0,0
X240,0.0231431338297421,0,0.0371252150657157,0.0987959278093487,0,0.0428168036594367,0,0,0.522712959121675,0,0,0,6.33993675180835e-19,0,0.032724557806163,0,0.164833537460847,0.0778478652470716,0,0,0,0,0
X241,0.0411713456189255,0,0.294119087931131,0,0.27427236660588,0,0.181964873633233,0,0,0.0933988066768144,0,0,0.0749605753610413,0,0.0401129441729753,0,0,0,0,0,0,0,0
X242,0,0.000278804780142705,0,0.0290209348397303,0,0,0.012335110372987,0,0.31538144745061,0,0.0943295372853114,0.00736619526154673,0.134985944126159,0,0,0,9.32035051990322e-21,0,0.406302025883513,0,0,0,0
X243,0.656859096079703,0,0,0.068378197369342,0,3.02202558917339e-19,0,0,0.085451400806442,0,0,0,0,0,0,0,7.60749682011748e-21,0.0882821609385031,0.101029144806009,0,0,0,0
X244,0,0,0.0304321390396165,0.455547500340842,0.0537942110205243,0,0,0.222974935158308,0.0446271943211533,0,0,0,0.153257953572737,0,0.00339165498113035,0,0.0348356904371511,0.00113872112853775,0,0,0,0,0
X245,0.00620283156905179,0,0.0122143772565497,0.181348885459864,0,0,0.0467430237510237,0,0,0,0,0,0,0.506135148238731,0.0767720702477576,0,0,0,0.0575869898051433,0,0.0867051227351952,0.026291550936684,0
X246,0,0,0,0.0760745300148878,0.0605596997430171,0,0.130685083236812,0.0723906200910959,0,0,0,0.00165588191435618,0,0,0.0879970292012756,0.570637155798555,0,0,-2.6319105043889e-21,0,0,0,0
X247,0.0564187479446922,0,0.0755324263870063,0,0.324647957495475,0,0,0.231919525439471,0.0800782471013796,0,0,0.012903497949758,0,0,0.0887120253534507,0,0,0,0,0,0.129787572328767,0,0
X248,0,0,0.00713183159104494,0,0,0,0,0.29911191621318,0,0,0,0,0,0.547393021665532,0.146363230530243,0,0,0,0,0,0,0,0
X249,0.0945362610422382,0,0,0,0.0131943711292733,0,0,0.527646305745589,0.00495672922095475,0,0,0,0,0.320180360519503,0,0,0,3.74383305890656e-19,0.0391694302840084,0,0.00031654205843304,0,0
X250,0,0,0,0,0.0936435136597144,0,0,0,0.00707572487647926,0,0,0.498659201317863,0,0,0.0772265842479705,-2.25106673026221e-19,0,0,0,0,0.323394975897973,0,0
X251,0.0295759865240081,0,0.0220401703396285,0,0.0181081667548238,0,0,0.383248140876937,0.0655050219480879,0,0,0.327805606117701,0,0,0.104437382962392,0,0,0,0,0,0,0.0492795244764218,0
X252,0,0,0.0672625635998847,0,0,0,0,0.443176064194875,0.452443613881794,-1.31171621245072e-17,0,0,0,0.0371177583234459,0,0,0,0,0,0,0,0,0
X253,0,0.402185465280313,0.0172258093135444,0,0.350883354230476,0,0,0,0.0170292460230202,0,0,0,0,0.040040213743792,0.0520088551232103,0,0,0,0,0,0,0.120627056285644,0
X254,0,0,0,0,0.531114465156407,0,0,5.78193738614945e-06,0.468869611329234,0,0,1.01415769727966e-05,0,0,0,0,0,0,0,0,0,0,0
X255,0.00684859687051853,0.287008125749573,0,0,0,0.00063712368398082,0,0.00412948536265091,0.304508434258584,5.10041509089151e-20,0,0,0.0659794014002292,0,0.256522651733413,0,0.0359535419634466,0.0368631428315298,0.00154949614607399,0,0,0,0
X256,0.0636138706209714,0.0178144725455531,0,0,-4.34390089806836e-19,0,0,0,0,0,0,0,-3.20798604482817e-19,0,0.0732152104922049,0.616151443115529,0,0,0.0822721269187677,0,0.146932876306974,0,0
X257,0.624599393459127,0,0,0,0,0,0,0,0,0,0,0,0.375400606540873,0,0,0,0,0,0,0,0,2.98012413153361e-19,0
X258,0.0601624814191931,0,0,0,0.361830065075182,2.94568536366624e-18,0.050004752345955,0,0,0,0,0,0.00680129427377759,0,0,0.417885211526551,0,0,0.103316195359341,0,3.34325911723747e-19,0,0
X259,0,0,0.0386169796808903,0.0472814758652854,0,0,0,0,0.00125515408457002,0.414267234387198,0,0.0833564830671808,0.00735440676556341,0,0.153239916246476,0,0.000748979346249591,0,0,0,0,0.253879370556587,0
X260,0.0467554227358559,0.086228737944327,0.0723962838208557,0,0.480921827427512,-9.3722373469958e-19,0.0166882571830196,0,0,0,0,0.0395408248405788,0.076972968136433,0,0,0,0,0.133549567923738,3.74756132647732e-20,0,0.0469461099876797,0,0
X261,0.0399121536899103,0,0.0231638461524977,0,0.301192613871934,0.0244697179569814,0,0,0,0,0.130321549514625,0,0,0.0115674479340901,0.226488455147151,0,0,0,0,0,0.24288421573281,0,0
X262,0,0,0.0198616556853596,0.0605550339719103,0,0,0,0.487551521529175,0,0.163334150016338,0,0,0,0,0.00229852800282096,0,-1.39014180087695e-19,0,0.266399110794395,0,0,0,0
X263,0,0.0416924884387705,0.0777765863361666,0.0502495938879799,0,0,0,0,0.154748353709263,0,0,0,0,0.0574615039103134,0.00091551685563844,0.210618249187049,0,0,0.406537707674819,0,0,0,0
X264,0,0,0,0.336123151536963,0.134373680670739,0.120842996029632,0,0.0857630913912709,0,0,0,0,0,0,0,2.24888831961537e-18,0,0,0.322897080371395,0,0,0,0
X265,0,0.0655588592562716,0,0.225071157118994,0.0427727497829954,0.256515466421625,0.0513206596246108,0,0.0492061538687534,0,0,0.00049517472697259,0.264152843903244,0,0.0401079811071333,0,0,0,0.00479895418939953,0,0,0,0
X266,0.0856621626585728,0,0,0.0343084007361011,0.000338187559913766,0,0,0.165838943100542,0,0,0,0.228459130340021,0.150186039264731,0.0416108833495786,0.0344578976404165,0,0,0,0,0,0.259138355350123,0,0
X267,0,0,0.0281287953485706,0.26720787513685,0,0.339097365515746,0,0.0565852081038145,0.258336958118682,0,0,0.050643797776337,0,0,-1.35850642579647e-20,0,5.46808885229389e-17,0,0,0,0,0,0
X268,0,0.0189986687957502,0,0.0529452002395359,0.179761540285622,0,0,0.109428711862149,0,0,0,0.0714791732493805,0,0.22203106794159,0.0532029089395068,0.027406423849743,0,0,0,0,0.264746304836723,0,0
X269,0,0,0,0,0.00172252222304882,0.00883458918510076,0,0.0826813323229477,0.0252186677592355,0,0,7.25685587269789e-05,0,0,1.70047617960504e-19,0,-5.7688000558237e-19,0.00386247712520506,0.342209917097496,0,0.535397925728239,0,0
X270,0.0110883949716232,0,0,0.0341712852428286,0.0532273792399106,0,0,0,0,0,0,0.0183327350237567,0.102051162054182,0.0323371831355436,0.347304020466927,0,0,0,0,0,0.401487839865228,0,0
X271,0,0.0845779562885885,0,0,1.2505288787242e-05,0.559161142533923,0.0133620242312899,0.0121233752676679,0.0158980268628347,0,0,0,0,0.0229954374606789,0,0,0,0,0.0573144727569313,0,0.234555059309299,0,0
X272,0.0381627012107037,0,0.0268439289297071,0.0539271512982922,0,0,0,0,0.139853513589904,0,0,0,0,0.00239353431106402,0,0,-9.12289112712992e-19,0.121534224552855,0,0,0.105252742724703,0.512032203382772,0
X273,0.0696240600188238,0,0,0,0,0.058454888694057,0,-3.08576630244571e-19,0.0361230693994488,0,0,0,0,0,0.304591331398119,0,0.528996477749923,0,0.00221017273962779,0,0,0,0
X274,0.392270885881134,0.0522845611603172,0,0,0.0566021676210632,0,0.00580215301498081,0.142427086446281,0,0,0,0.350613145876224,0,0,0,0,0,0,0,0,0,0,0
X275,0,0,0,0,0.0769498771775789,0,0,0,0,0,0,0,0,0,0.0267224431418709,0,0,0,0,0,0,0.89632767968055,0
X276,0.0768873556658364,0.0677144936348561,0,0,0,0,0,0,0.0632249092807873,0,0,0,0.79217324141852,0,0,0,0,0,0,0,0,-1.28182273363639e-18,0
X277,0,0,0.0928668546215726,0,0,0.00801520880382202,0,0,0,0.343459466497038,0,0,0,0.251731505232176,0,0,7.09619488109464e-19,0.303926964845391,0,0,0,0,0
X278,0,0.0472547614891445,0.136213255604437,-4.0152456211624e-23,0,0.00989868778228108,0,0.135630686921183,0,0.558409414368797,0,0,0,0,0,0,0,0,0.0674816016313547,0,0.0451115922028032,0,0
X279,0.146653036501283,0,0.0266957884141535,0.0419257597438031,0.0185699479438814,0.0335748833358269,0,0,0,0.238289630902757,0.00685519754314778,0.0223136383309702,0,0,0.257185765657736,0,0,0,0.207936351626441,0,0,0,0
X280,0,0.294031121760449,0.0403788580913063,0,0.314887237305454,0,0.24492895306381,0.045333680639976,0,0.0022869247722205,0,0,0,0,0,0,0,0,0,0,0.0581532243667847,0,0
X281,0,0,0,0.0624617046619158,0,0.135846706898953,0.00778011083230512,0.0795645131089465,0,0,0,0,0,0.514242604683307,0.0216580294458002,5.38195166082453e-18,0,0,0.178446330368772,0,0,0,0
X282,0,0.0545119848335316,0,0,0.0262356631882841,0,0.00535307070489192,0,0.0519544786953702,0,0.681218264378202,0,0,0,0,0.180726538199721,0,0,0,0,0,0,0
X283,0.161485125791067,0.0829903743108775,0,0,0,0,0.142268055044917,0.00324335801041195,0,0,0,0.116895786409263,0,-2.06030755020929e-18,2.4646617957931e-18,0,0,0,0.480502165228836,0,0.0126151352046274,0,0
X284,0.179866382014004,0,0,1.5799385557476e-21,0,0,0.0870080014918707,0,0.0343297880664552,0,0,0.177168947027203,0.135252259767283,0,0.29116230007382,0,0,0.0934606045878174,0,0,3.23156684122825e-20,0.00175171697154624,0
X285,0.188480204441917,0,0,0.00103855007730292,0,0.112529655302348,0,0.0579580607570865,0,0,0.421905061004637,0.0429656494993277,0,0,0,0,0,0,0.175122818917381,0,0,0,0
X286,0.0454658371245343,0,0.0346695269781605,0,0.000131864547410292,0.288217356778996,0,0,0,0,0,0.0673009878264935,0,0.204861609633909,0,0,0.0293057205442053,0,0,0,0,0.330047096566291,0
X287,0,0,0,0,0.0109427054811581,0.0503509739179644,0,0.0339126099903238,0,0.264848013021132,0.0101465300358003,0,0,0,0.629727584276405,0,0,0,7.1583277216712e-05,0,0,0,0
X288,0.0312001631816196,0.0425438508073902,0,0,0.200247050464853,0.177784249606961,0.320972819670422,0.120805078069647,0,0,0,0,0.0285482798700256,0,0.0778985083290813,0,0,0,0,0,0,0,0
X289,0,0,0,0,0.142220745857067,0.0568713555614687,0,0.433172148468187,0.0769550151583895,0,0,0,0.090172737088553,0,0,0,-1.69820324404797e-20,0.200607997866335,0,0,0,0,0
X290,0,0.033925799682313,0,0,0.00622869143149533,0.0119177635208054,0,0.618992612035944,0,0,0,0.0951793020629555,0.121885551788748,0,2.15722309504341e-19,0.0408431283334638,0,0,0.0710271511442742,0,0,0,0
X291,0,0.00482164719235589,0.054486181471575,0.0649083048363903,0.0257922770525136,0.125097853827493,0.277231304508584,0.0202271892930884,0.209875114648571,0,0,0,0,0,0.140451749193839,0,0,0,0.0771083779755899,0,0,0,0
X292,0.223424280073861,0.0255715373300385,0,0,0.109624283289615,0,0,0,0,0,0,0.0393090611309419,0,0.0382958110467463,0.015560138389006,0,0.399681401701699,0.0829558238043787,0.0655776632337142,0,0,0,0
X293,0,0,0,0.056227529896716,2.06360127421811e-20,0.0549407776914873,0,0,0,0,0,0,0,0,-1.46069918127016e-18,0.829030420844198,0.00187849696557548,0,0.057922774602023,0,0,0,0
X294,0.218139044924213,0,0,0,0,0,0,0,0,0,0,0,0,0,0,0,-6.78086396122179e-19,0,0,0,0,0.781860955075787,0
X295,0.363171247262015,0,0.0638866366833257,0.0798864255662041,0,0,0,0.0847823985488732,0,0,0,0,0,0.408273291939582,0,0,0,0,-8.61148895632213e-19,0,0,0,0
X296,0,0.150673811969453,0,0,2.77398138063803e-19,0.0905748415315706,0,0,0.0284815846514368,0.000125822526938773,0,0.408449885988388,0,0,0,0.321694053332213,0,0,0,0,0,0,0
X297,0,0,0.0298804248163177,0,0.108030240435833,0.0580176895555404,2.60481021532591e-20,0.0309572143952211,0,0.349496561301819,0,0.00602068599764552,0,0,0,0,0,0,0.28884428827901,0,0.128752895218612,0,0
X298,0,0,0.0326831746042255,0,0,0,0,0.393297666691216,0.574019158704559,0,0,0,0,0,0,0,0,0,0,0,0,0,0
X299,0.378282378857178,0.0021853753218533,0.0832980581328436,0.000259918825016255,0,0,0,0.0685084343013096,0.0703993917948791,0,0,0,0.0285450317769307,0,0,0,0.36852141098999,0,0,0,0,0,0
X300,0.121815663627716,0,0.0801103042532399,0,0,0.0233306968102675,0,0,0.418884904946772,0,0,0,0.128734253444086,0,0.0318171006022887,0,0,0,0.195307076315631,0,0,0,0
X301,0.117514211452104,0,0.0368278857619489,4.24707673232001e-05,0,0.0755173457373988,0,0.0605689888976256,0,0,0,0,0.00737273133862679,0.463317276094134,0,0,0,0.043189503927772,0.0468416915644336,0,0.148807894458634,0,0
X302,0,0,0.0289627953483695,0,0.0488788085669194,0.0493882635265676,0.512982080655395,0,0,0,0.0825338745364839,0,0.208236513026734,0,0.0553207071957268,0.0136969571438037,0,0,0,0,0,0,0
X303,0,0,0.0031680112613258,0.118877726295297,0,0.102089591436287,0,0,0,0.478116887411522,0,0,0,0.115540173355045,0,0,0,0,0,0,0.182207610240523,0,0
X304,0.0851279618884772,0,0,0.102334608647901,0,0,0,0.693249185507337,0.00109551530515072,-2.74159214872541e-19,0,0,0.0174693995416273,-1.46197779509924e-18,0,0,0,0.100723329109506,0,0,0,0,0
X305,0,0,0,0,0.0203102503423112,0.655884446821106,0.0557965399145329,0,0,0,0,0,-1.06640466199222e-19,-1.02311970998783e-19,1.02163679904532e-19,0.252605469291612,0,0,0,0,0.0154032936304379,0,0
X306,0.102789166450275,0,0.0742058211631098,0.0489276130616257,0.35785307271264,0.0445405754278351,0,0,0.110040133715965,0,0,0,0,0,-4.44357117886675e-23,0,0,0,0.261643617468549,0,0,0,0
X307,0.200228362179892,0,0.0561040389974961,0,1.04017222455612e-05,0,0,0,0.0346916468638937,0,0,0,0,0,0.0260573286473076,0,0.0394947682841006,0,0.0453448093408657,0,0.325631432495694,0.272437211468505,0
X308,0,0,0,0,0.379283107082737,0,0,0.060914413429865,0.00293679754989328,0,0,0.556865681937504,0,0,0,0,0,0,0,0,0,0,0
X309,0,0,0.116856164520609,0,0,0,0,0.766308639276248,0.04298108094679,0,0,0,0,0,0,0.0738541152563528,0,0,0,0,0,0,0
X310,0,0,0.0174399793629232,0,0,0,0.111035520463907,0.024603332861309,0.069325858915159,0,0,0,0,0,0,0.703275433753176,0,0,0.0743198746435258,0,0,0,0
X311,0.159934420448559,0,0,0,0,0,0,0,0,0,0,0,0,0,0.0344572748682248,0,0,0,0,0,0,0.805608304683216,0
X312,0.145377390038829,0.0674901785280807,0,0.0784668937026843,0.0216386518164575,0.0707785000425043,0,0.0452223916895128,0,0,0.0191154413903707,0.059162402873309,0,0,0,0,0,0,0.492748149918251,0,0,0,0
X313,0,0,0.0287536369798469,0,0,0,0,0.0170973165015424,0,0.466904637276591,0,0,0.190450615759014,0,0,0,0,0.000966196454169107,0.0948394653269232,0,0.000418112851052976,0.20057001885086,0
X314,0,0,0.0880009006192426,0.08295947534627,0,0.0905441512100968,0.0233899011185091,0.445824772430831,0.158600499251198,0,0.0825449785579832,0,0.0281353214658686,0,0,0,0,0,0,0,0,0,0
X315,0,0,0,0.0425802220717877,-2.93894551319959e-20,0.28923681532851,0.0173761494496081,0.0630209727067089,0,0.190190236914333,0,0,0,0.182093058646073,0.119086568072307,0,0,0,0.096415976810672,0,0,0,0
X316,0,0,0.123280955333993,0,0.0246198058591874,0,0,0.243866472915649,0,0,0,0,0.44995694468871,0.11222213509259,0.0424369199250726,0.00361676618479851,0,0,0,0,0,0,0
X317,0.0555762751178777,0.0186544103955259,0,0.070215526543357,0,0.112723235353038,0,0.161138912856803,0,0,0.0608638665670166,0,0.100251291690572,0.0693690788126467,0.351207402663163,0,0,0,0,0,0,0,0
X318,0,0,0,0,0,0,0.101175822850204,0,0.0461486037013813,1.07586204204313e-19,0,0,0.191948426179513,0.660727147268901,0,0,0,0,0,0,0,0,0
X319,0,0.000826029822583648,0,0.0725913878015602,0.0208032329878684,0,0,0,0,0.00729383736473936,0,0,0.0761980134574774,0.755650669785378,0,0,0.0666368287803926,0,0,0,0,6.62992721299316e-19,0
X320,0,0.145103466960175,0,0.0523057462654887,0,0,0,0.795849100212023,0.00614706753276652,0,0,0,0,0,0,0,0,0,0.000594619029546702,0,0,0,0
X321,0.0772835654480222,0,0,0.536691718979441,2.4879727351073e-05,0,0,0.178615293838645,0.000191103167463292,0.0036728253130882,0.00319330595823434,0,0,0.0757263112614958,0.124600996306258,0,0,0,0,0,0,0,0
X322,0,0.0165658744626551,0.0254961159846299,0.0549519677426778,0.000155043421074954,0,0,0,0.445896226411943,0.147883951049543,-2.01340811155881e-20,0,0.130361944793037,0,0,0,0,0,0,0,0,0.17868887613444,0
X323,0,0,0.173248051497044,0,0.0304241561327081,0,0.0182043643428678,0.0858905692671743,0,0,0,0,0,0.325025089991104,0.0835137791741185,0.283693989594984,0,0,0,0,0,0,0
X324,0,-8.64853325922365e-20,0,0,0.00394661924795758,0.199135400191196,0,0,0.00167161016911993,0,0,0,0,0,0,0.608950221033119,0.00272671959669604,0,0.000581566715507195,0,0.182987863046405,0,0
X325,0,0,0.0212741411230404,0,0.113495540368531,0,0,0.0657988366956218,0,0.115156485205372,0.457269574304698,0.133598493520744,0,0,0,0.0231284621637216,-2.21270547062939e-21,0,0,0,0.0702784666182704,0,0
X326,0.0336992083560273,0.0355393839963168,0.0125942553561049,0,0.0191924242307095,0.157389617305423,0,0.4598571689314,0.215399289374986,0,0,0.044830361864349,0,0,0,0,0,0,0,0,0,0.021498290584684,0
X327,0.000271495969239254,0,0,0.448340265291942,0,0,0,0.0591966329067726,0.164196946162953,0,0,0.275576871105804,0,0,0.013710884433488,0,0,0,1.42366228402686e-18,0,0,0.0387069041298019,0
X328,0.167809619448195,0,0.017283454105264,0,0.09235167219515,0,0,0,0,0,0,0.0305192317565262,0,0.0850044254641567,0,0,0,0.06051616597085,0.546515431059858,0,0,0,0
X329,0.0392550813533454,0,0.0372197680151369,0,0,0,0,0.0968524380711222,0.263414474001817,0,0,0,0.00265802743328602,0,0.394983786694198,0.12831421667292,0,0,0,0,0.000125930795505874,0.037176276962668,0
X330,0,0,0.0183650821814171,0,0,0.0339270362888891,0,0,0.632948009236621,0.127788026017224,0,0.0334615728983629,0.0880828967455558,0,0,0.000539502772931403,0,0,0.0648878738589993,0,0,0,0
X331,0,0.0504758201480253,0.0856980762916749,0,0,0.0797852061008086,0,0.493356429161825,0,0.139871807159354,1.35146383564781e-19,0,3.82256041327539e-06,0,0,0,0,0,0.150808838577898,0,0,0,0
X332,0,0,0.0393476538517642,0,0,0,0,0.269020598432421,0.0998314284534866,0,0,0,0,0,0,0.591800319262328,0,0,0,0,0,0,0
X333,0.0420830680990833,0.0668449498124298,0,0.0695747053216473,0.036300268540305,0,0,0,0.172300955854099,0,0.483205620718533,0.00106229490946753,0,0.0847225143174632,0.0439056224269714,0,0,0,0,0,0,0,0
X334,0.00501732780510235,0,0,0.063926406104574,0,0.0936426840008544,0,0,0,0.073193543401787,0,0,0,0.727413964254789,0,0.0368060744328933,0,0,0,0,0,0,0
X335,0,0,0,0.0832875619382507,0,0.14718578793932,0,0,-9.59051958303844e-19,0,0,0,0,0,0,0,0,0,0,0,0.76952665012243,0,0
X336,0,0.00875594058906665,0,0.0171564538241921,0.0561762275509771,0.313392161773468,0.0023664387737446,0,0,0,0,0.0203418700048665,0,0,0,0,0,0,0.581810907483686,0,0,0,0
X337,0,0,0,0.0069413949971964,0,0.339200096688947,0,0,0.0311232712684679,0,0.167359263553753,0.27313491036189,0.175306630422967,0,0.0069344327067786,0,0,0,0,0,0,0,0
X338,0.39205802740086,0,0,0.0120347625301071,0,0.0701643056108996,0,0.0493610912286925,0.00371659310624551,0,0,0,0.00814546677054694,0,0,0,0,0.294455202777614,0.170064550575034,0,0,0,0
X339,0.0143819651704349,0,0,0.0196509099758568,0,0,0.256639210725051,0.357210260415276,0,8.11065604046539e-06,0,0,1.8121934359888e-22,0,0.0280526697372896,0,0,0,0,0,0.324056873320051,0,0
X340,0,0,0,0.026307645143637,0.0849014929095622,0,-2.92055443182927e-20,0,0,0.000761785048886968,0.262607697625953,0.292626706181822,0,0,0,0,5.93957008001077e-19,0,0,0,0.332794673090138,0,0
X341,0.097390488188739,0,0,-5.62429530327619e-20,0.0796137044512157,0,0.707143568818368,0,0.00152939425383349,0,0.0354646525692196,0,0,0,0.0785760503476117,0.00028214137101216,0,0,0,0,0,0,0
X342,0.0110114868459794,0.118192735642307,0,0,0,0,0,0.0135520458765371,0,0,0,0.0534729272208086,0,0.420226223114068,0.0105888008266323,0,0.372955780473667,0,0,0,0,0,0
X343,0,0.0652395384985815,0.105189335774831,0,0,0,0,0.0467480278881254,0.108240790421737,0.00121081735133655,0,0.0744635752031107,0.0241622585214367,0,5.98973476319614e-19,0,0.415344642462887,0,0,0,0.159401013877954,0,0
X344,0.289613633012502,0.128315916333067,0.0393024018004069,0.08204624844571,0.000111502360461127,0,0,0.137757784891645,0,2.97121665049792e-05,0,0,0.228994165418798,0,0,-3.4126122030315e-19,0.00408080450527993,0,0.089747831065626,0,0,0,0
X345,0,0.000388442205617028,0.206597377794505,0.018982108629347,0,0,0,0,0.516469017239442,0,0,0,0,0,0,0,0,0,0.0524651824455449,0,0.205097871685544,0,0
X346,0.034745769647827,0,0.0313801192110375,0.0348920050349375,0,0,0,0.194681158579575,0,0.0536937788975432,0.488685012303768,0.0479159866188361,0,0,0.0251368148917054,0.0888693548147706,0,0,0,0,0,0,0
X347,0.198163214880377,0.200714528868056,0,0.0896729565135619,0,0.0726450054905957,0,0.308666983075911,0,0,1.85085559124794e-05,0.0287783628824187,0,0,0.0335358288877907,0,0,0,0,0,0.0678046108453765,0,0
X348,0.0350274321237612,0,0.0756638355233286,0.347686300025575,0.0305608169958912,0,0,0,0.442096625227726,0,0.0689649901037184,0,0,0,0,0,0,0,0,0,0,0,0
X349,0.703906617693359,0.105036712592418,0,0.0468129181069995,0,0,0,0,0,0,0,0.0432248087041418,0,0,0,0,0,0,0.101018942903082,0,0,0,0
X350,0,8.86019676320763e-20,0,0.278572731557783,0,0.252637368501839,0,0,0.00598661127300423,0,0,0.144101140610991,0,0,-3.39779976875844e-19,0.278916343252067,0,0,0.0397858048043153,0,0,0,0
X351,0,0.000361339428557088,0,0.137894651372928,0,0.064153090163921,0.488186430138263,0.0258540505086954,0,6.57509107889162e-05,0,0,0.253342613840687,0,0,0,0,0,0.0301420736361598,0,0,0,0
X352,0,0,0,0.242084587804142,0,0.065586831014864,0.190307875631683,-8.94054515026182e-21,5.34576640531719e-05,0,0,0,0.0511572767413197,0,0.450809971143938,0,0,0,0,0,0,0,0
X353,0.0105189889432539,0,0,0.0948555224219202,0,0,0.023445317691633,0.298552611254249,0,0.135024529105749,0,0,2.69070658836314e-20,0,0,0,0.437603030583195,0,0,0,0,0,0
X354,0.00818398848635476,0,0,0.0823248308929163,0,0.394348879203093,0.439776414315879,0,0.00200684810901461,0,0,0.0010886058989178,0,0,0.0667757548116075,0,0,0,0.00549467828221684,0,-4.45635909657988e-19,0,0
X355,0.00359735563868406,0,0,0,0,0,0,0,0.0127625783526931,0.398107831868468,0,0,0,0.575556658137084,0.00997557600307084,0,1.72637188750804e-19,0,0,0,0,0,0
X356,0.3851200088433,0.0661998015427359,0,0,0,0,0,0,-2.18510323515023e-20,0,0,0,0.548680189613964,0,0,0,0,0,0,0,0,0,0
X357,0.027209118121567,0,0.119561171141008,0.0392294942752341,0,0,0,0.348759829769895,0.150534547273084,0,0,0,0.0200370245577286,0,0.143908948148921,0,0.0627701689957077,0,0.0879896977168552,0,0,0,0
X358,0.139718707395336,0.364803518898781,0.024267768091669,0,0,0,0,0,0.317354699825022,0.134668227748726,0,0,0,0,0.0191870780404656,0,0,0,0,0,0,0,0
X359,0,0,0.049128639369958,0,0,0.150255950582141,0,0,0,0,0.0441015222989237,0,1.28405783821712e-20,0,0.0709077930751292,0,0,0,0,0,0,0.685606094673849,0
X360,0,0,0.00144063699977574,0.0540444405342438,0,0.00442257045453736,0,0.210077864504693,0.0143016365761465,0.397700697595564,0,0,0.183596252340041,0,0,0,0,0,0,0,0,0.134415900994998,0
X361,0,0,0,0.0313051556624265,0,0,0.0673905403304334,0,0,0,0,0.171493925606826,0,0,0,-1.12413458496956e-18,0,0,0,0,0.571457933576665,0.15835244482365,0
X362,0,0,0.151991722014592,0,0,0,0.0126056019687416,0.162072678370513,0.176409552722757,0,0,0,0,0.496920444923396,0,0,0,0,0,0,0,0,0
X363,0.111397046377168,0,0,2.05827594338848e-05,0,0,0.125111899957992,0,0,0.0388971880335649,4.60727405639943e-20,0.246420594681624,0,0.405891271816419,0.0722614163737976,0,0,0,0,0,0,0,0
X364,0.0891085140027275,0,0,0.391460951528885,0.00790714067538643,0.0787310822283556,0,0.157968795694064,0,0,0.0800060856328683,0,0.140574140849011,0,0,0,0,0,0.0542432893887025,0,0,1.01443198431341e-18,0
X365,0.0294002951902241,0.106990873134104,0,0.0332148152909708,0.0550491782213662,0,0,0,0.0207651631957678,0,0,0,0,0.4542875904093,0.10487239110659,0,0,0,0.0532992552665444,0,0.142120438185133,0,0
X366,0.234080199656431,0.153563362040238,0.0448048460941557,0.0327393343241412,0,0,0,0,0.158876071978485,0.153346390978196,0,0,0,0,0,0,0.103420816749967,0.064394220855171,0.0183207754908293,0,0,0.0364539818323868,0
X367,0,0,0,0.0252903900804123,0,0,0,0,0.609337052110876,0,0,0,0,0,0.349464787592588,0,0.0159077702161237,0,0,0,0,1.36281138193149e-20,0
X368,0,0.046529433430687,0,0.00871499662742711,0,0,0,0,0,0,0,0.161744548337002,0,0,0,0,0,0,0,0,0.783011021604883,0,0
X369,0.0337621229541192,0,0.0792206557698379,0.0312901531311092,0.301057057104932,0,0,0,0.273069529387476,0,0,0,0,0,0,0,0,0.00230833809109147,0,0,0.279292143561434,0,0
X370,0,0,0.343029782819953,0,0,0,0,0.0435425756294619,0,0,0,0,0,0,0,0.517307468454742,0,0,0.0620721331673961,0,0.0340480399284471,0,0
X371,0,1.39185593340897e-19,0.0489971209256523,0,0,0.00725655042600299,0,0,0.0867741688790295,0.337716537180231,0,0,0,0.158644461994979,0.0416904526093111,0.139097434700008,0.179229742909435,0,0,0,0,0.000593530375350951,0
X372,0,0,0.122643007295882,0,3.6757034211132e-31,0,0,0.340037395926388,0.372892605184675,0,0,0,0,0.0467185691475855,0.11770842244547,0,0,0,0,0,0,0,0
X373,0.135462024083903,0.0208589973120308,0.0852699256110274,0,0.0608874487361479,0,0,0,0.0897946094464926,0,0,0,0,0,0.0200177969458081,0.26231950791582,0.274296076557423,0,0.0510936133913467,0,0,0,0
X374,0.0771425065180866,0.0553187173385022,0.024484512887177,0,0,0.488913288470669,0.280937812461179,0,0,0,0,0,0,0,0.0732031623243855,0,0,0,0,0,0,0,0
X375,0,0,0.046294654210735,0,0,0,0,0.467195060143945,0.0136148641210195,0,0,0,2.04523653661258e-05,0.11293259618007,0.274909307568548,0,-6.26225990198872e-20,0,0,0,0,0.0850330654103166,0
X376,0.0361238419366413,0,0.0572092680683613,0.0459668878569057,0,0.0366824925592095,0,0,0,0,0,0,0,0,0,0,0.770142424885363,0.053875084693519,0,0,0,0,0
X377,0,0.0327421684242288,0.0155419773271944,0.148302437961024,0,0.0333058773214639,0.000280881048434893,0,0.442649289578362,0,0,0.0668856400541809,0.0358859432175476,0,0.0300881001045424,0,0,0,0.194317684963021,0,0,0,0
X378,0.0701855664865604,0.0788656427916325,0.0410040063988996,0.464056294571304,0.0373978629852856,0,0,0,0.0618380337365088,0,0,0,0,0.0894711196756399,0.0789752665034437,0,0,0,0.0782062068507258,0,0,0,0
X379,0,0,0,0.260483631748164,0.167641821829921,0.0291233578535633,0,0.125531039493254,0,0.00746397771328105,0,0,0.101564700258118,0.182382989748261,0.054196418148599,0,0,0,0.0696920938719556,0,0.0019199693348827,0,0
X380,0.0177003454891284,0,0,0,0,0,0,0,0,0,0,0,0,0,0,0.926115210705989,0,0,0,0,0,0.0561844438048826,0
X381,0.0333658992434057,0,0.0244560955848466,0,0,0,0,0.253961505746692,0,0,0.0547661542080597,0,0,0,0,0,0,0.288487694262322,0,0,0.344962650954674,0,0
X382,0.0820801270494237,2.81150945926501e-05,0,0.0292726060896014,0,0,0,0,0.0522957589309435,0,0,0,0,0,0,0.0541599502361158,0,0,0.776611355195624,0,0,0.00555208740369941,0
X383,0,0,0.0558776678096817,0,0.247232554985542,0,0,0.0109579698129179,0.576327540305057,0,0,0,0,0.0556299771120753,0.000946833766969522,0.0530274562077572,0,0,0,0,0,0,0
X384,0,0.0127206774090213,0.0253164492060027,0,0,0,0,0,0.323591376864209,0,0.568555727236623,0.0368845811808908,0,0,0,0,0,0,0.0329311881032534,0,0,0,0
X385,0,0,0.0203392279160706,0.0305202982794663,0,0,0.100164929767663,0,0.33437260253483,0,0,0.166319371545837,0,2.20992625257241e-05,2.57868996135922e-19,0,0,0.122896213227138,0,0,0.0026330842467064,0.222732173219763,0
X386,0,0.107904450520571,0,0,0,0,-3.34347906679117e-19,9.39179951764978e-19,-3.19163817095444e-20,0,0,0.00716381098450826,0.00344295927982475,0,8.18333330306333e-20,0,0,0.0285543595494123,0.00377549539105998,0,0.849158924274624,0,0
X387,0.318661407398079,0,0.0435497472104563,0.0527735648535468,0,0.0305178564387208,0.273022506035024,0,0,0,0.0461986562045071,0,0.114965095503851,0,0,0,0,0,0,0,0.120311166355815,0,0
X388,0.0228094317446424,0.0185011025861289,0.0146158766118523,0.0272480529738985,0,0.315984052197103,0,0,0.341628310694414,0,0,0,0.0244688381639241,0,0,0,0.234744335028037,0,0,0,0,0,0
X389,0.0987714259624808,0.0164067881136387,0.0276593959795193,0.0419501148055504,0,0.124255985811926,0,0,0,0,0.13215546252292,0,0,0.135526731257513,0,0,0,0.0622336988567747,0.309614097054146,0,0.0514262996355312,0,0
X390,0.0692262155471423,0,0,0.114025021507046,0.0581993394252281,0.21721618030236,0.0243916042519268,0,0,0,0,0,0,0.0909243578763743,0.0489760584219999,0.377041222667923,0,0,0,0,0,0,0
X391,0.0737011808074601,0,0.0258407870654569,0.302795389290835,0,0,0,0.105328390663323,0.406506530919239,0,0,0,0.0208262547768242,0,0.0503193053256114,0,0,0,0.0146821611512507,0,0,0,0
X392,0,0,0,0,0,0,0,0.023328549276331,0,0,0,0,0,0,-5.61161460479173e-21,0,2.05797425888905e-20,0,0.976671450723669,0,0,0,0
X393,0,0,0,0.00080086544566154,0,0,0,0,0,0.126723931071704,0,0,0,0.0523952453679704,0,0.820079958114664,0,0,0,0,0,0,0
X394,0.0347015234278153,0.0401401880409445,0,0.0036096071784316,0,0,0,0,0,0.197018427128635,0,0.62450111710804,0,0,0,0,3.21317466371828e-06,0,0,0,0.100010186281546,1.57376599241369e-05,0
X395,0,0.0309887458141678,0.0193506918965722,0,0,0.0267494041425634,0,0,0,0.0324560204650117,0,0,0,0,0.00340312936405958,0,0.535800667264887,0.0640064942051066,0,0,0.287244846847632,0,0
X396,0.639010508963965,0,0.043978290423954,0.0391118582315195,0,0,0,0.0935250245482073,0,0,0,0,0,0,0,0,0,0.184374317832354,0,0,0,0,0
X397,0,0.0594433475644123,0,0.493040719620502,0,0,0,6.37737518492627e-05,0.0471585652822003,0,0,0.200667046470996,0.0838837433775878,0.0294170646861682,0.0850917444764552,0,0,0,0,0,0.00123399476982853,0,0
X398,0,0,0.106792035952183,0,0.136905261682372,0,0,0.00362649311657939,0.46372000326871,0.144530923062625,0,0.144425282917531,0,0,0,0,0,0,0,0,0,0,0
X399,0.695437447344798,0,0,0,0,-3.38848353702607e-18,0,0.121956746099483,0,-8.8531895248422e-18,0,0,0,0,0.113540633859929,0,0,0.0470876826493929,0,0,0.0219774900463976,0,0
X400,0.0239620972179254,0,0.0865975404746601,0.0297783221018061,0.0787802316134826,0.0499328583091984,0,0,0,0.251119332916463,0,0,0,0,0,0,0,0.226615499173807,0.252616739379622,0,0.000136533133447329,0.000460845679588949,0
X401,0.119587951380948,0,0.0419081499313256,0,0.288487835072116,0,0,0.0701595830573262,0,0,0,0,0,0,0.0202530165916828,0,0.371315519679274,0,0.0455218875170382,0,0.0427660567702882,0,0
X402,0,0.364141041294731,0.0273949359565184,0.0564557576680875,0,0,0,0.132812005242778,0.246910898003025,0.17228536183486,0,0,0,0,0,0,0,0,0,0,0,0,0
X403,0.169921407680353,0,0,0,0,0.185901480352309,0,0,0,0,0,0,0,0,0,0,0,0,0.0604139053373127,0,0,0.583763206630025,0
X404,0.0403952276907895,0.154778672193683,0,0,0,0,0,0.00170208691311421,0,3.75987758992432e-19,0,0.0504037532244232,0,0,0,0,0.692205494594231,0,0,0,0,0.0605147653837589,0
X405,0.261609784171307,0.0551637112136998,0,0.00595433865533968,0,0,0.0156546035492317,0,0,0,0,0.363462787470405,0,8.74987605674546e-24,0,0,0,0,0.298135258021436,0,0,1.95169185808178e-05,0
X406,0.127801101169544,0,0,0,0,0,0,0,0,0,0.0368012318293657,0,0,0,0.0010328836139364,0,0.834364783387154,0,0,0,0,0,0
X407,0.038653784983362,0.0321805115644404,0,0.0295918177302771,0,0,0,0.250526719840518,0,0,0,0.311852718404547,0.204479047056238,0,0.0768030358573312,0.0559123645632861,0,0,0,0,0,0,0
X408,0,0,0.0547108961747578,0.298885737721561,0,0,0,0.0353162025750076,0,0.243845329663581,0.0626215031127706,0,0,0,-1.15717987208277e-20,0,0,0,0.0785291264058824,0,0.226091204346439,0,0
X409,0,0.0914536697369367,0,0.0611101878901941,0,0,0.000341396938707258,0,0,0.41698129873734,0,0.0894549595602362,0.0731982230269238,0,0.0104356118292943,0,0,0,0.000652894606735593,0,0.256371757673632,0,0
X410,0,0,0.0909024385903727,0.0412654031347732,0,0.0620532081255916,0,0.0340385773054855,0.596019196418526,0,0,0,0.0912904347772619,0,0,0,0,0,0.0844307416479889,0,0,0,0
X411,0,0,0.0626519087610734,0.363490871215498,0.0400501880200124,0,0,0.000396130294569938,0.000143059426074616,0,0,0,0.00116525563129194,0,0,0,0,0.0520839176522532,0.120281528761571,0,0,0.359737140237655,0
X412,0,0.558420734260954,0,0,0,0,0,1.45250163785146e-17,0,0,0,0,0,0,0,0,0,0,0,0,0.441579265739046,0,0
X413,0.0540972999788383,0,0,0,0,0.0152758426905886,0,0,0.224499286774429,0,0,0,0,9.12458653322864e-19,0.103848588169545,0,0,0,0,0,0,0.602278982386599,0
X414,0.0325676747746503,0,0.0121016254213741,0.024548647539461,0,0,0,0.0191216941798048,0,0.0518263457039105,0,0,0,0.126071369294605,0,0.000447952496597553,0,0,0,0,0,0.733314690589597,0
X415,0.0428412792622945,0,0,0,0.00465396743019267,0,0,0,0.0279123514182184,0,0.0226038830689485,0,0,0.0465852735219028,0.446192897492714,0.363293039719253,0,0,0.0459173080864762,0,0,0,0
X416,0.750014124436816,0,0,0,0,0,0,0,0,0,0,0,0.249985875563184,0,0,0,0,0,0,0,0,0,0
X417,0,0.0714352015387099,0,0,0,0,0,0.274930188587173,0,0,0,0,0.420446457525079,0,0.182201787037951,0.0509863653110874,0,0,0,0,0,0,0
X418,0,0,0.01230117644674,0,0.0348613009187665,0,0,0,0.0281616751827129,0.0127366215011872,0,0,0,0,0,0,0.667136594184122,0,0,0,0,0.244802631766471,0
X419,0,0,0.167764052479753,0.049559938604333,0.0287143186164607,0,0,0,-4.95178848010928e-20,0,0,0.00306968607815611,0,0.516447263931239,0,0,0,0,0,0,0.234444740290058,0,0
X420,0.019396857650429,0,0,0,0,0,0,0,0,0,0,0,0,0,0.016731496606224,0.962708538413339,0,0,0.00116310733000822,0,0,0,0
X421,0.143161589702943,0.0215873606370533,0,0.018393551508543,0,0,0,0,0,0,0,0.0566571540233462,0,0,0,-6.71401930828723e-20,0.462969347833352,0,0.112721481789936,0,0,0.184509514504827,0
X422,0.746192983318008,0,0,5.81094343557322e-20,0,0,0,0.0510423233682667,0,0,0,0.0853422645745863,0,0,0,0,9.92982317357102e-20,0,0.0625610520145688,0,0.0548613767245706,0,0
X423,0.30987556400238,0.0116071746670685,0,0,0,0,0,2.33425245499361e-05,0,0,0,0.184736508128987,0,0.0724983289658372,0,0,0,0,0.0418429867341368,0,0,0.379416094977041,0
