cell_ID,B_Cells,CD4+_T_Cells,CD8+_T_Cells,DCIS_1,DCIS_2,Endothelial,IRF7+_DCs,Invasive_Tumor,LAMP3+_DCs,Macrophages_1,Macrophages_2,Mast_Cells,Myoepi_ACTA2+,Myoepi_KRT15+,Perivascular-Like,Prolif_Invasive_Tumor,Stromal,Stromal_&_T_Cell_Hybrid,T_Cell_&_Tumor_Hybrid,Unlabeled
X0,0.0375949465585224,0.0927130155875526,0,0,0,0,0,0.32963863172787,0.0602912020307448,0,0,0,0.123363438101554,0,0.153592378788824,0,0.202806387204931,0,0,0
X1,0,0,-6.91269161027386e-19,0.00532502726873103,0,0,0.0763296124158136,0.567085370405346,0.164696813722064,0,0,0,0,0,0.0867165627340867,0,0.0998466134539585,0,0,0
X2,0,0.0984579247742852,0,0,0,1.14358099333073e-29,0.411787973410184,0.00527140684729969,0.300238826900453,0,0.111019823886679,0,0,0,0.053534207309571,0,0.0196898368715271,0,0,0
X3,0.0175347278498008,0,0.0427671329518764,0,0,0.103551210048137,0.0887386924909006,0.333431411455861,3.86808739388732e-17,0,0.137500105753196,0,0.228340357728597,0,0,0,0.0481363617216311,0,0,0
X4,0.0406001746506032,0,0,0,-1.21230273580678e-18,0,0,0.214893388766343,0.184475696381155,0.056955099627447,0,0,0.189474424862116,5.00663776823557e-31,0.313601215712336,0,0,0,0,0
X5,0,0,-2.225475134735e-48,0,4.46156049434262e-17,0,0,0.754982984929509,0,0,0,0,2.67285652188847e-47,0,0,0,0.245017015070491,0,0,0
X6,0,0,0,0,0.770125223613596,0,0,0.229874776386404,0,0,0,0,0,0,0,0,0,0,0,0
X7,0.0901667652636657,0,0,0.0575640468698125,0.017253776730168,0,0,0.798255487657014,0.0367599234793399,0,0,0,0,0,0,0,5.7564610937832e-32,0,0,0
X8,0,0,0,0.0407930533283127,0.0099852397312201,0,0,0.949221706940467,0,0,0,0,0,0,0,0,0,0,0,0
X9,0,0,4.76863286926022e-32,0.0898424074435812,0.475382576422561,0,0.109140603171385,0.325634412962472,0,0,0,0,0,0,0,0,0,0,0,0
X10,0.00231545252003768,0,0.301450934992432,0.029140463274511,0.00170306661738816,0,0,0.656473420552694,0,0,0,0,0,0,0.0089166620429368,0,0,0,0,0
X11,0,0,1.64670241899486e-05,0.000771837570992785,0,0.312798787447193,0.170804577747991,0.515604041365272,0,0,0,0,0,0,0,0,4.28884436138264e-06,0,0,0
X12,0,0,-2.31241412784923e-39,0.0757281421322561,0,0,-1.30078832825841e-17,0.344576854534819,0,0,-3.02655983698233e-19,0,0,0,0.499495299895251,0,0.0801997034376747,0,0,0
X13,0,0.161975688140248,0,0,0,0.208228637010215,0.0576558786421146,0.257172905501604,0,0,0,0.12887345687851,0,0,0,0,0.186093433827308,0,0,0
X14,0,0,0,0.082155136415568,0.178608644982614,0.153038740212497,0,0,-1.7255826909144e-39,0,0,0,0,0,0,0,0.586197478389321,0,0,0
X15,0,0,0,0,0,0,0,0,0.0093771897836747,0,0.50370396585378,0,0.194306675890161,0,0,0,0.292612168472384,0,0,0
X16,0.0362966603942264,0.144236798551707,0,0.000234572695194939,0.0131314101751706,0,0,0.230855672924333,0.182614094761559,0,0,0,0.0221100178225731,0,0.148407548430115,0,0.22211322424512,0,0,0
X17,0,0,0,0.0411040817231972,0.10496453635238,0,0,0,0.308475576413961,0,0,0,0,0,0.00200685507044259,0,0.543448950440019,0,0,0
X18,0,0.21517009481201,0,0,0,0,0,0.231485909858914,0,0,0,0,0.0971342417947567,0,0,0,0.456209753534319,0,0,0
X19,0,0,0,0,9.53204962048641e-31,0,0,0,1.58776904168322e-18,0,0.630888408123386,0,0.0690208667736761,0.0595994137762579,0,0,0.24049131132668,0,0,0
X20,0.0332605475386176,0,0,0,5.67587777464531e-38,0.237761940463036,0.165917779399458,0,0,0.0660977767115266,0.175158542372839,0,0.1692928040619,0,0.152510609452622,0,0,0,0,0
X21,0,0.0325693676179312,0.04291818085568,0,-8.68787618659291e-17,0.335639553023481,0,0,0,0.1774131557165,0,0.0122607225415036,0.37149875028491,0,0,0,0.0277002699599957,0,0,0
X22,0,0.091967311835867,0.0751501934696701,0,0,1.49551335533532e-06,8.38207037001125e-05,0.0652317464967632,0.090503729998942,0.119783626241206,0.134222621725553,0,0.104668798611772,0,0.109331200892489,0,0.209055454510682,0,0,0
X23,0,0,0.100209018398907,0,0.122787665826982,0.147408991468814,0,2.24007300027025e-06,0,0.174223038875539,0.226484433867399,0,0,0,0,0,0.228884611489359,0,0,0
X24,0,0,0,0,0.662544169611307,0,0,0.337455830388693,0,0,0,0,0,0,0,0,0,0,0,0
X25,0,0,0,0.0775435059391249,3.46288725182861e-31,0.0185034412008244,0,0.636379284930638,0.267573767929413,0,0,0,0,0,0,0,0,0,0,0
X26,0,0,0,0,0.701768189976659,0,0,0.287521720084134,-1.52483494110388e-16,0,0,0,0.0107100899392075,0,0,0,0,0,0,0
X27,0,0,0.0171820899558354,0.068629812346836,0,0,0,0.914188097697329,0,0,0,0,0,0,0,0,0,0,0,0
X28,0,0,0,0,0,0,0,0.371466449993622,0.548409424276197,0,0,0,0.0801241257301812,0,0,0,0,0,0,0
X29,0,0.00206187320877699,0,0,-5.2457796856391e-19,0,0,0.875049779967676,-1.52894435144575e-16,0,0,0,0,0,0,0,0.122888346823547,0,0,0
X30,0,0,0,0.0456728029679787,0,0,0,0.937278045802739,0.00807448331501769,0.00897466791426458,0,0,0,0,0,0,0,0,0,0
X31,0,0.00139220861275826,0,0.00124357338839802,0,0,0,0.429598569639309,0,0.33629166094893,0.0066516508223009,0,0.0706049094951418,0,0,0,0.154217427093161,0,0,0
X32,0,0,0,0.00417086797589054,0.033792287271972,0,0,0.0123099402767736,0.601835982555914,0,0.34789092191945,0,0,0,1.76191765853273e-31,0,0,0,0,0
X33,0,0.0685715547376923,0,0,0,0.00813244507508646,0,0.0507321570763159,0.541550371666207,0.000930558698861106,0.000396424245398797,0,0,0,0.329686488500439,0,0,0,0,0
X34,0.236949459198254,0,0,0,0,0,0,0.243584977197279,1.43734148783394e-21,0,0,0,0.123767147498111,0,-1.92814725416759e-18,0,0.395698416106356,0,0,0
X35,0,0.153463432108214,0,0,0,0.0583005831948836,0,0,0.0550987772971904,0,0,0,0,0,0.0757425243475372,0,0.657394683052174,0,0,0
X36,0,0.151933844176981,0,0,0,0,0,0,0,0,0,0,9.66925546767297e-22,0,0,0,0.848066155823019,0,0,0
X37,0.154492130538406,0.166390057853917,0,0,0,0,0,0.18038381807352,0.0370876717264276,0,0,0,0,0,0,0,0.461646321807729,0,0,0
X38,0.0411045133645281,0.0690313082124922,0,0,0,0,0,0,0.0464552074942945,0,0.0220571095755582,0,0,0,0.130511722035355,0,0.690840139317772,0,0,0
X39,0.0245941910886448,0,0,0,0,0,0,0,0,0,0,0,0.0421253068784609,0,0,0,0.933280502032894,0,0,0
X40,0.000683263998569113,0,0,0.048566078078318,0,0,0,0.151398622694686,0.686154552317249,0.0499485807851571,0,0,0,0,0,0,0.0632489021260205,0,0,0
X41,0.12188906161264,0.0989126827983236,0.0401152679828374,0,-6.095875330875e-20,0.53926945687608,0,0.13381655401161,0,0,0.000255346880690923,0.00385548150490582,0.0618861483329122,0,0,0,0,0,0,0
X42,0,0,0,0,0,0,0,0,-1.4302229174806e-16,0,-7.54577772834298e-19,0,0,0,0,0,1,0,0,0
X43,0.428555808811988,0,0,0,0,0.411631952055311,0.0149885638609119,0.142843935847082,0.000325039517722682,0,0,0,0,0,0,0,0.00165469990698386,0,0,0
X44,0.0163356205940959,0,0.113928019169713,0,0,0,0,0.583856702183046,0,3.01833948073007e-29,0,0,0.0118174787894414,0,0,0,0.274062179263704,0,0,0
X45,0.053755426793442,0,0,0,4.7540027431085e-19,0,0,0.370741273709249,0.383746755088502,0,0.0402594414434822,9.85268415934636e-19,0.095767045152212,0,0,0,0.0557300578131135,0,0,0
X46,0.0974096459354526,0.198902890773414,0,0,0,0,0,0,0,0,0,0,0,0,0,0,0.703687463291133,0,0,0
X47,0.0510361778409527,0,0.110057409601835,0.028804954010005,0,0,0,0.72019783880821,0,0,0,0,0,0,0.00169808837139122,0,0.0882055313676068,0,0,0
X48,0.137609346472985,0,0,0,0,0.0030988520528025,0,0.131653382038801,0.296697744219794,0.0561136411914542,0,0.0599369897484498,0.279761875534168,-1.13706650615087e-17,0.0320055342980312,0,0.00312263444351344,0,0,0
X49,0,0.153633148918172,0,0.0732956299897226,0,0,0.0502243230575653,0.201317184281616,2.4505877056173e-37,0,0,0,0,0,0.487592711415298,0,0.0339370023376261,0,0,0
X50,0,0,0,0,8.17436881921048e-21,0.0322658707462441,0,0.794293550266906,0.0100830846082013,0,0,0,0,0,0,0,0.163357494378649,0,0,0
X51,0,0,0,0.00239667212283982,0,0.0204777247059865,0,0.543370614537973,0.253776276902892,0,0,0,0.179978711730308,0,0,0,0,0,0,0
X52,0,0.292480991005659,0.00238801178912054,0.00718575955282514,1.45164717147487e-23,0,0,0.651582025760322,0,0,0,0,0,0.0175664270071003,0.0287967848849736,0,0,0,0,0
X53,0.313804414920916,0,0.125270899601186,0,-1.32205140804172e-17,3.17638539985938e-06,0,0.262723019065204,0,0,0,0,0.17136542934241,0,0,0,0.126833060684884,0,0,0
X54,0,0,0,0,0,0,0,0,0,0.210660014371998,0.121418590725893,0,0.0932686334653155,0,2.2965829011051e-19,0,0.574652761436793,0,0,0
X55,0,0,0.0408882283054173,0,0.152605666356077,0.0332317572131638,0,0.112585755660428,0,0.655457761182905,0,0,0,0,0.0052308312820097,0,0,0,0,0
X56,0.0638471642341341,0,0.0149789182077565,0,0,0.0247986094722602,0.110172848887803,0.223529994949197,0.261433236292553,0.0307830232451462,0,0,0,0.269994659973673,0,0,0.000461544737476947,0,0,0
X57,0,0,0.074087963953805,0,0,0,0,0,1.53932226173591e-15,0,0,0,0,0,0,0,0.925912036046194,0,0,0
X58,1.15493278506352e-06,0,5.13246379188624e-06,0,0.00668159252511369,0,0.20964747353862,0.151857007328473,0,0.183901954888106,0,0.046395282200219,0.120464958363167,4.98116164215451e-05,1.0695890329451e-14,0,0.280995632143292,0,0,0
X59,0.046145494259439,0,0,0,0,0,0.335282213023296,0,0,0.0313055198912728,0,0,0,0,0,0,0.587266772825993,0,0,0
X60,0,0,0,0.0212472270150357,0,0,0,0.0674636430860241,0.679122504313532,0,0,0,0,0,9.54120435210318e-25,0,0.232166625585408,0,0,0
X61,0.0019789565830958,0.0380862542463176,0.0937304416394498,0.144157288087701,0.0441030300230821,0.0611271196351715,0,0,0,0.236428077325205,0,0,0.123914954603767,0.00150584901316083,0,0,0.254968028843049,0,0,0
X62,2.79795525078782e-05,0,1.78517334423368e-06,0,0.108301936615569,0,0.232773503675357,0.204145588297808,0.000101512819108118,0,0,0,0.183678733138416,0,0,0,0.27096896072789,0,0,0
X63,0,0,0,0,0,0,0,0.153846153846154,0,0,0,0,0,0,0,0,0.846153846153846,0,0,0
X64,0,0,0,0,0,0.233945569111141,0,0,0,0.0773226974125218,0,0,0.404544845153506,0,0.284186888322831,0,0,0,0,0
X65,0.00206993289966072,0.08931391799606,0.0373875426524307,0.00161857827806774,0.276177951301983,0,0,0.0887438486866631,0,0,0.126867408685151,0,0,0,0.182931473655029,0,0.194889345844955,0,0,0
X66,0,0,0,0,0,0.0357637464391321,0.107367367597504,0.113075453352156,0.337819940833608,0,0.240752095132742,0,0,0,0.00909191167728824,0,0.15612948496757,0,0,0
X67,0.179919743319656,0,0,0,4.02672519685768e-18,0,0,0.52908919024932,0,0,0,0,0.242645341278201,0.0483457251528227,4.25576715920601e-39,0,0,0,0,0
X68,0,0,0,0,0.000430692155548965,0,6.37705497149053e-05,0.393825701317891,0,1.03984490893395e-06,1.35421735417038e-05,0.294898538529391,0,0,0,0,0.310766715429004,0,0,0
X69,0.0141645255924507,0,0,0,0,0,0.0219092769405265,0.208803132094503,0.113360548950772,0,0,0,0.0693664600377722,0,0,0,0.572396056383975,0,0,0
X70,0,0,0,0,0,0.00963549148489387,0,0.560404302001141,-3.19676484517841e-18,0.0427313100634425,0,0,0,0,0.190257993374641,0,0.196970903075882,0,0,0
X71,0.136652998476992,0,0.0418046495886904,0.147549778447869,0,0,0,0.289195876904708,0.00825171693087275,0.000160992985882756,0,0,0,0,0,0,0.376383986664985,0,0,0
X72,0,0,-2.06891050468802e-18,0.00219991214826781,0,0,0,0.184991829168533,0.289736494777922,0,0.172896965151744,0,0,0,0,0,0.350174798753533,0,0,0
X73,0.0899290966514086,0.04424548679806,0.00370750722519186,0,0,0.056740038074813,0,0.367964706928348,0,0,1.04585158673746e-10,0,0.00606344088337819,0,0.27425809106185,0,0.157091632272365,0,0,0
X74,0,0,0,0,-2.42491425140244e-20,0,0,0.0631980363063138,0,0.0261920229022838,0.702785071208847,0,0.0829484083780275,0,-3.00605836453697e-18,0,0.124876461204528,0,0,0
X75,0,0,0,0,0,0.176488599572983,0,0.101953021532642,0,0,0.0930975044294862,0,0,0,0,0,0.628460874464889,0,0,0
X76,0,0.00663630401230889,0,0,0,0.0247839695574514,0,0,0.216075027850517,0,0,0,0.111954855400782,0,0.0750289467760386,0,0.565520896402902,0,0,0
X77,0.07364924918012,0.00118399182612104,0,0,0.000919172156804607,0,0,0.146802136923157,0,0.00214743921882819,0,0,0.155565353000094,0,0,0,0.619732657694876,0,0,0
X78,0,0.193859607494094,0,0,0,0,0,0.00368901228077547,0.197651171939507,0.0146306089403143,0,0,-4.29278316385599e-20,0,0.0398411947539632,0,0.550328404591347,0,0,0
X79,0,0.143736861922408,0,0,0,0,0.044889832407543,0,0,0,0,0,0,0,-5.00552344404574e-18,0,0.811373305670049,0,0,0
X80,0,0,0,0,7.69243278365398e-22,0,0,0.00124798443462939,0.987453655428907,0.00193430790404622,0,0,0.000709299579398623,0,0,0,0.00865475265301861,0,0,0
X81,0,0.0703274817910832,0.0328607733586948,0,0,0,0,3.0264559345829e-18,0.637366079854517,0.0416389093378228,0.0899389052085886,0,0,0,0.0942787504692473,0,0.0335890999800464,0,0,0
X82,0.00283727408283489,0.0175313530983122,0.0468208458701088,0,0.277503771987474,0.211244500127963,0.00054850818084098,0,0,0.0642468195717616,0.379266927080704,0,0,0,0,0,0,0,0,0
X83,0,0.103980445543346,0,0,0,0.243441756950602,0,0,0,0.171246378219666,0.00555313919821958,0,0,0,0,0,0.475778280088166,0,0,0
X84,0.0642132788363051,0,0,0,0,0,0,0.0576647666660104,0.00357380359775095,0,0,0,0,0,0,0,0.874548150899934,0,0,0
X85,0,0,0,0,0.0845737291007415,0,0.0979259163190985,0,0,0,0.420943230571778,0,0,0,0,0,0.396557124008382,0,0,0
X86,2.44124783276961e-06,0.129800344614897,0,0.114426277137163,3.35798075528857e-06,1.4851859314138e-06,0.101311793837525,0.20459723006923,0.157810405829378,0,0.108359127310179,0,0,0,0,0,0.183687536787109,0,0,0
X87,0,0,0,0,0,0,0.0208333333333332,0.141295379537954,-2.56835447971011e-17,0,0.240717821782177,0,0,0,-9.81728176622924e-19,0,0.597153465346536,0,0,0
X88,0,0,0,0,0,0,0,0.0922782495804029,0.130138491358959,0,0.0098521488713297,0,0,0,-2.82436134019975e-21,0,0.767731110189308,0,0,0
X89,0,0,0,0,0,0,4.42867781228997e-18,0,0,0,-4.68991840886101e-18,0,0.135243122588554,0,0,0,0.864756877411446,0,0,0
X90,0,0,0,0,1.89565717218405e-19,0,0,0.022755098093283,0.00635846386667191,0,0.824598425676707,0,0.0542887556392341,0,-6.85611320596257e-21,0,0.0919992567241041,0,0,0
X91,0,0,0.00537936152212809,0.178800293214762,0,0.121190429936994,0,0.380343127130292,0.000161961934386453,-2.70544170286369e-17,0,0.042882881364749,0,0,0,0,0.271241944896689,0,0,0
X92,0,0,0,0.0697392894636655,0.209080436278774,0,0.268986814649575,0.160530539412128,0.00357000035626139,0,0,-1.97380783710626e-38,0,0,0.288092919839596,0,0,0,0,0
X93,0,0,0.000726154115866317,0.181392094138837,0.000152215192888182,0,0.278629377821695,0.0598618752071886,0,2.75197433914014e-18,0.180437233837148,0,0.0408917597549366,0,0,0,0.257909289931441,0,0,0
X94,0,0.040716550245675,0,0,0,0.220297595093356,0,0,0,0,0,0,0.0036417202611281,0,0.705509627346285,0,0.0298345070535553,0,0,0
X95,0.0619408215539845,0,0,0,0,0.089004813581826,0,0,0,0.0797722861594142,0.179823252331677,0,0.201788657883479,0,0,0,0.38767016848962,0,0,0
X96,0.0432327493190673,0.115041083750378,0,0,0,0.0924406652303812,0.252356794168146,0,0,0,0.00203640407062721,0,0,0,0.0640869056361381,0,0.430805397825262,0,0,0
X97,0,0,0,0,0,0,0,0.047030876668537,0,0,1.21586175652699e-20,0,0.0639853250942987,0,0,0,0.888983798237164,0,0,0
X98,0.0288806274507785,0.0510364101004261,0,0,0,0,0,0,0,0,0.0944165692686686,0,0.0739919906782698,0,9.04689593775703e-19,0,0.751674402501857,0,0,0
X99,0,0,0,0,0,0,0.0114358322744601,0.116820203303685,-8.597222481696e-18,0,1.85356442311772e-20,0,0,0,0.604034307496823,0,0.267709656925032,0,0,0
X100,0.134780752605237,0,0,0,0,0.0445800301570377,0,0,0.00930792752312326,0.0486833937162748,0.00155501877736408,0,0,0,0,0,0.761092877220963,0,0,0
X101,0,0.19387391191731,0,0,0.0329751811472138,0,0,0.207600169496704,0,0,0,0,0,0,0,0,0.565550737438772,0,0,0
X102,0.0045881889414442,0.0553160047277351,0.478078864982681,0,0,0.0705739893439427,0,0.0513145217195095,0.00092514180965691,0,0.0469439606060807,0,0,0,0.00136397884563591,0,0.290895349023314,0,0,0
X103,0.0666445722643838,0,0.0499622577723387,0,0,0,0,0.0447788039591093,0.257741636844372,-1.43273383688474e-19,0.184239235953119,0.116532205917157,0.041952503547114,0,0.0082152868559101,0,0.229933496886496,0,0,0
X104,0.102449924242515,0.0123371022968899,0.172389360702285,0,0,0.103157197554849,0.000448867028152795,0,0.268397409229953,0,0.0200914073390966,0,0,0,0.320728731606258,0,0,0,0,0
X105,0,0,0.00234179393042631,0,0,0,0.113403515214707,0,0.214176201926672,0,0,0,0,0,0,0,0.670078488928195,0,0,0
X106,0,0,0.0612757885783277,0,0,0,0,0.195081364794271,0.00314261454661531,0.000592156741293858,0.0757341490533766,0,0,0,0.504952260002654,0,0.159221666283461,0,0,0
X107,0,0.107626424287853,0,0,0,0,0,0,0,-1.31477232029119e-19,-1.08381243484928e-19,0,0,0,0.707777300395799,0,0.184596275316348,0,0,0
X108,0,0,5.3182443713714e-20,0,0,0,0.160561208161245,0.0653616742646509,0,0,0,0,0.156713014613309,0,0,0,0.617364102960794,0,0,0
X109,0.0822607068624338,0.0467456229711371,0,0,0,0,0,0,0.144920284219374,0,0,0,0,0,0,0,0.726073385947055,0,0,0
X110,0,0,0,0.0083383842984943,0,0.0757845799152714,0,0,0,0,0.415378448006787,0,0,0.181380270390324,0,0,0.319118317389123,0,0,0
X111,0,4.3050803905762e-06,0,0,0.077629686047314,0,0,0.264470983108651,0,0,0.0998577218924682,0,0.000373129059776056,0.297536785289074,0,0,0.260127389522326,0,0,0
X112,0,0.486137065696635,0.00438761476256169,0,0,0,0,0,0,0,0.0154418998133366,-1.38339160243913e-18,0.442885668628493,0,0,0,0.0511477510989741,0,0,0
X113,0,0.00510318914966203,0,0,0,0,5.50429508821052e-05,0,0,0,0.374793048585918,0,0,0,0,0,0.620048719313538,0,0,0
X114,0,0,0,0.0715167938330309,0.261484843115762,0,0,0.503785966491191,0,0.0283952523546432,0.00839654316271569,0,0,0,0.0452095004092384,0,0.0812111006334187,0,0,0
X115,0,0,0.122986218261419,0,0,0,0,-4.51003538646144e-21,0.604166563773515,2.82294588271181e-19,0.0848332264635704,0,0,0,0,0,0.188013991501495,0,0,0
X116,0,0,0,0,0.0210462285348885,0,0.00346716283393699,0,0.368308999360548,0,0,0,0,0,0,0,0.607177609270627,0,0,0
X117,0,0.110564893747599,0.0718022990983432,0,0,0,0.0556325330990045,0.0358644285289672,0.334593811591186,1.59961282877329e-30,0.345478107683066,0,0,0,6.86206863770212e-38,0,0.0460639262518349,0,0,0
X118,0,0.304795500791743,0,0,0,0.0140734586517139,0,0,-3.99646295052509e-18,0,0,0,0.0655524670468582,0,0,0,0.615578573509685,0,0,0
X119,0.0605069131794597,0,0,0.0517117219522721,0.730698759829229,0.0396589211017946,0,0.0284623121678756,0,0,0,0,0.000602598550312805,0,0,0,0.088358773219056,0,0,0
X120,0,0,0,0.0207288810114572,0,0,0.0799871664872482,0.0804656652972069,0,0,1.33845335288515e-18,0,0,7.81065900304111e-29,0.789412168119018,0,0.02940611908507,0,0,0
X121,0,0.159968912975573,0,0,0,0,0,0,0.101143905568961,0,0,0,0.077769827411317,0,0,0,0.661117354044149,0,0,0
X122,0,0,0.0781515203147708,0,0.0801405039263509,0.0707166545828091,0,1.85068323963738e-19,0,0,0,0,0.0502908687020662,0,0,0,0.720700452474003,0,0,0
X123,0.0681063565398896,0,0,0,0,0,0.00215380393989116,0.378835690545205,0.314839782366756,0,0.214779354902362,0,0,0,0,0,0.0212850117058967,0,0,0
X124,0,0.0919350161266126,0,0,0,0.0615308117042735,0,0,0,-1.56880138621152e-18,0.285809614391222,0,0.000489188887278407,0,0,0,0.560235368890613,0,0,0
X125,0.10959739267338,0.366365751225963,0,0,0,0,0,0,0,0,0,0,0.0462242069391765,0,0,0,0.477812649161481,0,0,0
X126,0.133716291255915,0.276339475577522,0.00629690528619154,0.0126413363422125,0,0.311893957256211,0,0,0.0965681668950022,0.0305955597398085,0.0801315667993562,0.0212794779665295,0,0.0305372628812508,0,0,0,0,0,0
X127,0,0.0325890884763588,0,0,0,0,0,0.0259134759967939,0.0551750270256896,0,-7.72439418051101e-20,-6.64704887391875e-19,0,0,0.555923834360837,0,0.330398574140321,0,0,0
X128,0.153937912080542,0,0.141404306575819,0.326285640481444,3.95925705429374e-05,0,0.106398955633364,0,0,0,0,-4.39131010237752e-22,1.06410485680345e-06,0,0.0714404759874216,0,0.20049205256601,0,0,0
X129,0,0,5.41844206280774e-19,0.0326125374740047,0,0.000927132107269815,0,0.285842308756363,0,0,2.85058390814848e-31,0,0,0,0,0,0.680618021662362,0,0,0
X130,0,0.0759798513755213,0,0,0,0,0,0,-3.13337443869818e-19,0,0,0,0,0,0.0252161453059798,0,0.898804003318499,0,0,0
X131,0,0,0,0.0492270701369317,0.00122132596574193,0.538243837984289,0.00525941946555274,0.0091529211112283,0.26015418519354,0,0,0,0,0.000786737264355814,0.135954502878361,0,0,0,0,0
X132,0,0.0107908327185321,0,0,0.276917584902067,0,0,3.92881007997512e-20,0,0,0,0,0,0,-5.50678510038653e-17,0,0.712291582379401,0,0,0
X133,0.146228627725963,0,0,0.329901741727357,0.201275915886563,0,0,3.28124283250049e-05,4.24372866175628e-05,0.139676108077344,0,0,1.1464015562491e-06,0,0,0,0.182841210466274,0,0,0
X134,0,0,0,0,0,0,0.305024156471597,0.134652848125925,4.90470780055677e-38,0,0.363184758045664,0.0326599392192008,0,0,0,0,0.164478298137614,0,0,0
X135,0,0.140384917004684,0.100355010104358,0,0,0,0,-6.05171824823924e-19,0,0.515210587047773,9.57522914852489e-24,0,0.0191951498578592,0.211956969414713,0,0,0.0128973665706121,0,0,0
X136,0,0,0,0,0.0403391340497306,0,0,0.0098783490762745,0,0,5.41139054578536e-19,0,0,0,0,0,0.949782516873995,0,0,0
X137,0,0,0,0,0,0,0,0.271973491219643,0,0,-4.77764921982002e-17,0,0.00315227066691058,0,0,0,0.724874238113447,0,0,0
X138,0.0280856779388011,0,0.196866618806483,0.0857281762495928,0.00167885215612009,0,0.000296639410748192,0.0895716138066254,0,0.0693291309326459,0.0788266062613544,0,0,0,0.419718050410665,0,0.0298986340269646,0,0,0
X139,0,0.0821984988435816,0.106747098355679,0,0.15966242890266,0.108607637455544,0.208171534456418,0.0315391662358898,0,0,1.94717687535925e-18,0,-2.2849944235154e-18,0,0.187643785273657,0,0.115429850476572,0,0,0
X140,0.227201842082996,0,0.161369913765014,0,0,0,0.111247331661091,0.209127399261918,0.0922901735788537,1.22821169907693e-06,0.198762111438428,0,0,0,0,0,0,0,0,0
X141,0,0,0,0,0,0,3.97606293499917e-06,0.00895072530952251,0,0,0.470442103418024,0,0,0,0,0,0.520603195209519,0,0,0
X142,0.0687674775133266,0,0.150326000133252,0,0,0.150972049537561,0.0068953413936878,0,0.00177530938690958,0,0,0.0400175420316304,0.0229320178545844,0,0.250135613336775,0,0.308178648812272,0,0,0
X143,0,0.0825781249999999,0.0810937500000002,0,0,0,0,0.0766406250000006,0.759687499999999,4.98940804759728e-18,0,0,0,0,-2.0101101469477e-17,0,-9.56436748493369e-33,0,0,0
X144,0,0,0,0.0228334890960036,0,0.00739615717030479,0.00222332158620725,0.237822078204501,0,0,0.727161195785747,0,0,0,0.000433330184866352,0,0.00213042797236996,0,0,0
X145,0.323672394911197,0.0845303346360183,0.196757746717261,0,-1.80804160831952e-17,0,0,0.306664895107743,0,0,0,0,1.36847793737468e-32,0,0,0,0.08837462862778,0,0,0
X146,0.0862079457886147,0,0,0,6.26957014856769e-18,0.308885802179663,0.215329574035027,0.114855417989753,0,1.429855792449e-30,0.164738340824202,0,0.109982919182739,0,0,0,0,0,0,0
X147,0.02036199572601,0,0,0,-9.58479151262501e-38,0,0,0.0397282719663731,0.195893308381258,0,0,0,0,0,0.502417216395295,0,0.241599207531065,0,0,0
X148,0,0,0,0,0.101180438448567,0,0,0,0.177065767284991,0,0,3.13360355506038e-26,0,0,0,0,0.721753794266442,0,0,0
X149,0.17222869561114,0,0.0385898173866737,0,0,0,0.308418942690242,0,0.165555739241689,0,0,0,-8.60107262395407e-18,0,-1.68757731492856e-17,0,0.315206805070256,0,0,0
X150,0.194721123940057,0.000310024099374607,0.000773605878966055,0.0119791418642716,0,0,0,0.0120387738729368,0,0,0.268450577143881,0.225375680720686,0,0,0.256726384242899,0,0.0296246882369288,0,0,0
X151,0,0,0.143836459199779,0,0,0,0,2.67146579663622e-06,0.281421193579131,0,0.208782541900486,0,0,0,0,0,0.365957133854807,0,0,0
X152,0,0,0,0,0.0263590644208509,0,0.282685399537,0.218982996727069,-3.14507367712505e-19,0.115813842101062,0,0.356158697214018,0,0,-1.21176599125828e-38,0,0,0,0,0
X153,0,-5.99726025594234e-18,-2.05671516446456e-56,0,0,0,0.073795501312708,0.438905839778613,0,0.199673596821117,0,0,0,0,0,0,0.287625062087561,0,0,0
X154,0.0172723637240278,0.0201291178423584,0.058606942773003,0,0,0,0,0.0647910188095327,0.1059787381473,2.73696830924686e-19,0.0276594049765445,0,0.0262270811144637,3.8822407579784e-30,0.613846088141575,0,0.0654892444711953,0,0,0
X155,0,0.119741994183496,0,0.00215275634047676,0,0,0,0.120733074460999,-2.79162480603141e-34,0,0,4.58024906764041e-17,0,0,0,0,0.757372175015029,0,0,0
X156,0.0676265856994746,0,0.0197537201184057,0,0,0,0,0.233903873773674,3.13171914520833e-29,0,0.156952873102039,0,0.449265819197616,0,-3.02257626733018e-17,0,0.0724971281087917,0,0,0
X157,0,0,0,0.100965445602029,0,0,0.174913690385262,0.205288564357948,8.19284223172989e-40,0,0,0,0,0,0,0,0.518832299654761,0,0,0
X158,0.0672496274146006,0,0,0,0,0.0193008290991262,0,0.0233526504734944,0.0150383796710513,0,0.0709695738821945,0,0.0251115514755845,0,0,0,0.778977387983948,0,0,0
X159,0,0.0308305676812229,0.0577628237362462,0,-3.31169335305857e-20,0,0.333108042924337,0,0,8.98871876660236e-20,0.0031472469225226,0.173404014280632,0.00442607278577512,0.173635499892609,-2.99569925990137e-19,0,0.223685731776655,0,0,0
X160,0.328328296996714,0.0584580437449303,0.00126054977543443,0.0866951606400805,0.00745396451269346,0,0,0.392807937542937,0,0,2.7928865151388e-20,0,0,0,0,0,0.12499604678721,0,0,0
X161,0,0,0,0,8.29171744230229e-06,4.76262945308783e-06,0.000173721393771878,0.45232728681428,0,0,0,0,0,0,0.000243951773475066,0,0.547241985671577,0,0,0
X162,0,0.116160535239287,0,0,0,0,0,0.24728698902257,0,0,-8.66807751592994e-18,0,0,0,0,0,0.636552475738142,0,0,0
X163,0.0909753615163467,0.0873936740941264,0,0,0,0,0,0,0,0.128720654070316,0.00551166419367129,0,0,0,0,0,0.68739864612554,0,0,0
X164,0,0,-7.3084867130863e-20,0.00267021578126355,0.0963670472019796,0.0086580009233401,0,0,0,0,0.613883995237503,0,0,0,0,0,0.278420740855914,0,0,0
X165,0,0,0.0364278004997979,0,0,0,0,0,0.132616632608145,0,8.40760537775656e-21,0,0,0,0,0,0.830955566892058,0,0,0
X166,0,0,0.000733649268986084,0,0,0.00120192554223753,0,0.0191737304374403,0.651075846411014,0,0.226374067372985,0,0,-5.07416194791913e-28,0.0673873181069452,0,0.0340534628603914,0,0,0
X167,0,0.112759326203896,0.145580815992066,0.225389303328672,0,0.174915762111343,0.145726581416339,1.33449115534514e-06,1.2696519516694e-05,0,6.78746811894309e-06,0,0,0,0,0,0.195607392468893,0,0,0
X168,0,0,0.0726767837283911,0.183139757696152,0,0.119117076140444,0.0948667437770068,0.149165207515595,0,0,0.0617095715984812,0.0767715191134325,0,4.9325866951107e-07,0.0978600637063479,0,0.144692783465481,0,0,0
X169,0.130836132841095,0.0755827452449545,0,0,0,0.0236100415400209,0,0,0,0,0.00988263911553545,0,0.161781658617702,0,0,0,0.598306782640692,0,0,0
X170,0.292228897489268,0.0418197788169748,0,0,0.0441940364011471,0,0,0,0,0,0.150974703824825,0,0,0,0,0,0.470782583467785,0,0,0
X171,0,0,-5.0731116343523e-19,0,0,3.88429179962955e-29,0.282022417702702,0.0684743364336298,0.127980301648385,0,0.19867476714419,0.220162871212313,0,6.25334856961739e-20,0.0968073431056475,0,0.00587796275313171,0,0,0
X172,8.09450519763847e-31,0.00807054864331131,0.0970543664414945,0,-2.90455794479144e-20,0,0.120125274895427,0.123674674161651,0,0.0105982895218316,0,0,0,0,0.602386601000393,0,0.0380902453358911,0,0,0
X173,0.0788591530541239,0,1.33095380449902e-30,-4.52300296556776e-20,0,0,0,0.329601797960269,0,0,0.0541582764689152,0,0.434328871255768,0.103051901260924,9.59099755785444e-31,0,0,0,0,0
X174,0,0,0,0,0.313263310679482,0,0,0,0,0,0,0,0.00175872342053137,0.633522627985633,0,0,0.0514553379143539,0,0,0
X175,0,0,0.0119063206135176,0,0.251000097075574,0,0,0,0.532089308218874,0.050370917645611,1.9072309985892e-29,0,0.0585419855724216,0.0630926076281171,0.0329987632458849,0,0,0,0,0
X176,0.0560130556230207,0,0.0398141781704015,0,0,0,0,0.317043817436661,0.234038391749431,2.41197002651109e-30,0.28170702784068,0,0,0,0,0,0.071383529179806,0,0,0
X177,0.0454649628270596,0,0,0,0,0,0,0,0,0,0.116071768820225,0,0,0,1.51362652387792e-21,0,0.838463268352716,0,0,0
X178,0.0500794357175601,0,0,0,0,0.593296363589956,0,0,0,0,0,0,0,0,0,0,0.356624200692484,0,0,0
X179,0,0.183828952311878,0,0,0,0.0584690218445631,0,0.0670001784988257,1.95968416100702e-20,0,0,0,0,0,0,0,0.690701847344733,0,0,0
X180,0.0259115674025085,0,1.02139468389422e-29,0.0315411561248422,0.0898063132538439,0,0,0.0896024912575224,0.0967610733965009,0,0.206998897036847,0,0,0,0,0,0.459378501527935,0,0,0
X181,0,0,0.0751516149910371,0.00718781814169024,0,0.103125755332845,0.139475419337985,0.0381825888648309,0.556231320281257,0,5.74657755934325e-23,-1.31865009436996e-19,0,0,0,0,0.0806454830503545,0,0,0
X182,0,0.0398060912701377,0,0,0,0,0,0.00596133574651851,0,0,0.351501148304362,0,0,0,0,0,0.602731424678982,0,0,0
X183,0,0,0,0.220664725473754,0,0.0735607634107107,0,0.47274955537183,0,0,0.195088389228162,0,0,0,0,0,0.0379365665155433,0,0,0
X184,0,0.462805546110546,0.189513422087376,0,-3.42611992287193e-17,0,0,0.154453540716716,0,0,0,3.37534300449796e-40,0.193227491085363,0,0,0,0,0,0,0
X185,0.0304956604953071,0.0569185061397165,0,0,0,0,0,0,0,0,0.0636186822877128,0,0,0,0,0,0.848967151077264,0,0,0
X186,0,0,0,0,0,0,0,0.0173165163476219,0,0,-3.13014049558899e-18,0,0.122089785026498,0,-1.85861107706049e-19,0,0.86059369862588,0,0,0
X187,0,0,0,0,0,0,0,0,0.167368821538749,-1.00633818801566e-16,9.41839339049198e-05,0,0,0,0,0,0.832536994527346,0,0,0
X188,0,0,0,0,1.25113615652745e-16,0.00263707534031355,0.346808781669578,3.20006506588007e-20,0,0.0782696158062672,0.45335748596442,0,0.0182756004530266,0,0,0,0.100651440766394,0,0,0
X189,0,0.0229970018400034,0,0,0,0,0.000982344024987643,0,6.11187148482376e-20,0.122504139977952,0.272486275765466,0,0,0,0,0,0.581030238391591,0,0,0
X190,1.8817473130008e-06,0.155490069967886,0.131015048561107,0,0,0.125726613670185,5.39214429494544e-07,0.128019716696291,0.109440460931741,7.031060733761e-07,0.0944374474697481,0,2.8919225365894e-05,0,0.0978148827217,0,0.158023716688161,0,0,0
X191,0,0,0,0,0,0.0313391985661062,0,0.0425980734168684,1.15833851892255e-31,0,0.840126518625916,0,0,0,0,0,0.0859362093911096,0,0,0
X192,0,0,0,0,-3.10156029011908e-17,0,0,0,0.348661877319017,1.69810905350493e-30,0.431297860582616,0.148219783689903,3.18729007402728e-19,0,0,0,0.0718204784084632,0,0,0
X193,0,0,0.00331275631848804,0,0,0,0,0.0833703464609304,0,0.159481163149923,0,0,0,0,0,0,0.753835734070658,0,0,0
X194,0,0,0,0.0408386861932516,0,0.0315417836379003,0.159744575164147,0.0906942727070737,0.510187496297388,0.0703568271635431,0.00181494291715235,0,0,0,0,0,0.0948214159195439,0,0,0
X195,0.0694008208445908,0,0.0434729766367814,0,0,0,0,-1.01798344256006e-18,0,0,0,-4.48626702746278e-18,3.43435508839594e-24,0.0929704664229683,0,0,0.794155736095659,0,0,0
X196,0.000983275914394172,0.300379813146205,0.00372569708355931,0,0.00881625220895316,0.115009766262045,0,0.128308747442646,0,0.238537629709931,0,0,0.000766127547258044,0,0,0,0.203472690685009,0,0,0
X197,0.0334249741715214,0.0492297182189873,0,0,0,0,0,0,0,0,0,0,0.254073604560725,0,0,0,0.663271703048766,0,0,0
X198,0,0.159515864684582,0,0,0,0,0,0,0,0,3.07103807518051e-18,0,0.056992926431377,0,0,0,0.783491208884041,0,0,0
X199,0.087421686113611,0,0.0915924794248284,0.048459396255332,0,0,0,0.023599954328147,0,0,0.0916415851836721,0.61142147634499,0.017085709390528,0,0.00336931625524032,0,0.0254083967036508,0,0,0
X200,0.00889394620336311,0,0,0,0,0,0,0,0,1.04556413701112e-19,0,0,-2.54282631605044e-18,0,0,0,0.991106053796637,0,0,0
X201,0,0,0.00604885827686627,0.0313867660327918,0,0,0.223709922831752,0.0395629396526753,0.330172438928068,0,0,0,0,0,0,0,0.369119074277847,0,0,0
X202,0.114118780688576,0.0198517542035445,0,0,0,0.198777383621753,0,1.97204377006857e-05,0,0,0.487464861879883,0,0,0,0,0,0.179767499168543,0,0,0
X203,0.0760782768582837,0,0,0,-6.97626627143011e-16,0.218386596192204,0.119289865220742,0,0,0,0.417247745466192,0,0,0,0,0,0.168997516262579,0,0,0
X204,0,0,0.0376529033850982,0.0746671445173218,0.128406571143294,0,0,0,0,0,0.650424718191197,5.17368227889238e-38,0.103181268731078,0.00566739403201102,0,0,0,0,0,0
X205,3.939729884836e-31,0,0.353689482594306,0,0,0.101044038432005,0.243984329362738,0.16560276533439,0,0.0347560301076332,0,0,0,0,0,0,0.100923354168927,0,0,0
X206,0.0260793877691292,0.00152126743442486,0.00670189462016372,0.0268349871714564,0,0,0.106395108123276,0.179386977105969,0.0927044179118433,0.0102634697316518,0,0,0,0,0,0,0.550112490132086,0,0,0
X207,0.167360026013591,6.07791741773307e-05,0.183924477174247,0,0,0,0.191339985336336,0.116961550836295,0.128298858878735,0,0,0.0622181016763447,0.14983551182324,0,7.09087033723446e-07,0,0,0,0,0
X208,0.0323563052797565,0,0.0181767833437654,0,0,0.0190843550116819,0,0,0.177892441603396,0,0,0,0,0,0,0,0.752490114761401,0,0,0
X209,0.17179605676889,0.228637956213974,0.163194191342589,0,-1.34048396221728e-18,0,0,0.39991880108659,0,0.0364529945879572,0,0,0,0,0,0,0,0,0,0
X210,0,0.213626199430597,0,0,0,0,0,0,0,0,0,0,0,0,0,0,0.786373800569403,0,0,0
X211,0,0.29994455525094,0,0,0,0,0,0.0657292268406918,0,0,0.0246208908015502,0,0,0,6.29156606244148e-18,0,0.609705327106818,0,0,0
X212,0.0553061968513181,0.172578154875395,0,0,0,0,0.170785219313255,0,0,0,0.000745631054230982,0,0.130413821182513,0,0,0,0.470170976723288,0,0,0
X213,1.39302997532098e-30,0.0254913319722445,0.0326520396627659,0,1.55051618036423e-15,0,0,0,0.245066682664758,0.111948823609181,0,0,0,0,0,0,0.58484112209105,0,0,0
X214,0.0581446796635903,0,0,1.56481426713754e-30,0,0,0,0.0801717664813029,0,0,0,0,0,0,-1.31793806401692e-30,0,0.861683553855107,0,0,0
X215,0.102601518189118,0,0.120868639613821,0,0,0,0.326581533117779,0.0897586763873927,0.168725924638507,0,0,0,0.0748496941678077,0,-2.29640725742645e-46,0,0.116614013885574,0,0,0
X216,0.0101391556421867,0.0217617304959347,0,0,0,0,0,0,0.239067094497086,0.035601829651713,0,0,0.0608364068393606,0,0.114534497799182,0,0.518059285074537,0,0,0
X217,0,0,0.00698902882226089,0,0,4.6227928056763e-32,0.220738850940856,0,0,0,0.329289268004335,0,0.194805794555187,0,9.75041386967917e-22,0,0.248177057677362,0,0,0
X218,0.272621223870558,0,0,0,0,0.311387463812192,0,0.37558331073774,0,0.00168758785971916,0,0,0.0343208771953049,0,0.00439953652448704,0,0,0,0,0
X219,0,0.233878447313447,0,0,0,0.0313241096468237,0.000215014130271777,0,0,0,0.293280861475388,0,0.0437941389300481,0,0,0,0.397507428504021,0,0,0
X220,0,0,3.90915239446842e-20,0.0606941562208216,0,0.0104878759961164,0,0.156934272606297,0,0.031463627988349,0,0,0,0,0,0,0.740420067188416,0,0,0
X221,0,0.00640692469816259,0,0,0,0,0,0.154109625979269,0,-5.59339035242098e-19,0.255423914626122,0,0,0,0,0,0.584059534696447,0,0,0
X222,0,0,0,0,0,0,0,0,0.0477686654595803,0.217009266162529,0,0,0.250399403557355,0,0,0,0.484822664820535,0,0,0
X223,0.0323255303685307,0,0,0,0,0,0.0880292157576584,0,0.0784087833344075,0,5.38288805710623e-19,0,0.0486850146656415,0,0,0,0.752551455873762,0,0,0
X224,0,0,0.0895389634425701,0,0,0.00346077049169232,0,0.162899270136951,0.27535062528605,0,0.221075936007057,0,0,0,0,0,0.24767443463568,0,0,0
X225,0,0,0.145660762001224,8.00664816690363e-07,0,0.163493366992707,6.34326971988867e-06,0.21585476256961,0.0617159046048752,0,3.25008404896164e-07,0,0.221672993156337,0,0,0,0.191594741732305,0,0,0
X226,0,0.110293906293151,0,0,0,0,0,0.0639505077356539,0,0.202378152562138,0,0,0,0,0.202397558297286,0,0.420979875111772,0,0,0
X227,0.0894347793623535,0,0.00376315985962836,0,1.61230930656959e-38,0,0,0,0,0.0246845366982751,0,0.149630403942358,0.380900470394983,0,0.351586649742402,0,0,0,0,0
X228,0,0,0,0.0751614829039503,0,0.130460717677007,0,0.148574803494972,0,0,0.0105251077626224,0,0.116238482688935,0.00282729562456362,0.00102236163008704,0,0.515189748217863,0,0,0
X229,0.0413611374467368,0.10965520802207,0,0,0,0.057946630506427,0,0,0,0,0,0,0.0730368452070095,0,0,0,0.718000178817757,0,0,0
X230,0,0.05603938070812,0.0285172586680071,0,3.60739195368388e-16,0,0,0.00374034643411018,0.0476906240186848,-1.08585730302915e-19,0,0,0,0,0.756325818128552,0,0.107686572042526,0,0,0
X231,0.000253423430829299,0.0977208566821632,0,0,0,0,0,0,0.15617043252742,0,0,0,0,0,0.425095528349321,0,0.320759759010267,0,0,0
X232,0,0.0829351741299906,0.167282175816579,0,1.53573049172169e-15,0,-3.80668995061086e-18,0,0.189404274482365,0.0859384675447727,0,0,8.39769109785356e-20,0,0.292703943542877,0,0.181735964483413,0,0,0
X233,0,0.0839653131099805,0,0,0,0,2.98827557771097e-19,0.243640203513488,0,0,0.484944481776583,0,0,0.144107388563566,-3.12841084778258e-39,0,0.0433426130363831,0,0,0
X234,0,0,0,0,0,0,0,0.0494004488456016,0,0,2.54731279473716e-19,0,0,0,0,0,0.950599551154398,0,0,0
X235,0.0161042047345555,0,0,0,0,0,0,0,0.0793330564132454,0,0.0542766675068812,0,0,0,0.107228185978982,0,0.743057885366337,0,0,0
X236,0.126683034641317,0,0,0.00251178086232163,0.000121319797194906,0.0141053781071715,0,0.710637716854541,0,0,0,0,0.00653255230616411,0,0.03863583918189,0,0.100772378249399,0,0,0
X237,0.0569440294672651,0,0,0,0,0.587119957234344,0.0264251036971775,0,0,0,0,0,0.0616774362005408,0,0,0,0.267833473400673,0,0,0
X238,0,0,0,1.44038620007888e-06,0.188556648553411,0.129171870027367,0,0.25160350820167,0,0,0.125884684622605,0.113460586270576,0,0,0,0,0.191321261938171,0,0,0
X239,0.101927816410897,0,0,0,-3.61506679769024e-38,0,0,0.110732012615331,0.400177903673952,0.193591178517951,0,0,0,0,2.04799330162308e-39,0,0.193571088781869,0,0,0
X240,0.144324529851334,0,0.110720910448386,0,0,0,0,0,0.123126433896405,0.185723709539804,0.1315662534345,0,9.60112348312658e-07,0,7.99916352139632e-05,0,0.304457211082009,0,0,0
X241,0,0.15719362119175,0.000801865025546428,0.108997729930857,0.647280300669839,0,0,0,0,0,0,0,0.0281125526906661,0.0576139304913415,0,0,0,0,0,0
X242,0.0150422267995088,0,0,0,0.0135558384508769,0,0,0,0,0,0,0,0.00145780898924652,0.7761403777672,0.193803747993168,0,0,0,0,0
X243,0.248213797904868,0.0911174682239848,0,0,0,0.0526092934820197,0,0,0,0,0,0,0,0,0,0,0.608059440389128,0,0,0
X244,0,0.0232221744399701,5.86028869989879e-30,0,0,0,0,0.0585701812684888,0.00947391740620656,0,-1.06101242537563e-20,0,0,0,0.499068246087285,0,0.40966548079805,0,0,0
X245,0.0297791046640398,0.00265984437958732,0,0,-8.23410420395385e-32,0,0,0,0,0,0,0,1.02926302546e-31,0,0.376665748453443,0,0.59089530250293,0,0,0
X246,0,0,0,0,0,0,0.378978534418948,6.70358895187513e-19,0.1339748334567,2.15262992162822e-31,0,0,0,0,0,0,0.487046632124352,0,0,0
X247,0,0.0673414050904429,0,0,0.0619553399752946,0,0,0.111341041032255,0,-4.95669315124464e-18,0.0701314457282473,0,0,0,0,0,0.68923076817376,0,0,0
X248,0,0,0,0,5.32106015955348e-11,0.266325600155539,0.0436780207904068,0.169826782646468,0,0,0.173559723870646,0,8.81210564817625e-06,9.65822036211232e-07,0,0,0.346600094556046,0,0,0
X249,0.271504086304968,0,0.00327275288210821,0,-3.37081042687815e-19,0.273799293099104,0,0.0710169925163344,0.00140237267526575,0.0121531532891229,0.308300278542151,0,0.0585510706909456,0,0,0,0,0,0,0
X250,0,0,0,0,-5.89879799852372e-17,0,0,0,0.191843971631207,0,0,0,4.82816270140199e-31,0,0.530496453900708,0,0.277659574468085,0,0,0
X251,0.0457342351366819,0,0,0,-7.99178974550033e-20,0,0,0.0626925306954704,0,0,0,0,0.849264590894407,0.00722595765482084,0,0,0.0350826856186197,0,0,0
X252,0.0924582657215582,0,0,-3.3014997682586e-18,0,0,0,0.32997774224305,0,0,0,0,0.309125207952955,0.268438784082436,0,0,0,0,0,0
X253,0.0785157012394369,0,0.280489640037912,0,0,0,0,0.000857989188674655,0,0,0,0,0,0,0,0,0.640136669533977,0,0,0
X254,0.104228997410351,0,0.0102913652636553,0,0,0,0.094878085304397,0.109644134381724,0,3.64960424766429e-30,0.401515349552072,0.052152311602128,0,7.40830660845783e-31,0,0,0.227289756485672,0,0,0
X255,0.182969305566155,0.0886186652385884,0,0,0,0.072588937780438,0,0.242419540685272,0,0,0.0979122071257332,0,0,0,0,0,0.315491343603814,0,0,0
X256,0.0875195347229088,0,0,0,0,0.000945895044747695,0.251558714323944,0.150479800096408,0,0.00133418851623436,0.312533801425507,0,0,0,0.0795504965244359,0,0.116077569345815,0,0,0
X257,0,0.202773890645406,0,0,0,0.0170040310418852,0,0,0.308059403904779,0,0,0,0.162368487838495,0,0,0,0.309794186569435,0,0,0
X258,0.0340219481770164,0,0,0,0.150791184398023,0,0,0.0434117017831624,0,0,0.0254809789568443,0,0.123017227170288,0,0.304730278481896,0,0.31854668103277,0,0,0
X259,0,1.18473652224282e-31,-2.18823511571637e-20,0.0389009795463865,0,0.0813587594595078,0,0,0.55028469872617,0,0,0,0.167479966800244,0,0,0,0.161975595467692,0,0,0
X260,0,0,7.97448059090167e-05,0,0,0.118544158844482,0.028617091216183,0.130468949761555,0,0,0,0,0.477969402441903,0,0.0235894177888111,0,0.220731235141157,0,0,0
X261,0,0,0,0,0.718866853692097,0.00506760156329565,0,0.148791866076605,0,0.0905164606476507,0,0,0,0,0,0,0.0367572180203512,0,0,0
X262,0,0,0,0,0.0118828254952084,0,0,0.0373557057095117,0.00561961961051405,0,0.426427697178871,3.62422610031589e-20,0,0,0,0,0.518714152005895,0,0,0
X263,0.031551543871201,0,0,0,0,0,0,0.181310926651727,0,0,0,0,0,0,3.55956117880179e-23,0,0.787137529477072,0,0,0
X264,1.53912308181935e-06,0,0.154496361151388,0,0,0.191109572493553,2.98245797453024e-05,0.185519725194352,0.18696368293072,0,0,0,0.00021087988294585,0,0,0,0.281668414644214,0,0,0
X265,0,0,0,0,0.030369090815873,0,0,0.0888922699097447,0.0651580215655942,0,-2.66982589656279e-18,0,0,0,0,0,0.815580617708788,0,0,0
X266,0,0,0,0,0.173016806095625,0,0.349526722414426,0.0460345792122387,0,-9.9284306223273e-19,0.0700182029117742,0,3.42710480116183e-18,0,0,0,0.361403689365935,0,0,0
X267,0.0972336374087015,0,0,0,0,0,0,0.093445334055328,0,0,0,0,0.0909528974273157,0,0,0,0.718368131108655,0,0,0
X268,0,0,0,0.00243204369045464,0.000911409894937124,0,0,0.459362133766647,0,0,0,0.124904843615466,0.412389569032495,0,0,0,0,0,0,0
X269,0,0.0987315475085309,0.0825554073698072,0.140492797047761,0.0496710573948917,0.00306111891921363,0,0,-7.75017367273613e-17,0,0.287347910771524,0,0.163176446271457,0.174963714716816,0,0,0,0,0,0
X270,0.00680852365309255,0.0687379680677183,0,0,0,0,0,0,0,0,0.0486732975297694,0,0,0,0,0,0.87578021074942,0,0,0
X271,0.214564127155158,0,0.158071417353492,0,0,0,0,0,0,0.0898303124972337,4.41277652951557e-21,0.101953949522369,0.0262807093147694,0,0,0,0.409299484156978,0,0,0
X272,0,0,0,0,-4.8615739724723e-31,0.0251899437129751,0,0.0804416816268011,0,0,0.718837155282351,0,-3.78755359028994e-18,4.57272042016655e-30,0,0,0.175531219377873,0,0,0
X273,0,0,0,0,1.63449500847593e-17,0,0,0,0,0,-1.44170609837994e-32,2.57111647857411e-32,0,0,0.690972222222222,0,0.309027777777778,0,0,0
X274,0,0,0,0,0,0,0,0.140989277879392,0.00450639565176166,0,-4.42050446954824e-19,0,0.0350954065881138,0,0.210257266197854,0,0.609151653682878,0,0,0
X275,0.0166930969732775,0.0515735967031311,0,0,0,0.00145839039676135,0,0.106318373137847,0,0,0.29191088171344,0,0.38394038271333,0,0.092800467987599,0,0.0553048103746137,0,0,0
X276,0,0.0858846926684317,0.208022318592198,0,0,0.156274412321601,-5.62474222721845e-18,0.0308246242530643,0.0616492485061286,0,0,0,0.273973071814587,0,0,0,0.183371631843989,0,0,0
X277,0,0.00141138201650652,0.00794900811262501,0,0.675217232370835,0,0,0,0,0,0,0,0.0666464376129526,0,0.129177392381053,0,0.119598547506028,0,0,0
X278,0,0.0924689686215417,0.0731057633273743,0,5.08993762349897e-19,0.224757548929082,0,0.144169755084576,0,0,0.233261639815736,0,0.0743747079398408,0.157861616281849,3.30365180996604e-31,0,0,0,0,0
X279,0.0810970504276089,0,0.102228790989958,0,0,-2.73877392057404e-18,0.00524704503316571,0.138341917061431,0,0,0,0.000846010462285729,0.279340475732484,0,0.251668894731422,0,0.141229815561645,0,0,0
X280,0.0422531660958171,0.0330847588495461,0,0,0,0,0,0,0.153650264017091,0.0181027087016374,0,0,0.0642103277505563,0,0,0,0.688698774585352,0,0,0
X281,0.0536070527621589,0,0.246819271594849,0,-1.61632682007192e-18,0,0,0.282875871092492,0,0,0,0,0.0375027262056918,0,0,0,0.379195078344809,0,0,0
X282,0.00640261368613273,0.104828572733648,0.16194632405847,0,0,0.0243738241339801,0,0,0.191533277685325,0,0.398035497093881,-6.4141563651048e-19,0,-2.85092696229231e-18,6.31513309423871e-20,0,0.112879890608563,0,0,0
X283,0.000818220201281423,0,0.223336893771008,0,1.51175205964679e-18,0.0958949907594283,0,0.125585094998756,0.0721717834998475,0,0,0,0.452298739887132,0,0.00372092398541488,0,0.0261733528971317,0,0,0
X284,0,0,0,2.07333672505592e-06,0.295775149648968,0,0,0.283145460707288,0,0,0.082091111571805,0,0.338986204735215,0,0,0,0,0,0,0
X285,0.184764143841419,0.0451968959035485,0,0,0,0.0748564361049314,0,0,0,0,0,0,0,0,0,0,0.695182524150101,0,0,0
X286,0,0.439708705257123,0,0,0,0.00934486069687064,0,0.0664179759736052,0.0105094414924451,0,0.063236812557841,0,0,0,0.042013714865883,0,0.368768489156232,0,0,0
X287,0.177950099141613,0,0,0,0,0.0304649471977108,0,0,0,0,0.523086636710431,0,0,0,0,0,0.268498316950245,0,0,0
X288,0,0.170316515412811,0.163051701736724,0,0,0.110179951968326,0.12332955598502,0.137442654099378,0,4.52173841227477e-07,0.110129123662632,0,0,0,0,0,0.185550044961269,0,0,0
X289,0,-3.06178106478404e-19,-7.31045217378097e-32,0,0,0.0998954063805596,0,0.151759441504512,0,0,0.503150897931101,0,0.0806734511712436,0,0,0,0.164520803012584,0,0,0
X290,0,0,-5.85646946066315e-49,0,1.05819383818586e-38,0.0192472997720223,0.0579287663041451,0,0.377022835145943,0,0.311768882909145,0,0,0,0,0,0.234032215868745,0,0,0
X291,0,0.101809004000939,0.0859117919028068,0,0,0,-1.68527591267963e-39,0.0409695114547506,0.479678145992791,0,0,0.187774905368868,0,0,0,0,0.103856641279844,0,0,0
X292,0,0,0,0,4.21402467784294e-17,0,0,-1.51174223091385e-18,0,0.011404702677969,0,0,0.207255831532641,0,0,0,0.78133946578939,0,0,0
X293,0,0,0.320529589635837,0,0,0,0.0188561457532207,0,0,0,6.80740707880594e-19,0,0.07112285042396,0,0,0,0.589491414186982,0,0,0
X294,0.0193485066159111,0,0,0,0.245094178289162,0,0,0,0,0,-3.15248105936281e-19,-4.08244765194298e-20,0.00410473980691469,0.650620530591458,0,0,0.0808320446965542,0,0,0
X295,0,0,0,0.0487143739297709,0.698470169581371,0,0,0,0,0,0,0,0.252815456488858,0,0,0,0,0,0,0
X296,0,0,0,2.56380073903548e-06,0.179292074012258,0,0.0974609380539552,0,0,0,0,0,0.419409713886278,0.30383471024677,0,0,0,0,0,0
X297,0.0664400095213516,0,0.255943238555508,0,0,0.00472046416004926,0,0.0193725557208739,0.138975797499676,0,0.400327084302858,0,0,0,0,0,0.114220850239684,0,0,0
X298,0.0745571673840742,0.000295373847020774,0.189035413656344,0.0147441554917609,0,0,0.19247443829111,0,0.00180042763238517,0.0628511442504767,0,0.00142947766083928,0.0120746946249335,0,0.450737707161056,0,0,0,0,0
X299,0.0498575769478254,0.127912976709936,0,0,0,0.0444808634434623,0,0.0260688037323544,0,0,0,0,0,0,0,0,0.751679779166422,0,0,0
X300,0,0.0619548406771909,0,0,0,0,0,0,0,0,4.14462933394319e-18,0,0.0544754563418909,0,0,0,0.883569702980918,0,0,0
X301,0,0,0,0,0,0,0,0.0193138778810909,-3.07790655790551e-16,0,7.46004493829063e-18,0,8.03725904023401e-19,0,0,0,0.980686122118909,0,0,0
X302,0.0705003413347491,0,0,0,0,0,0.372640534932048,0.444989277187798,0,0,0,0,0,0,8.32743393593627e-19,0,0.111869846545405,0,0,0
X303,0.130400587277832,0,0,0,0.0902327684161468,0,0,0,0,0.00107544716781975,0,0,0,0,0,0,0.778291197138201,0,0,0
X304,0.0672210526258378,0,0.0691100842446997,0,0,0.0804249397520034,0,0.161490620401855,0,0,0,0.100473279172757,0.514128313317911,0.0032329559722775,0.00391875451265979,0,0,0,0,0
X305,0,0,0,0.171064523316977,0.378905417787948,0.0530017445983934,0,0,0.00615541538937876,0,0,0,4.11284337814316e-05,0.20204765590839,0.171730727203244,0,0.0170533873618866,0,0,0
X306,0.0591993252129241,0.15109585046271,0,0,0,0.013269310522977,0,0,0,0,0.0955879801330046,0,0.133462624388673,0,0,0,0.547384909279711,0,0,0
X307,0.0115983141365942,0.182387644301169,0,0,0.0459960979671519,0,0,0,0.0493543154106578,0,0.20830799656385,0,0,0,0,0,0.502355631620577,0,0,0
X308,0.0267391850265149,0,0.164930082455521,0,-1.6829649326358e-16,0.101714884058958,0,0,0.0813373450345341,0.169787305376475,0.401262834605158,0,0,0,0,0,0.0542283634428381,0,0,0
X309,0.171402661354566,0,0.00629852606799623,0,0,0.0457206313354959,0.00484104124472779,0.0496804025875942,0.00036979187717441,2.53628593645286e-06,0.332469416631172,0,0.199870809860094,0,0.13468127554924,0,0.0546629072060023,0,0,0
X310,0,0.177250197268723,0.11229814948064,0.0439256206114352,0.310199218842769,0,0,0.0339145882098685,0,0,0.16399293940045,0,2.21674994204517e-30,0,0.125040261479201,0,0.0333790247069128,0,0,0
X311,0,0,0.0261924711328155,0,0.2177032818112,0.0198157186828981,0,0.080432909608382,0,0,0,0,0.35814577591012,0,0.146779609230829,0,0.150930233623754,0,0,0
X312,0,0.0390365093745491,0.0146085028500519,0,0,0,0,0.0293679465271254,0.602184531262896,0,0.265629200048944,0,3.00574731210461e-18,0,0.049173309936434,0,4.13102007589376e-30,0,0,0
X313,0,0.231427015870372,0.186215290110321,0,1.79784229353864e-17,0,0,-4.23201718709659e-39,7.53353331474848e-19,0.215308677764408,0,0,0.157076981221127,0,0,0,0.209972035033772,0,0,0
X314,0.231743719606589,0.0514595051362874,0.109574684845778,0,0,0.036312666488818,0,0.0927868814344651,0,0,0.176668753709651,0,0.173816443247398,0,0,0,0.127637345531014,0,0,0
X315,0.341270872792866,0.147216532180563,0.0397383265276945,0,-1.42838315725504e-38,0,0,0,0.25417848593281,0.0868788444411606,0,0,0.0253909277918975,0,2.23049597585152e-20,0,0.105326010333008,0,0,0
X316,0,0,0.119284099232818,0,6.79749876883304e-18,0,1.92359691496716e-28,0.090941525026834,0,0.00557462916127605,0.44752951013623,0,0.0786334450071976,0,0,0,0.258036791435644,0,0,0
X317,0.0524475445182671,0.09265900236328,0,0,0,0.247987648576025,0,0,0.183815585915494,0,0,0,0.152016756894344,0,0.0690477493012385,0,0.202025712431352,0,0,0
X318,0,0.35024469580896,0.127644444335372,0,0,0.0497089439679122,0.000205060929124103,0.0441702452170085,0,0,0,0,0.150932747407441,0,0,0,0.277093862334183,0,0,0
X319,0,0.0319652281653408,0,0,0,0,0.0420422542370299,0,0,0,0,0.0915256431887478,0,0,0.49754192947014,0,0.336924944938741,0,0,0
X320,0.113691102609464,0,0.266762600007218,0.13514822115962,0,0.0956492196267931,0,0,0,0.0850848195893184,0.180519376453335,0,0,3.73699434015437e-30,0,0,0.123144660554251,0,0,0
X321,0.0911978090570836,0.0431462475912149,0,0,0,0.107984527261673,0,0,0,0,0,0,0.0410286318512135,0,0,0,0.716642784238815,0,0,0
X322,0,0,0.0628057922470002,0.0213939396353786,0,0.130127053443793,0,0.205554877424321,0.217355011370153,0.0123823245544358,0,-1.50767704504599e-19,0.260857270979736,0,0.0895237303451829,0,0,0,0,0
X323,0,0,0,0,1.08208012921152e-18,-1.42563614841701e-19,0,0.0436385307200167,0,0,0,0,0.183651226567754,0,0.332085635071815,0,0.440624607640414,0,0,0
X324,0,0.0463911889857412,0,0,0,0.025576296485107,0,0.0375033405813848,0.634623209414,0,0,0,0.0334993021192202,0,0,0,0.222406662414547,0,0,0
X325,0,0.229067138840149,0.215027936901502,0,0,0.0405014899800506,0,0,0.328761256230174,8.13264749808296e-31,1.08324493995062e-19,0,0,0,0,0,0.186642178048124,0,0,0
X326,0,0.046935522921257,0,0,0.102913245632483,0,0,0.0534090609768654,-4.24218976383551e-17,-1.41394136919652e-17,0.185728248657449,0,3.29216847886234e-18,0.0129455072940864,0.421926994701969,0,0.17614141981589,0,0,0
X327,0.0494345571598174,0.240898234586396,0.00581616028959606,0,1.19373701870657e-18,0.163415748335495,0.227891106675178,0.0976726395837804,0,0.0770246253295579,0,0.000494392310055398,0.0615565391969675,0,0.0757959965331576,0,0,0,0,0
X328,0.107090956970743,0,0,0,0,0,0,0.183902142912785,0,0,0,0,0,0,0,0,0.709006900116472,0,0,0
X329,0.0171054164990156,0.374207965447702,0,0,0,0.0169701618015202,0,0,0,0,0.125096365035875,0,0,0,0.025947963549637,0,0.44067212766625,0,0,0
X330,0.173322477497565,0,0,0,0,0.180387513253157,0.172388574600876,0.12055122435561,0.109865763511119,0,0,0.0748279727490468,0.16865182904473,2.30461586845829e-06,0,0,2.34037202807017e-06,0,0,0
X331,0.0924106789069103,0,0.0488901677239109,0.827470640514721,0,0,0,0,0,0,0.000825807328461959,0,0.0304027055259954,0,0,0,0,0,0,0
X332,0,0.0632111301599068,0,0,0,0,0,0,0.208447500651487,0,0.118150565786386,0,0.35700808175452,0,0,0,0.2531827216477,0,0,0
X333,0.0179498718722091,0,0,0,0.479061241137549,0,0,0.156164182567498,0.031628123725472,0,0.025397411650371,0,0,0,0,0,0.289799169046901,0,0,0
X334,0,0.0143414782708329,0.06468723391929,0,0,0,0,0.103789742918881,0,0.316932791403143,0.00012155283159426,0.0828185749254134,0,0,0,0,0.417308625730846,0,0,0
X335,0.0844008504636199,0.155245854712325,0,0.0306925952673278,0,0,0,0.093433571002312,0.389166014415121,0,0.0435639076738839,0,0,0,0.0232422958498396,0,0.180254910615572,0,0,0
X336,0.0558189598023858,0.27647437474396,0,0,0,0,0.0876334331647208,0,0,0,0.00397607417070429,0,0.0683069949195373,0,0,0,0.507790163198692,0,0,0
X337,0,0,7.18334251052534e-32,0.0137614627519322,0,0.120435976098433,0,0.302986010738246,0,0,0.371310847210697,5.14510830700693e-23,0,0,0,0,0.191505703200692,0,0,0
X338,0.0106413774104027,0,0.135611128507844,0.0170262038566443,0.0961090413807145,0,2.76069652135899e-19,0.0497911418292673,0.230965801403299,0,0.376506419320714,0,0,0,0,0,0.0833488862911136,0,0,0
X339,0.0553035529828001,0.385040178902881,0.00792961376991533,0,0,0.0798866040474907,0,0.151284650518987,0.000131932730953574,0,6.34779070874229e-21,0,0.153579250545368,0,0.000626498650566429,0,0.166217717851038,0,0,0
X340,0.0778755547770496,0.0455979108712745,0,0,0,0,0.126053535992249,0.154908889154448,0,0.04180103355298,0.105154950574279,0,0,0,0.289166736872267,0,0.159441388205453,0,0,0
X341,0.0306238718418152,0.187792051533292,0,0,0,0.0473360000024514,0,0,0,0.0403836572325394,0,0,0.0168531016858082,0,0,0,0.677011317704094,0,0,0
X342,0,0.405879562738623,0,0,0,0.0187210967947926,0,0,0,0,0,0,0.123246143074303,0,0,0,0.452153197392281,0,0,0
X343,0,0,0,0,0,0,0.000258223811283267,0.161336258706346,0,0,0.526161577168371,0,0.053157236892721,0,-1.32589989250655e-18,0,0.259086703421279,0,0,0
X344,0.131209353234551,0.0634581093688499,0,0,0,0,0,0,0,0.134010128862994,0,0,0,0,0.0222379944903349,0,0.64908441404327,0,0,0
X345,0.193334902586384,0.118134329005206,0.207812031558856,0,0,0.123769994728655,0,0.00416651356737703,0,0.00199765344457137,1.11039236509485e-13,0.032761948839309,0,0,0.199210783640489,0,0.118811842629042,0,0,0
X346,0.0902242207828736,0.129211054433882,0,0,0,0,0,0.178213239284346,0,0.0400974854150897,0.0216664568253042,0,0.0133284248697513,0,0,0,0.527259118388753,0,0,0
X347,0.186331862829992,0.0502892287338058,0.288949074209491,0,0,0,0.0256219702116378,0.0665930370844425,0,0,0.0172553181860631,0,0,0,-9.91197124566664e-19,0,0.364959508744568,0,0,0
X348,0.0700265018852623,0,0.0466615640618482,0,7.56758660395742e-32,0.0723030248325874,0.0650141779614741,0.123147760956919,0.0424364822937635,0,0.0335126190484614,0,0,0,0.455594313804183,0,0.0913035551555011,0,0,0
X349,0.000196816364215967,0,0.432058218121413,0,0,0.254415973301696,0.000793666653692776,0,0.00650682418797877,0.276804763792091,0,-6.41522494823967e-20,0.0270835352781484,0,0,0,0.00214020230076375,0,0,0
X350,0,0.0440403980904823,0.0849363510829054,0,0.0596427232657252,0,0,0,0.48728853893702,7.98967036151281e-19,0.244837929680755,0.0761476671074695,0.00310639183564233,0,0,0,0,0,0,0
X351,0.0608748313686668,0.134760615783852,0.00156521940169925,0,0,0,0.420889861991224,0,0,0.00119544936193829,0.267421994586044,0,0,0,0.0977697831575668,0,0.015522244349009,0,0,0
X352,0.150984926695811,0.056165979706302,0,0,0,0,0,0,0,0.112646871843642,0,0,0,0,0,0,0.680202221754245,0,0,0
X353,0.120368586938624,0,0,0,0,0.0107883233296384,0,-9.35528693444686e-20,0,0,0,0,1.66576516942707e-17,0,0,0,0.868843089731737,0,0,0
X354,0,0.0459731555874623,0,0,0,0,0,0,0,0,-7.07876323832939e-20,0,0.0292521661215479,0,0.0192479292081434,0,0.905526749082846,0,0,0
X355,0.0148372503212628,0,0,0,0,0,0,0.0125424561007832,0,0,0,0,0,0,0,0,0.972620293577954,0,0,0
X356,0,0,0,0,0,0,0.00655778799743906,0.0893634146489145,0,0.158247664583601,0,0,0.0462168532714133,0,0,0,0.699614279498632,0,0,0
X357,0,0,0,0.0577691148160355,0,0,0,0.283500108827757,2.93902148895202e-19,0,0,0,0.392150178075444,0.257523921297818,8.78489138009948e-24,0,0.0090566769829452,0,0,0
X358,0,0,0,0,0.665385215588202,0,0,0.107228020568901,0,0,0,0,0,0,-8.05885314628232e-20,0,0.227386763842898,0,0,0
X359,0,0.104309611246343,0,0,0,0.11525089773019,0,0,0,0,0,0,0.665219726381856,0.00532466366930689,0,0,0.109895100972304,0,0,0
X360,0,0,6.22414945019042e-06,0,0.357457190595678,3.71281383635596e-06,0,0,0,0,3.47166100522648e-07,0,0.000157082650377792,0,0.355829843218343,0,0.286545599406214,0,0,0
X361,0.0571819276417429,0.238346400689425,0,0,0,0,0,0,0,0,-8.43644641593101e-20,0,0.00559899416471138,0,0,0,0.698872677504121,0,0,0
X362,0.295250250416646,0,0,0.0339026032700837,0,0,0,3.96409913310584e-19,0,0,7.74245199309787e-11,0,0.0160674494649716,0,0,0,0.654779696770874,0,0,0
X363,0,0.0546552156146365,0.00121278272453297,0,0,0,0,0.13094613314696,0.00256710600527552,0.16425410688109,0,7.15974892199774e-19,0.0421875768398327,0,0.469711394790865,0,0.134465683996807,0,0,0
X364,0,0.0113431284500494,0.0317918270974854,0.0250991138414302,0,0,0.413253034753461,0,0.354228466426312,0.108914626547926,0.0319015104396346,0,0.0100558629059541,0,5.73552663081562e-06,0,0.0134066940111168,0,0,0
X365,0.0401850501350175,0.288308885625692,0,0,0,0,0,0.0140677437568893,0.566004108362835,0.0201301381874625,0,0,0,2.85111826115576e-29,0,0,0.0713040739321042,0,0,0
X366,0,0.106125512418203,0.194898112413601,0,0.0958875298599654,0.0381243364210545,0,0,0.00381103957711627,1.55154690971643e-22,0.263308100888122,0,0,0,0,0,0.297845368421938,0,0,0
X367,0.0267033365513849,0.320500005315701,0,0,0,0.0370482369596747,0,0,0,0.198381491865865,0,0,0.0541875480141213,0,0,0,0.363179381293253,0,0,0
X368,0,0.114052362679727,0.0671110553081727,0,0.184091064433722,0,0,0,0.197236293730186,0,0,0,0,0,0,0,0.437509223848193,0,0,0
X369,0,0.127078886872943,0,0.0375541205204508,0.032251541351954,0,0.158684911205046,0.0659429175453507,0,0,0.484922999227776,0.00153434144091324,0,0,1.00671759281334e-12,0,0.092030281834559,0,0,0
X370,0.0653128959196644,0,0,0,-4.87827185350713e-19,0.211706676019753,0.182899180590458,0,0,0,0.350886133726108,0,0.164861762866622,0,0,0,0.0243333508773943,0,0,0
X371,0,0,0,0,0,3.55937336390068e-06,0,0,0,0,0,0,0.20922155757641,0,0.359675253551948,0,0.431099629498279,0,0,0
X372,0,0.671717700018264,0.0630807059225956,0,0.0251526952972232,0.0244661539514248,0,0.00948489268165656,0.0057098088666644,0.0375299883254629,0.162858054936709,0,0,0,0,0,0,0,0,0
X373,0,0,-3.61845655306338e-21,0,0,0.0132832452866319,0,0.16486253257029,0.345080742279135,0,0,0,0,0,0,0,0.476773479863943,0,0,0
X374,0,0.149065896718861,0.182097486839027,0,0,0,1.68252991143722e-05,1.25563511184783e-06,0.0554597175456047,0.144752494527658,0.107768029398951,0,0,0.123165908542724,0.0731402062408013,0,0.164532179252146,0,0,0
X375,0.119194574832463,0,0.240357492939196,0,0,0,0.174477914257286,0,0,0,0.00407005724942613,0,0.142947883429099,0,0,0,0.31895207729253,0,0,0
X376,0.0384897428531331,0,0.0173203842839099,0,0,0,0.0740837596843552,0,0.12926025303073,0,0.344322143141531,6.21535495961394e-31,0,-1.3667354155375e-17,0,0,0.396523717006341,0,0,0
X377,0,4.20448947873952e-31,0.486253689359331,0,0,0.144737976453137,0,0.177715879910923,-7.23425164080865e-21,0.103741729604769,0,0,0,0,0,0,0.08755072467184,0,0,0
X378,0,0,0.163076379698266,0,0,0.207634025058654,0,0.094355136524779,0,0.0127002006126533,0.294743338226361,0,0,0,0,0,0.227490919879287,0,0,0
X379,0.023917375046855,0.0371052913261674,0,0,0,0,0,0.187194468780344,0,0,0,0,0.0498098462615734,0,-2.91817799300392e-18,0,0.70197301858506,0,0,0
X380,0,0.054230047410904,0.0380743637036613,0.0245940626376922,0,0,0.00353324558673819,0.128325864322296,0,0,0.487499945484857,0.094978536688139,0,0.000569846771379535,0,0,0.168194087394333,0,0,0
X381,0.0579056197007049,0.0243556289729268,0,0,0,0.0334460752845586,0.000624201497448475,0,0,0,0.130332629573195,0,0.0275318520230384,0,0,0,0.725803992948128,0,0,0
X382,0,0.0259237613200629,0,0,0,0,0,0,0,0,0,0,0.240356992504028,0,0.128431146011244,0,0.605288100164665,0,0,0
X383,0,0.0849254679925467,0,0,0,0,0,0.319147849662479,0,6.50497633348257e-19,0,0,0,0,0,0,0.595926682344974,0,0,0
X384,0,0.139307995508153,0.163085674877519,1.21262102832624e-06,0.081321662060251,0,5.59468992348915e-05,0,0.0900567155948152,0,0.169307597194413,0,0.17984818384997,0.177015011394616,0,0,0,0,0,0
X385,0,0,0.0204517279234312,0.0255090651366809,0.121725622724784,0,0,0.0818138702960014,0,1.08235752535413e-30,0.403734923381152,0,0,0,0.221510049200771,0,0.12525474133718,0,0,0
X386,0.000204399067783602,0.000211231841301798,0.404973720984594,0.225718015924717,0,0,0,0,0,0,0,0,8.61068399901398e-06,0.368880774647967,0,0,3.24684963739637e-06,0,0,0
X387,0.219395512561188,0,0,0.228284762543739,0.0729179045406359,2.23050825295609e-06,0.1089994517849,4.71284530186826e-05,0.109041029134863,0,2.24461348625348e-08,0,0,0,0,0,0.261311958027267,0,0,0
X388,0,0.01808054383998,0.0869511500900738,0,0,0,0,0.355893052085883,0.242606300821614,0,0,0,0,2.22638058624201e-31,0.165543485086599,0,0.13092546807585,0,0,0
X389,0.0140030508134428,0,0.0408630747463525,0,0,0,0.294437157173806,0.353642400034377,0.0357912322536158,0,0,0,0,0,0.261263084978406,0,0,0,0,0
X390,0.12481921363434,0.189439624060692,0.194878881562565,0,0,0,0,0.148191078820089,0.10404821532887,0,0.138753213120151,0,0,0,0.099867398628071,0,2.37484522150996e-06,0,0,0
X391,0.0104700471179785,0.0414889039645399,0,0,0,0,0.13014914524248,0,0,0,0,0,0,0,0.32150534900585,0,0.496386554669151,0,0,0
X392,0.107177777042081,0.0965857373855769,0,0,0,0,0,0,0,0.187734122355275,0.0387731752579103,0,0,0,0,0,0.569729187959157,0,0,0
X393,0.0502635893053633,0.0511558491168027,0,0,0,0.394900295956713,0,0,0,0,0,0,0.0717887330093962,0,0,0,0.431891532611724,0,0,0
X394,0.181144405868481,0,0,0,0,0,0.0127244181231207,0,0,0.175346726857468,1.65718754623933e-18,0,0.07109180315139,0,0,0,0.559692645999541,0,0,0
X395,0,0.123359442773185,0,0,0,0,0,0,9.21196554862965e-19,7.37050199773963e-18,0.0649874117260886,0,0,0,0,0,0.811653145500727,0,0,0
X396,0,1.60605380266981e-06,0.157039393249863,0,0,0.391063444093391,0,0,0.0753213293909897,0.209435938018879,0,1.11646177682198e-05,0,0,0.167127124575307,0,0,0,0,0
X397,0.135631910506147,0.0395758710596282,0,0,0,0.0697660164271735,0,0,0,0,0.00115089329218455,0,0.0444785512659294,0,0.236355179831187,0,0.473041577617751,0,0,0
X398,0,0.0284717631400182,0,0,0,0,0,0,0.00443564206700823,0,0.58430514120993,0,0.0284367407275341,0,0,0,0.354350712855509,0,0,0
X399,0,0,0,0,0,0,0,0,0.65087726246584,0.0617846251336686,0,0,0.251059447898927,6.33747937993858e-31,0,0,0.0362786645015644,0,0,0
X400,0.176555489483422,0.217646061089762,0.00060112858119506,0,0,1.58545069796378e-06,0,0.13647382406169,0,5.52395061741849e-06,0.181955373803566,0,0,0,0.0749732035633524,0,0.211787810015697,0,0,0
X401,0.0178309138450135,0.182366314437375,0.252375176848332,0,-2.17392443426874e-17,0,0,0,0,0,0.466706219465489,0,0,0,0,0,0.0807213754037906,0,0,0
X402,0,0,0.0446532989602154,0,0.00536126862651679,0,0,0.00206431994355628,0.810597796075427,0,0.00106174320203069,0,0,0,0,0,0.136261573192254,0,0,0
X403,0.0310681267748655,0,0.172478072942567,0,0,0,0,0,0,0,0.396101331602288,0,0.0378824322421805,0,0,0,0.3624700364381,0,0,0
X404,0.0163925222960911,0.0368322655969655,0,0,0,0,0,0,0.119025008219155,0,0.195123810853116,0,0,0,0,0,0.632626393034672,0,0,0
X405,0,0.139322247381629,0,0,0,0,0,0,0,0,0.0120832829802057,0,0,0,0,0,0.848594469638165,0,0,0
X406,0,0,0,0,0.00325852593121841,0.00400739347825884,0,0.0583684177685327,0,0,0.921374852951945,0,0,0,0,0,0.012990809870045,0,0,0
X407,0,0.156436201736802,0,0,0,0,0,0,0,0,0.0250459916277088,0,0.0229991033462744,0,0,0,0.795518703289214,0,0,0
X408,0.253416361150742,0,0,2.1101318122328e-06,0,9.5531966731623e-06,0,0.277849903452522,0,0,0.210240901034805,0,0,0,0,0,0.258481171033445,0,0,0
X409,1.9495284130915e-29,0,0.0229514652905045,0,0,0,0.0762521376564993,0,0,0,0,0,0,0.0672758187643144,0.623595969235722,0,0.20992460905296,0,0,0
X410,0,0,0,0,0,0,0,0,0.00648231161556938,0,0.2477388661391,0,0.0907229112562093,0,0,0,0.655055910989122,0,0,0
X411,0,0,1.12805111775727e-18,2.87331172518123e-28,0,0,0,0.097347437521183,0,0,0.624213774773006,0,0,0.00852118105725929,0.257838269600878,0,0.0120793370476737,0,0,0
X412,0.0254125339003511,0.169221542015531,0,0,0,0.0212070315017503,0,0,0,0.000220017816640318,0.076206584658489,0,0.030893669974176,0,0.0338286182919768,0,0.643010001841085,0,0,0
X413,0.175985694014845,0.0873544343645226,0,0,0,0,0,0,0,0,0.284987580338034,0,0,0,0,0,0.451672291282599,0,0,0
X414,0,0,0,0,0,0.0159949801098693,0,0,2.42852744164923e-31,0,0.921913477931426,0,0,0,0,0,0.0620915419587046,0,0,0
X415,0.0417066350789854,0,0.00398363779401249,0,0,0,0.294647794298842,0.233162332867095,0.000333295869805452,0.0404086019578034,0,0,0,0,0.348314876498771,0,0.0374428256346858,0,0,0
X416,0.0522518608224973,0.0532700540404843,0.172014646516578,0,0,0.0443890277192518,0.000380496850318501,0.0818881727932732,0.00071738897145196,0,0.412970226040995,0,0,0,0.00108495547919484,0,0.181033170765955,0,0,0
X417,0,0,0,0.0280010871963892,0.822331984115219,0,0,0.144690318047712,0,0,0,0,0.00497661064067981,0,0,0,0,0,0,0
X418,0,0,0,0,-9.24053128655678e-18,0,0,0,0.258131816026553,0.181792318634424,0,0,0.479753437648174,0,1.69921271730109e-21,0,0.0803224276908488,0,0,0
X419,0.224698350037,0,0.0205883735229455,0,0,0,0.415650940068161,0.0609662675798871,0,0,0.106310160854648,0,0,0,0,0,0.171785907937358,0,0,0
X420,0,0,0.389894419306184,0,0,0,-3.09663888155309e-17,0,0,0,0,0,0.123831070889894,0,-1.77051335551374e-39,0,0.486274509803922,0,0,0
X421,0.189908459144997,0.231789453842168,0,0,0,0.0474536632278027,0,0,0,0,0,0,0,0,0.123089289167926,0,0.407759134617106,0,0,0
X422,1.96577616828326e-06,0,0.229171629969571,0,0.00114842249354321,0,0,0.142673801484587,0.0910072013209186,0.174318377458276,0,0,0,1.92541932009599e-06,0,0,0.361676676077616,0,0,0
X423,0.149008124714268,0,0.00605460285801394,0,0.393688222707113,0.0928015351082523,-1.12032659045055e-18,0.105607957842772,0.0311854544812959,0,0.0781001791992064,0,0,0,2.91467455690633e-18,0,0.143553923089079,0,0,0
X424,0.0385964462780762,0.0447911362205635,0,0,0,0,0,0,0,0,0,0,0,0,0,0,0.91661241750136,0,0,0
X425,0.0332557975082881,0.170750879416871,0,0,0,0,0,0.0760070169378447,0.0373040115863147,0,0,0,0,0,0.378512593046685,0,0.304169701503996,0,0,0
X426,0,0,0.27694129329619,0,0.101698988578952,0,0.142675472471967,0,0.158745024686503,0.319845531456497,0,0,2.94617087220144e-06,0,9.07433390186606e-05,0,0,0,0,0
X427,0.0442353731638891,0.0902943007946259,0,0,0,0,0,0,0,0,0,0,0,0,0.755092537966491,0,0.110377788074994,0,0,0
X428,0,0.217995285802564,0.147467150307396,0,1.15646966406755e-31,0,0.371816190126301,3.14554628038337e-32,0,1.01489941808936e-19,0.083256952171766,0,0,0,0,0,0.179464421591973,0,0,0
X429,0,0,0.0959327886936641,0,0,0,0,0.376145102239844,0,1.74768072242336e-17,0.21797310908248,0,0,0,1.94116794421555e-18,0,0.309948999984013,0,0,0
X430,0,0,0.00478405062326078,0,3.69396632382703e-16,0.0928220180688444,0,-3.28364148031217e-19,0,0,0.874661685663096,0,0,0,1.53677894969499e-21,0,0.0277322456447988,0,0,0
X431,0.0611883574903789,0.0556126912661348,0,0,0,0,0.276759064682633,0.178684858968395,0,0,1.89827326797535e-21,0.112102950383242,0,0.00018302771008248,0,0,0.315469049499134,0,0,0
X432,0.0803522252268798,0.00357998237049391,0,0,0,0,0,0,0,0,0,0,0,0,0.33948373220211,0,0.576584060200516,0,0,0
X433,0,0,0.0896755311322988,0,0,0,0,0.0905953336883531,-1.59910986231918e-18,0,0,0,0,0,0,0,0.819729135179348,0,0,0
X434,0,0,0.0602559131124031,0.0336457647210547,0,0.0136790132073272,0.00569021142452712,0,0.397986551199713,-8.42547049212246e-18,0,0,0.0632625986187417,0,0.320283322301182,0,0.105196625415051,0,0,0
X435,0.0596055877951746,0,0,0,0.0313349766777015,0.0257140797981081,0,0.121562994710538,0,0.0515667807623091,0.0342584198389038,0,0,0,0.0589957224195918,0,0.616961437997673,0,0,0
X436,0,0,0,0.0771093984349973,0.405176616946207,0,0.115878232911625,0,0.0869749650553567,0.00293272980903505,0.268289963362118,0,0,0,2.92133472226748e-13,0,0.0436380934803686,0,0,0
X437,0.0792902405203326,0.22174769897371,0,0,0,0,0,0,0,0,-8.75172882557971e-18,0,0,0,0,0,0.698962060505957,0,0,0
X438,0,0,0,0,0.513570953996627,0,0,0,0.0446588146813811,0,0.0516695528665385,0,0,0,-5.75580068487212e-18,0,0.390100678455453,0,0,0
X439,0.166462161105168,0.164001023099719,1.6239592452669e-06,0,0.251751777470201,0,0,0,0,0,0.133185017307357,0,3.93544611962895e-05,0,0,0,0.284559042597114,0,0,0
X440,0.0659621011051166,0,0,0,0,0.0666894647843457,0,0,0.217242645983991,0.0731266869285077,0,0,0.132861768418876,0,0,0,0.444117332779163,0,0,0
X441,0,0.000369638927135513,0.514025169749192,0,0,0,0,0.38049148318608,0.0281191510306519,0,-1.43306360382892e-18,0,0,0,0,0,0.07699455710694,0,0,0
X442,0.36509171044728,0.208365892912828,0,0,0.0644009120543283,0,0,0,0,0,-1.223792816124e-19,0,0.136162495558929,0,0,0,0.225978989026635,0,0,0
X443,0.0960277112096501,0,0,0,0,0.0196644514179225,0,0,0,0,0,0,0.190507557522661,0,0.12035860453763,0,0.573441675312137,0,0,0
X444,0,0.0286356243820977,0,0,-6.56258146519085e-19,0,0.000471390730177742,0.138499341506534,0,0.449297507623105,0.00387737733362376,0,0.255364682210083,0,2.72825520302473e-20,0,0.123854076214379,0,0,0
X445,0,0.105259538625436,0.00467870553606465,0,0.045932521601829,0,0,0.0516566791249147,0.477253116877263,0.201769619433262,0,0,0,0,0,0,0.113449818801231,0,0,0
X446,0,0,0.0348659260072515,0,0,0,0,0.122592051873336,-1.01940164142893e-16,0.0342613449064302,0,0,0,0,0,0,0.808280677212982,0,0,0
X447,0,0.0415894705751688,9.02295758728302e-31,0,0.468280644712466,0,0.0765492309682651,0,1.48863065355642e-20,0,0,-2.03429825125031e-20,0.0280786289485948,0,0,0,0.385502024795506,0,0,0
X448,0,0,0.0615465702883817,0,0,9.03962907141586e-32,0.149597168887884,0,0.479948799036218,0,-1.34555014017349e-18,-4.040428093771e-18,0.245659212408704,0,0.0632482493788122,0,0,0,0,0
X449,0.270809845134302,0.120386698074283,0,0,0,0,0,0,0,0,0.195309037307731,0,0.0122327423718266,0,0,0,0.401261677111858,0,0,0
X450,0.0144738103981568,0,0.097267443150329,0,0,0,0,0.0661307636308304,0.118484200017214,0,0,0.0990383186418325,0,0,0.343278787504693,0,0.261326676656944,0,0,0
X451,0.11280027845168,0.0844919021133881,0,0,0,0,0,0,0,0,2.13242035581367e-18,0,0.000573157137505713,0,0,0,0.802134662297427,0,0,0
X452,0.0674599153992889,0.0980572190820843,0.00653722749755613,0,0.150751529975773,0.0986705002900097,0,0.0496576820348459,0,0,0,0,0,0,0.160612966296528,0,0.368252959423914,0,0,0
X453,0,0,0,0,0,0,-2.37972827511292e-17,0,-1.13094885000487e-15,0,0,0,0.00467677711225394,0,0,0,0.995323222887747,0,0,0
X454,0,0.129583941220675,0,0,0,0.013712285661195,0.145497553968494,0,0.194426533164238,0.0407685803297279,0,0,0.0869849992917149,0,0,0,0.389026106363955,0,0,0
X455,0,0.122349642428752,0.0393901933349452,0,0,0,0.0300013089208188,0.0773285874873715,0,0,0,0,0,0.00262474520810817,0.523225500549437,0,0.205080022070567,0,0,0
X456,0.0183505945601502,0.0278960473003209,0,0,0,0,0,0.0333295271811109,0.0193514970972495,0,0.00104051620038163,0,0,0,0.364968291732577,0,0.535063525928209,0,0,0
X457,0.084786766973269,0,0,0,0,0.0514197787541659,0,0.0470250287577994,0,0,0.34816445375641,0,0.157397763467569,0,0,0,0.311206208290786,0,0,0
X458,0.0158404207401831,0.139439165410176,0,0,0,0.0619307387534786,0,0.137097116368696,0.0728987688581481,0,0,0,0,0,0.128555833606984,0,0.444237956262334,0,0,0
X459,0,0,0,0,0.155765209399265,0,0,0.0057280412626527,0,-5.07947440589546e-19,0,0,0,0,0,0,0.838506749338082,0,0,0
X460,0,5.59751404683133e-30,0,0,0,0.0115684679679719,0.0932162303061691,0.699518712490316,0.165936388826464,0,0,0,0,0.0186229404967111,0.0111372599123673,0,0,0,0,0
X461,0,0,0.0256555558648423,0,7.08151672312486e-39,0.0316882000789312,0,0.31630389555106,0.159424412002788,0.313404759285212,0,0,0,0,0.063270230566468,0,0.0902529466506987,0,0,0
X462,0,0.0606660499384409,0.291950321863906,0,0.0282623115002249,0,7.33593882602845e-30,0,0,0.21684593383628,0.336874301128665,0,0,0,0,0,0.065401081732483,0,0,0
X463,0,0,0.0677577529973806,0,0,5.69405387649337e-18,0.14291049683812,0.182098838152794,0.377720039382894,0,-4.31657947111238e-19,0.0531147223771449,0,0,0.0701072354927757,0,0.10629091475889,0,0,0
X464,0.0205657270057255,0.16101681275778,0.132271407179705,0,7.87808424164893e-18,0.0688481894925951,0,0.0324695800391542,0.0709594742475644,0.448807252633217,0.0650615566442597,0,0,0,0,0,0,0,0,0
X465,0,0,0,0,0,0,0,0.0583831372230892,0.712765302220186,0.000117950402352407,0.0540925305622645,0,0.127680955228914,0.0017292207464444,0,0,0.0452309036167501,0,0,0
X466,0,0,0,0.0186123090010788,0.322116594506648,0.00103076774042259,0,0.126593102293311,0.000899929035218861,0,0.284237556971553,2.96357307694228e-20,0.114835381428423,0,0.125051983928484,0,0.0066223750948604,0,0,0
X467,0,4.37054772859645e-05,0.274153719377061,1.6878024443919e-06,0,0.144265882644335,0,0.218407737084656,0.075814900114132,3.36720469881139e-05,0,0,0,0,0.0957623889149801,0,0.191516306538117,0,0,0
X468,0,0,0,0,0.272853450312657,0,0,0.0604554453883328,0,1.04686948893353e-18,0.253005896574733,0,0.054392516827761,0,0.00953086480495471,0,0.349761826091561,0,0,0
X469,0.0431808657207867,0,0,0,0,0,0,0.159179059927469,0.0025237045290926,0,4.94421944894237e-22,0,0.0411763577926421,0,0.174940198077895,0,0.578999813952114,0,0,0
X470,0,0,0.0984721992048437,0.0541982625851881,0.0630145132990459,0,0,0.0296283835465699,1.39142797227857e-19,0.149441696439762,0.123822425196911,0,0.167609015152376,0.25057027237278,0,0,0.0632432322025238,0,0,0
X471,0.0870053897489184,0,0,0.0213062462054582,0.690932555347313,0,0,0.131301278805521,2.25136954755e-30,0,-5.49769925207225e-31,0,0.0694545298927895,0,0,0,0,0,0,0
X472,0.0356746185128501,0.174847334711578,0,0,0,0.0617169154296128,0,0,0,0,0.00711806642622394,0,0,0,0,0,0.720643064919736,0,0,0
X473,0,0.0845740764095233,0.0390788172758812,0,0,0.00164286473574031,0,3.67960506614404e-28,0.557903211031656,0.102830107274702,6.00828796166073e-24,0,0.0642834203830053,0,1.68561914256306e-19,0,0.149687502889492,0,0,0
X474,0.0207079012873544,0,0.298970850599411,0,0,0.019299896716533,0,0,0,0,0,0,0,0,0,0,0.661021351396702,0,0,0
X475,0,0,0.002661942590384,0,-1.60178957725897e-16,0,0,0,0.514477945398792,1.49934992354177e-19,0.121765855994718,0,0,0,0.254021393184032,0,0.107072862832075,0,0,0
X476,0.0752612807726322,0.00365240426369142,0.635958070199614,0.00765461097738129,0,0,0,0.134089251560537,0,0,0.00768712214204265,0,0,0,0,0,0.135697260084101,0,0,0
