spot_id,center_x,center_y,radius,n_cells
0,3687.2336123445957,-3959.5496323283514,45.24948240524486,2
1,3777.7325771550854,-3959.5496323283514,45.24948240524486,3
2,3868.231541965575,-3959.5496323283514,45.24948240524486,2
3,3687.2336123445957,-3869.0506675178617,45.24948240524486,1
4,3777.7325771550854,-3869.0506675178617,45.24948240524486,6
5,3868.231541965575,-3869.0506675178617,45.24948240524486,7
6,3958.730506776065,-3869.0506675178617,45.24948240524486,4
7,4049.2294715865546,-3869.0506675178617,45.24948240524486,8
8,4139.728436397044,-3869.0506675178617,45.24948240524486,5
9,4230.227401207534,-3869.0506675178617,45.24948240524486,1
10,4320.726366018023,-3869.0506675178617,45.24948240524486,2
11,4411.2253308285135,-3869.0506675178617,45.24948240524486,3
12,3868.231541965575,-3778.551702707372,45.24948240524486,8
13,3958.730506776065,-3778.551702707372,45.24948240524486,5
14,4049.2294715865546,-3778.551702707372,45.24948240524486,8
15,4139.728436397044,-3778.551702707372,45.24948240524486,5
16,4230.227401207534,-3778.551702707372,45.24948240524486,4
17,4320.726366018023,-3778.551702707372,45.24948240524486,2
18,4411.2253308285135,-3778.551702707372,45.24948240524486,8
19,4501.724295639003,-3778.551702707372,45.24948240524486,8
20,4592.223260449493,-3778.551702707372,45.24948240524486,7
21,4682.722225259982,-3778.551702707372,45.24948240524486,12
22,4773.2211900704715,-3778.551702707372,45.24948240524486,8
23,4863.720154880962,-3778.551702707372,45.24948240524486,12
24,4954.219119691452,-3778.551702707372,45.24948240524486,6
25,5044.718084501941,-3778.551702707372,45.24948240524486,3
26,3777.7325771550854,-3688.0527378968823,45.24948240524486,2
27,3868.231541965575,-3688.0527378968823,45.24948240524486,6
28,3958.730506776065,-3688.0527378968823,45.24948240524486,10
29,4049.2294715865546,-3688.0527378968823,45.24948240524486,8
30,4139.728436397044,-3688.0527378968823,45.24948240524486,6
31,4230.227401207534,-3688.0527378968823,45.24948240524486,12
32,4320.726366018023,-3688.0527378968823,45.24948240524486,8
33,4411.2253308285135,-3688.0527378968823,45.24948240524486,11
34,4501.724295639003,-3688.0527378968823,45.24948240524486,9
35,4592.223260449493,-3688.0527378968823,45.24948240524486,8
36,4682.722225259982,-3688.0527378968823,45.24948240524486,14
37,4773.2211900704715,-3688.0527378968823,45.24948240524486,9
38,4863.720154880962,-3688.0527378968823,45.24948240524486,10
39,4954.219119691452,-3688.0527378968823,45.24948240524486,10
40,5044.718084501941,-3688.0527378968823,45.24948240524486,4
41,3777.7325771550854,-3597.5537730863925,45.24948240524486,3
42,3868.231541965575,-3597.5537730863925,45.24948240524486,6
43,3958.730506776065,-3597.5537730863925,45.24948240524486,8
44,4049.2294715865546,-3597.5537730863925,45.24948240524486,6
45,4139.728436397044,-3597.5537730863925,45.24948240524486,11
46,4230.227401207534,-3597.5537730863925,45.24948240524486,10
47,4320.726366018023,-3597.5537730863925,45.24948240524486,9
48,4411.2253308285135,-3597.5537730863925,45.24948240524486,9
49,4501.724295639003,-3597.5537730863925,45.24948240524486,10
50,4592.223260449493,-3597.5537730863925,45.24948240524486,8
51,4682.722225259982,-3597.5537730863925,45.24948240524486,8
52,4773.2211900704715,-3597.5537730863925,45.24948240524486,8
53,4863.720154880962,-3597.5537730863925,45.24948240524486,13
54,4954.219119691452,-3597.5537730863925,45.24948240524486,11
55,5044.718084501941,-3597.5537730863925,45.24948240524486,6
56,5135.21704931243,-3597.5537730863925,45.24948240524486,7
57,5225.716014122921,-3597.5537730863925,45.24948240524486,13
58,5316.214978933411,-3597.5537730863925,45.24948240524486,8
59,5406.7139437439,-3597.5537730863925,45.24948240524486,10
60,3777.7325771550854,-3507.054808275903,45.24948240524486,9
61,3868.231541965575,-3507.054808275903,45.24948240524486,7
62,3958.730506776065,-3507.054808275903,45.24948240524486,9
63,4049.2294715865546,-3507.054808275903,45.24948240524486,12
64,4139.728436397044,-3507.054808275903,45.24948240524486,9
65,4230.227401207534,-3507.054808275903,45.24948240524486,10
66,4320.726366018023,-3507.054808275903,45.24948240524486,7
67,4411.2253308285135,-3507.054808275903,45.24948240524486,5
68,4501.724295639003,-3507.054808275903,45.24948240524486,11
69,4592.223260449493,-3507.054808275903,45.24948240524486,7
70,4682.722225259982,-3507.054808275903,45.24948240524486,10
71,4773.2211900704715,-3507.054808275903,45.24948240524486,7
72,4863.720154880962,-3507.054808275903,45.24948240524486,12
73,4954.219119691452,-3507.054808275903,45.24948240524486,10
74,5044.718084501941,-3507.054808275903,45.24948240524486,7
75,5135.21704931243,-3507.054808275903,45.24948240524486,11
76,5225.716014122921,-3507.054808275903,45.24948240524486,6
77,5316.214978933411,-3507.054808275903,45.24948240524486,13
78,5406.7139437439,-3507.054808275903,45.24948240524486,8
79,3777.7325771550854,-3416.555843465413,45.24948240524486,6
80,3868.231541965575,-3416.555843465413,45.24948240524486,11
81,3958.730506776065,-3416.555843465413,45.24948240524486,5
82,4049.2294715865546,-3416.555843465413,45.24948240524486,7
83,4139.728436397044,-3416.555843465413,45.24948240524486,6
84,4230.227401207534,-3416.555843465413,45.24948240524486,6
85,4320.726366018023,-3416.555843465413,45.24948240524486,7
86,4411.2253308285135,-3416.555843465413,45.24948240524486,8
87,4501.724295639003,-3416.555843465413,45.24948240524486,5
88,4592.223260449493,-3416.555843465413,45.24948240524486,7
89,4682.722225259982,-3416.555843465413,45.24948240524486,8
90,4773.2211900704715,-3416.555843465413,45.24948240524486,10
91,4863.720154880962,-3416.555843465413,45.24948240524486,10
92,4954.219119691452,-3416.555843465413,45.24948240524486,5
93,5044.718084501941,-3416.555843465413,45.24948240524486,14
94,5135.21704931243,-3416.555843465413,45.24948240524486,10
95,5225.716014122921,-3416.555843465413,45.24948240524486,5
96,5316.214978933411,-3416.555843465413,45.24948240524486,6
97,5406.7139437439,-3416.555843465413,45.24948240524486,8
98,3687.2336123445957,-3326.0568786549234,45.24948240524486,2
99,3777.7325771550854,-3326.0568786549234,45.24948240524486,7
100,3868.231541965575,-3326.0568786549234,45.24948240524486,13
101,3958.730506776065,-3326.0568786549234,45.24948240524486,9
102,4049.2294715865546,-3326.0568786549234,45.24948240524486,7
103,4139.728436397044,-3326.0568786549234,45.24948240524486,11
104,4230.227401207534,-3326.0568786549234,45.24948240524486,12
105,4320.726366018023,-3326.0568786549234,45.24948240524486,7
106,4411.2253308285135,-3326.0568786549234,45.24948240524486,8
107,4501.724295639003,-3326.0568786549234,45.24948240524486,6
108,4592.223260449493,-3326.0568786549234,45.24948240524486,11
109,4682.722225259982,-3326.0568786549234,45.24948240524486,5
110,4773.2211900704715,-3326.0568786549234,45.24948240524486,9
111,4863.720154880962,-3326.0568786549234,45.24948240524486,12
112,4954.219119691452,-3326.0568786549234,45.24948240524486,14
113,5044.718084501941,-3326.0568786549234,45.24948240524486,5
114,5135.21704931243,-3326.0568786549234,45.24948240524486,7
115,5225.716014122921,-3326.0568786549234,45.24948240524486,10
116,5316.214978933411,-3326.0568786549234,45.24948240524486,14
117,5406.7139437439,-3326.0568786549234,45.24948240524486,15
118,3687.2336123445957,-3235.5579138444336,45.24948240524486,1
119,3777.7325771550854,-3235.5579138444336,45.24948240524486,9
120,3868.231541965575,-3235.5579138444336,45.24948240524486,13
121,3958.730506776065,-3235.5579138444336,45.24948240524486,7
122,4049.2294715865546,-3235.5579138444336,45.24948240524486,11
123,4139.728436397044,-3235.5579138444336,45.24948240524486,8
124,4230.227401207534,-3235.5579138444336,45.24948240524486,10
125,4320.726366018023,-3235.5579138444336,45.24948240524486,5
126,4411.2253308285135,-3235.5579138444336,45.24948240524486,4
127,4501.724295639003,-3235.5579138444336,45.24948240524486,8
128,4592.223260449493,-3235.5579138444336,45.24948240524486,7
129,4682.722225259982,-3235.5579138444336,45.24948240524486,3
130,4773.2211900704715,-3235.5579138444336,45.24948240524486,10
131,4863.720154880962,-3235.5579138444336,45.24948240524486,6
132,4954.219119691452,-3235.5579138444336,45.24948240524486,7
133,5044.718084501941,-3235.5579138444336,45.24948240524486,10
134,5135.21704931243,-3235.5579138444336,45.24948240524486,10
135,5225.716014122921,-3235.5579138444336,45.24948240524486,10
136,5316.214978933411,-3235.5579138444336,45.24948240524486,12
137,5406.7139437439,-3235.5579138444336,45.24948240524486,7
138,3687.2336123445957,-3145.058949033944,45.24948240524486,5
139,3777.7325771550854,-3145.058949033944,45.24948240524486,5
140,3868.231541965575,-3145.058949033944,45.24948240524486,8
141,3958.730506776065,-3145.058949033944,45.24948240524486,7
142,4049.2294715865546,-3145.058949033944,45.24948240524486,8
143,4139.728436397044,-3145.058949033944,45.24948240524486,9
144,4230.227401207534,-3145.058949033944,45.24948240524486,6
145,4320.726366018023,-3145.058949033944,45.24948240524486,7
146,4411.2253308285135,-3145.058949033944,45.24948240524486,3
147,4501.724295639003,-3145.058949033944,45.24948240524486,3
148,4592.223260449493,-3145.058949033944,45.24948240524486,6
149,4682.722225259982,-3145.058949033944,45.24948240524486,6
150,4773.2211900704715,-3145.058949033944,45.24948240524486,6
151,4863.720154880962,-3145.058949033944,45.24948240524486,8
152,4954.219119691452,-3145.058949033944,45.24948240524486,9
153,5044.718084501941,-3145.058949033944,45.24948240524486,10
154,5135.21704931243,-3145.058949033944,45.24948240524486,11
155,5225.716014122921,-3145.058949033944,45.24948240524486,13
156,5316.214978933411,-3145.058949033944,45.24948240524486,9
157,5406.7139437439,-3145.058949033944,45.24948240524486,15
158,3687.2336123445957,-3054.559984223454,45.24948240524486,1
159,3777.7325771550854,-3054.559984223454,45.24948240524486,9
160,3868.231541965575,-3054.559984223454,45.24948240524486,16
161,3958.730506776065,-3054.559984223454,45.24948240524486,10
162,4049.2294715865546,-3054.559984223454,45.24948240524486,5
163,4139.728436397044,-3054.559984223454,45.24948240524486,12
164,4230.227401207534,-3054.559984223454,45.24948240524486,12
165,4320.726366018023,-3054.559984223454,45.24948240524486,13
166,4411.2253308285135,-3054.559984223454,45.24948240524486,5
167,4501.724295639003,-3054.559984223454,45.24948240524486,10
168,4592.223260449493,-3054.559984223454,45.24948240524486,12
169,4682.722225259982,-3054.559984223454,45.24948240524486,5
170,4773.2211900704715,-3054.559984223454,45.24948240524486,11
171,4863.720154880962,-3054.559984223454,45.24948240524486,6
172,4954.219119691452,-3054.559984223454,45.24948240524486,10
173,5044.718084501941,-3054.559984223454,45.24948240524486,5
174,5135.21704931243,-3054.559984223454,45.24948240524486,9
175,5225.716014122921,-3054.559984223454,45.24948240524486,5
176,5316.214978933411,-3054.559984223454,45.24948240524486,10
177,5406.7139437439,-3054.559984223454,45.24948240524486,9
178,3687.2336123445957,-2964.0610194129645,45.24948240524486,3
179,3777.7325771550854,-2964.0610194129645,45.24948240524486,2
180,3868.231541965575,-2964.0610194129645,45.24948240524486,7
181,3958.730506776065,-2964.0610194129645,45.24948240524486,11
182,4049.2294715865546,-2964.0610194129645,45.24948240524486,11
183,4139.728436397044,-2964.0610194129645,45.24948240524486,8
184,4230.227401207534,-2964.0610194129645,45.24948240524486,9
185,4320.726366018023,-2964.0610194129645,45.24948240524486,9
186,4411.2253308285135,-2964.0610194129645,45.24948240524486,8
187,4501.724295639003,-2964.0610194129645,45.24948240524486,10
188,4592.223260449493,-2964.0610194129645,45.24948240524486,4
189,4682.722225259982,-2964.0610194129645,45.24948240524486,4
190,4773.2211900704715,-2964.0610194129645,45.24948240524486,7
191,4863.720154880962,-2964.0610194129645,45.24948240524486,6
192,4954.219119691452,-2964.0610194129645,45.24948240524486,12
193,5044.718084501941,-2964.0610194129645,45.24948240524486,9
194,5135.21704931243,-2964.0610194129645,45.24948240524486,12
195,5225.716014122921,-2964.0610194129645,45.24948240524486,8
196,5406.7139437439,-2964.0610194129645,45.24948240524486,3
197,3687.2336123445957,-2873.5620546024747,45.24948240524486,4
198,3777.7325771550854,-2873.5620546024747,45.24948240524486,6
199,3868.231541965575,-2873.5620546024747,45.24948240524486,4
200,3958.730506776065,-2873.5620546024747,45.24948240524486,14
201,4049.2294715865546,-2873.5620546024747,45.24948240524486,9
202,4139.728436397044,-2873.5620546024747,45.24948240524486,3
203,4230.227401207534,-2873.5620546024747,45.24948240524486,6
204,4320.726366018023,-2873.5620546024747,45.24948240524486,10
205,4411.2253308285135,-2873.5620546024747,45.24948240524486,11
206,4501.724295639003,-2873.5620546024747,45.24948240524486,6
207,4592.223260449493,-2873.5620546024747,45.24948240524486,8
208,4682.722225259982,-2873.5620546024747,45.24948240524486,10
209,4773.2211900704715,-2873.5620546024747,45.24948240524486,8
210,4863.720154880962,-2873.5620546024747,45.24948240524486,15
211,4954.219119691452,-2873.5620546024747,45.24948240524486,8
212,5044.718084501941,-2873.5620546024747,45.24948240524486,7
213,5135.21704931243,-2873.5620546024747,45.24948240524486,6
214,5225.716014122921,-2873.5620546024747,45.24948240524486,8
215,5316.214978933411,-2873.5620546024747,45.24948240524486,6
216,5406.7139437439,-2873.5620546024747,45.24948240524486,11
217,3687.2336123445957,-2783.063089791985,45.24948240524486,6
218,3777.7325771550854,-2783.063089791985,45.24948240524486,7
219,3868.231541965575,-2783.063089791985,45.24948240524486,2
220,3958.730506776065,-2783.063089791985,45.24948240524486,12
221,4049.2294715865546,-2783.063089791985,45.24948240524486,8
222,4139.728436397044,-2783.063089791985,45.24948240524486,6
223,4230.227401207534,-2783.063089791985,45.24948240524486,10
224,4320.726366018023,-2783.063089791985,45.24948240524486,13
225,4411.2253308285135,-2783.063089791985,45.24948240524486,4
226,4501.724295639003,-2783.063089791985,45.24948240524486,6
227,4592.223260449493,-2783.063089791985,45.24948240524486,9
228,4682.722225259982,-2783.063089791985,45.24948240524486,3
229,4773.2211900704715,-2783.063089791985,45.24948240524486,7
230,4863.720154880962,-2783.063089791985,45.24948240524486,12
231,4954.219119691452,-2783.063089791985,45.24948240524486,8
232,5044.718084501941,-2783.063089791985,45.24948240524486,10
233,5135.21704931243,-2783.063089791985,45.24948240524486,7
234,5225.716014122921,-2783.063089791985,45.24948240524486,12
235,5316.214978933411,-2783.063089791985,45.24948240524486,13
236,5406.7139437439,-2783.063089791985,45.24948240524486,13
237,3777.7325771550854,-2692.5641249814953,45.24948240524486,7
238,3868.231541965575,-2692.5641249814953,45.24948240524486,6
239,3958.730506776065,-2692.5641249814953,45.24948240524486,11
240,4049.2294715865546,-2692.5641249814953,45.24948240524486,14
241,4139.728436397044,-2692.5641249814953,45.24948240524486,6
242,4230.227401207534,-2692.5641249814953,45.24948240524486,8
243,4320.726366018023,-2692.5641249814953,45.24948240524486,13
244,4411.2253308285135,-2692.5641249814953,45.24948240524486,7
245,4501.724295639003,-2692.5641249814953,45.24948240524486,12
246,4592.223260449493,-2692.5641249814953,45.24948240524486,9
247,4682.722225259982,-2692.5641249814953,45.24948240524486,9
248,4773.2211900704715,-2692.5641249814953,45.24948240524486,12
249,4863.720154880962,-2692.5641249814953,45.24948240524486,6
250,4954.219119691452,-2692.5641249814953,45.24948240524486,9
251,5044.718084501941,-2692.5641249814953,45.24948240524486,9
252,5135.21704931243,-2692.5641249814953,45.24948240524486,9
253,5225.716014122921,-2692.5641249814953,45.24948240524486,4
254,5316.214978933411,-2692.5641249814953,45.24948240524486,12
255,5406.7139437439,-2692.5641249814953,45.24948240524486,8
256,3777.7325771550854,-2602.0651601710056,45.24948240524486,2
257,3868.231541965575,-2602.0651601710056,45.24948240524486,4
258,3958.730506776065,-2602.0651601710056,45.24948240524486,6
259,4049.2294715865546,-2602.0651601710056,45.24948240524486,7
260,4139.728436397044,-2602.0651601710056,45.24948240524486,8
261,4230.227401207534,-2602.0651601710056,45.24948240524486,11
262,4320.726366018023,-2602.0651601710056,45.24948240524486,9
263,4411.2253308285135,-2602.0651601710056,45.24948240524486,7
264,4501.724295639003,-2602.0651601710056,45.24948240524486,11
265,4592.223260449493,-2602.0651601710056,45.24948240524486,12
266,4682.722225259982,-2602.0651601710056,45.24948240524486,8
267,4773.2211900704715,-2602.0651601710056,45.24948240524486,4
268,4863.720154880962,-2602.0651601710056,45.24948240524486,8
269,4954.219119691452,-2602.0651601710056,45.24948240524486,11
270,5044.718084501941,-2602.0651601710056,45.24948240524486,7
271,5135.21704931243,-2602.0651601710056,45.24948240524486,7
272,5225.716014122921,-2602.0651601710056,45.24948240524486,6
273,5316.214978933411,-2602.0651601710056,45.24948240524486,9
274,5406.7139437439,-2602.0651601710056,45.24948240524486,5
275,3868.231541965575,-2511.566195360516,45.24948240524486,4
276,3958.730506776065,-2511.566195360516,45.24948240524486,5
277,4049.2294715865546,-2511.566195360516,45.24948240524486,5
278,4139.728436397044,-2511.566195360516,45.24948240524486,15
279,4230.227401207534,-2511.566195360516,45.24948240524486,9
280,4320.726366018023,-2511.566195360516,45.24948240524486,10
281,4411.2253308285135,-2511.566195360516,45.24948240524486,11
282,4501.724295639003,-2511.566195360516,45.24948240524486,12
283,4592.223260449493,-2511.566195360516,45.24948240524486,11
284,4682.722225259982,-2511.566195360516,45.24948240524486,4
285,4773.2211900704715,-2511.566195360516,45.24948240524486,12
286,4863.720154880962,-2511.566195360516,45.24948240524486,8
287,4954.219119691452,-2511.566195360516,45.24948240524486,5
288,5044.718084501941,-2511.566195360516,45.24948240524486,11
289,5135.21704931243,-2511.566195360516,45.24948240524486,10
290,5225.716014122921,-2511.566195360516,45.24948240524486,7
291,5316.214978933411,-2511.566195360516,45.24948240524486,9
292,5406.7139437439,-2511.566195360516,45.24948240524486,8
293,3868.231541965575,-2421.067230550026,45.24948240524486,1
294,3958.730506776065,-2421.067230550026,45.24948240524486,4
295,4049.2294715865546,-2421.067230550026,45.24948240524486,3
296,4139.728436397044,-2421.067230550026,45.24948240524486,4
297,4230.227401207534,-2421.067230550026,45.24948240524486,11
298,4320.726366018023,-2421.067230550026,45.24948240524486,9
299,4411.2253308285135,-2421.067230550026,45.24948240524486,9
300,4501.724295639003,-2421.067230550026,45.24948240524486,10
301,4592.223260449493,-2421.067230550026,45.24948240524486,8
302,4682.722225259982,-2421.067230550026,45.24948240524486,10
303,4773.2211900704715,-2421.067230550026,45.24948240524486,9
304,4863.720154880962,-2421.067230550026,45.24948240524486,8
305,4954.219119691452,-2421.067230550026,45.24948240524486,6
306,5044.718084501941,-2421.067230550026,45.24948240524486,11
307,5135.21704931243,-2421.067230550026,45.24948240524486,11
308,5225.716014122921,-2421.067230550026,45.24948240524486,8
309,5316.214978933411,-2421.067230550026,45.24948240524486,11
310,5406.7139437439,-2421.067230550026,45.24948240524486,9
311,4049.2294715865546,-2330.5682657395364,45.24948240524486,6
312,4139.728436397044,-2330.5682657395364,45.24948240524486,6
313,4230.227401207534,-2330.5682657395364,45.24948240524486,7
314,4320.726366018023,-2330.5682657395364,45.24948240524486,13
315,4411.2253308285135,-2330.5682657395364,45.24948240524486,10
316,4501.724295639003,-2330.5682657395364,45.24948240524486,8
317,4592.223260449493,-2330.5682657395364,45.24948240524486,5
318,4682.722225259982,-2330.5682657395364,45.24948240524486,13
319,4773.2211900704715,-2330.5682657395364,45.24948240524486,8
320,4863.720154880962,-2330.5682657395364,45.24948240524486,7
321,4954.219119691452,-2330.5682657395364,45.24948240524486,6
322,5044.718084501941,-2330.5682657395364,45.24948240524486,6
323,5135.21704931243,-2330.5682657395364,45.24948240524486,7
324,5225.716014122921,-2330.5682657395364,45.24948240524486,7
325,5316.214978933411,-2330.5682657395364,45.24948240524486,6
326,5406.7139437439,-2330.5682657395364,45.24948240524486,8
327,4049.2294715865546,-2240.0693009290467,45.24948240524486,4
328,4230.227401207534,-2240.0693009290467,45.24948240524486,5
329,4320.726366018023,-2240.0693009290467,45.24948240524486,9
330,4411.2253308285135,-2240.0693009290467,45.24948240524486,8
331,4501.724295639003,-2240.0693009290467,45.24948240524486,8
332,4592.223260449493,-2240.0693009290467,45.24948240524486,15
333,4682.722225259982,-2240.0693009290467,45.24948240524486,7
334,4773.2211900704715,-2240.0693009290467,45.24948240524486,9
335,4863.720154880962,-2240.0693009290467,45.24948240524486,8
336,4954.219119691452,-2240.0693009290467,45.24948240524486,7
337,5044.718084501941,-2240.0693009290467,45.24948240524486,5
338,5135.21704931243,-2240.0693009290467,45.24948240524486,5
339,5225.716014122921,-2240.0693009290467,45.24948240524486,7
340,5316.214978933411,-2240.0693009290467,45.24948240524486,12
341,5406.7139437439,-2240.0693009290467,45.24948240524486,7
342,4320.726366018023,-2149.570336118557,45.24948240524486,2
343,4411.2253308285135,-2149.570336118557,45.24948240524486,9
344,4501.724295639003,-2149.570336118557,45.24948240524486,13
345,4592.223260449493,-2149.570336118557,45.24948240524486,6
346,4682.722225259982,-2149.570336118557,45.24948240524486,7
347,4773.2211900704715,-2149.570336118557,45.24948240524486,10
348,4863.720154880962,-2149.570336118557,45.24948240524486,11
349,4954.219119691452,-2149.570336118557,45.24948240524486,10
350,5044.718084501941,-2149.570336118557,45.24948240524486,10
351,5135.21704931243,-2149.570336118557,45.24948240524486,3
352,5225.716014122921,-2149.570336118557,45.24948240524486,9
353,5316.214978933411,-2149.570336118557,45.24948240524486,3
354,5406.7139437439,-2149.570336118557,45.24948240524486,7
355,4320.726366018023,-2059.0713713080672,45.24948240524486,3
356,4411.2253308285135,-2059.0713713080672,45.24948240524486,3
357,4501.724295639003,-2059.0713713080672,45.24948240524486,17
358,4592.223260449493,-2059.0713713080672,45.24948240524486,7
359,4682.722225259982,-2059.0713713080672,45.24948240524486,8
360,4773.2211900704715,-2059.0713713080672,45.24948240524486,4
361,4863.720154880962,-2059.0713713080672,45.24948240524486,6
362,4954.219119691452,-2059.0713713080672,45.24948240524486,9
363,5044.718084501941,-2059.0713713080672,45.24948240524486,10
364,5135.21704931243,-2059.0713713080672,45.24948240524486,10
365,5225.716014122921,-2059.0713713080672,45.24948240524486,8
366,5316.214978933411,-2059.0713713080672,45.24948240524486,7
367,5406.7139437439,-2059.0713713080672,45.24948240524486,6
368,4411.2253308285135,-1968.5724064975775,45.24948240524486,1
369,4501.724295639003,-1968.5724064975775,45.24948240524486,4
370,4592.223260449493,-1968.5724064975775,45.24948240524486,10
371,4682.722225259982,-1968.5724064975775,45.24948240524486,8
372,4773.2211900704715,-1968.5724064975775,45.24948240524486,14
373,4863.720154880962,-1968.5724064975775,45.24948240524486,5
374,4954.219119691452,-1968.5724064975775,45.24948240524486,8
375,5044.718084501941,-1968.5724064975775,45.24948240524486,8
376,5135.21704931243,-1968.5724064975775,45.24948240524486,9
377,5225.716014122921,-1968.5724064975775,45.24948240524486,12
378,5316.214978933411,-1968.5724064975775,45.24948240524486,10
379,5406.7139437439,-1968.5724064975775,45.24948240524486,8
380,4411.2253308285135,-1878.0734416870878,45.24948240524486,8
381,4501.724295639003,-1878.0734416870878,45.24948240524486,3
382,4592.223260449493,-1878.0734416870878,45.24948240524486,6
383,4682.722225259982,-1878.0734416870878,45.24948240524486,9
384,4773.2211900704715,-1878.0734416870878,45.24948240524486,9
385,4863.720154880962,-1878.0734416870878,45.24948240524486,13
386,4954.219119691452,-1878.0734416870878,45.24948240524486,12
387,5044.718084501941,-1878.0734416870878,45.24948240524486,6
388,5135.21704931243,-1878.0734416870878,45.24948240524486,10
389,5225.716014122921,-1878.0734416870878,45.24948240524486,7
390,5316.214978933411,-1878.0734416870878,45.24948240524486,9
391,5406.7139437439,-1878.0734416870878,45.24948240524486,11
392,4501.724295639003,-1787.574476876598,45.24948240524486,8
393,4592.223260449493,-1787.574476876598,45.24948240524486,4
394,4682.722225259982,-1787.574476876598,45.24948240524486,4
395,4773.2211900704715,-1787.574476876598,45.24948240524486,3
396,4863.720154880962,-1787.574476876598,45.24948240524486,5
397,4954.219119691452,-1787.574476876598,45.24948240524486,9
398,5044.718084501941,-1787.574476876598,45.24948240524486,8
399,5135.21704931243,-1787.574476876598,45.24948240524486,9
400,5225.716014122921,-1787.574476876598,45.24948240524486,6
401,5316.214978933411,-1787.574476876598,45.24948240524486,12
402,5406.7139437439,-1787.574476876598,45.24948240524486,7
403,4682.722225259982,-1697.0755120661083,45.24948240524486,5
404,4773.2211900704715,-1697.0755120661083,45.24948240524486,5
405,4863.720154880962,-1697.0755120661083,45.24948240524486,4
406,4954.219119691452,-1697.0755120661083,45.24948240524486,4
407,5044.718084501941,-1697.0755120661083,45.24948240524486,6
408,5135.21704931243,-1697.0755120661083,45.24948240524486,10
409,5225.716014122921,-1697.0755120661083,45.24948240524486,12
410,5316.214978933411,-1697.0755120661083,45.24948240524486,11
411,5406.7139437439,-1697.0755120661083,45.24948240524486,11
412,4773.2211900704715,-1606.5765472556186,45.24948240524486,1
413,4863.720154880962,-1606.5765472556186,45.24948240524486,2
414,4954.219119691452,-1606.5765472556186,45.24948240524486,4
415,5044.718084501941,-1606.5765472556186,45.24948240524486,4
416,5135.21704931243,-1606.5765472556186,45.24948240524486,3
417,5225.716014122921,-1606.5765472556186,45.24948240524486,3
418,5316.214978933411,-1606.5765472556186,45.24948240524486,1
419,5406.7139437439,-1606.5765472556186,45.24948240524486,10
420,5135.21704931243,-1516.0775824451289,45.24948240524486,6
421,5225.716014122921,-1516.0775824451289,45.24948240524486,7
422,5316.214978933411,-1516.0775824451289,45.24948240524486,5
423,5406.7139437439,-1516.0775824451289,45.24948240524486,5
